ax-b01-correct-000	crates/axiom-ir/tests/fixtures/v0.2/migrated/ax-b01-correct.jcs	sha256:9a62d3b9397f2db664786d64ad77b848a53c46e62186edc29d2c31f665db9f2a	sha256:4f97f098d0782f88070ab89ced9749d603fe316f79c826f828b3561ce51711f5	contracts/core-field-origin-v0.1/records/ax-b01-correct-000.jcs	sha256:7b16b39b8d31689ba2c5b16fafa277a4317d3d78ef868a08faf585c33c8f48af	41	83	189	510	14263	0
ax-b01-correct-001	crates/axiom-ir/tests/fixtures/v0.2/migrated/ax-b01-correct.jcs	sha256:9a62d3b9397f2db664786d64ad77b848a53c46e62186edc29d2c31f665db9f2a	sha256:e4b0331b7d9caf004b695af957e6e2751bed2d666515634d7295e4f72847671a	contracts/core-field-origin-v0.1/records/ax-b01-correct-001.jcs	sha256:fc14a4e72c7f5de469c79ad6da997f99f97b5406a594925036c86537cb44facd	41	83	189	510	14265	0
ax-b01-wrong-add-000	crates/axiom-ir/tests/fixtures/v0.2/migrated/ax-b01-wrong-add.jcs	sha256:10e99922b4fe1c1490703b6e61dcc13e810b6dbfd5ffa1a444314a7d201fc970	sha256:2c450f6d3ad69780e06d504e16c2ed57824810ad8f35925d99c329926fd7b959	contracts/core-field-origin-v0.1/records/ax-b01-wrong-add-000.jcs	sha256:e7f8b685b46f5a49305817acb1d968c1c2f0d7dd3aa5a4a8471ca725926183fa	41	83	189	532	14285	0
ax-b01-wrong-add-001	crates/axiom-ir/tests/fixtures/v0.2/migrated/ax-b01-wrong-add.jcs	sha256:10e99922b4fe1c1490703b6e61dcc13e810b6dbfd5ffa1a444314a7d201fc970	sha256:41d19d4e978d7288edd877ef233a69cbeac82fd76fc0ca128d23fcfdca5ef55f	contracts/core-field-origin-v0.1/records/ax-b01-wrong-add-001.jcs	sha256:e74249251ee722699ad9981485a4a5e677b9bc137a91bda170aabb8b089f4938	41	83	189	532	14287	0
ax-b01-wrong-drop-zero-000	crates/axiom-ir/tests/fixtures/v0.2/migrated/ax-b01-wrong-drop-zero.jcs	sha256:445cb216e2b5d2a7dc4f4ddf630da757b725312f2a25fef5bb5d947f0eb6ca30	sha256:6d406f2b1b8f0bac26f0865b42a9688f17aff6f3e829f619b139a05f723821c8	contracts/core-field-origin-v0.1/records/ax-b01-wrong-drop-zero-000.jcs	sha256:105b686861a9bcd70e7e928cca5e79d612a709e4d6b7cfb2516b3a81c586c583	48	103	217	819	17061	0
ax-b01-wrong-drop-zero-001	crates/axiom-ir/tests/fixtures/v0.2/migrated/ax-b01-wrong-drop-zero.jcs	sha256:445cb216e2b5d2a7dc4f4ddf630da757b725312f2a25fef5bb5d947f0eb6ca30	sha256:a355bbdec043563ff27fd7639d94cacf7981e6a5d53a20a558868b72529d2630	contracts/core-field-origin-v0.1/records/ax-b01-wrong-drop-zero-001.jcs	sha256:d95a1e319a1236d98a60e4165a074f2c4dc80b888085f4019273580e18a0e1e4	48	103	217	819	17063	0
ax-b02-correct-000	crates/axiom-ir/tests/fixtures/v0.2/migrated/ax-b02-correct.jcs	sha256:bcd84b4f18419055f06a639540ceaaeb26095e17169747cc13c7730289d0ab28	sha256:5576fb8399283fa8ecbdbe3a97baba1e33da2d39db72c8216166fc8433533cef	contracts/core-field-origin-v0.1/records/ax-b02-correct-000.jcs	sha256:4f63dc8e6ee5599531fc3fbc24a9a1e4ef040e215625163a7ec2d96f61370aae	38	68	181	361	12847	0
ax-b02-correct-001	crates/axiom-ir/tests/fixtures/v0.2/migrated/ax-b02-correct.jcs	sha256:bcd84b4f18419055f06a639540ceaaeb26095e17169747cc13c7730289d0ab28	sha256:df40af8bf5ba8873df6584cbb1de11be15ba531a2a8e30a89de8d4a4b013f775	contracts/core-field-origin-v0.1/records/ax-b02-correct-001.jcs	sha256:ba662b8b0255fce22413d21eec9307330ce30d1664ff94df77b4512439346e18	38	68	181	361	12855	0
ax-b02-wrong-constant-tier-000	crates/axiom-ir/tests/fixtures/v0.2/migrated/ax-b02-wrong-constant-tier.jcs	sha256:a5db5a3aab850a4a760aee4b8b504af2e93b96f92d32cb72d05b92ac28428cef	sha256:6c06ac557267fbd629916e1723cde1ad8f122b67615a9e9ee35163e12ecd662e	contracts/core-field-origin-v0.1/records/ax-b02-wrong-constant-tier-000.jcs	sha256:96c5f6e4ecb52cb024ff5021edd82221b670397ed7210daeba130b7cc41ac497	37	63	177	325	11270	0
ax-b02-wrong-constant-tier-001	crates/axiom-ir/tests/fixtures/v0.2/migrated/ax-b02-wrong-constant-tier.jcs	sha256:a5db5a3aab850a4a760aee4b8b504af2e93b96f92d32cb72d05b92ac28428cef	sha256:ca5487f7689aa38b0985c5d48f9697d4b15ac3f222934c34e1fb3f8737f3716e	contracts/core-field-origin-v0.1/records/ax-b02-wrong-constant-tier-001.jcs	sha256:76b3d2027f299c315a1dfea6b3a68f8d370582affdc1149a56595e01fc46e2cd	37	63	177	325	11278	0
ax-b02-wrong-region-join-000	crates/axiom-ir/tests/fixtures/v0.2/migrated/ax-b02-wrong-region-join.jcs	sha256:b9330e8d9000c11dc5c4a02397b08d13fc640636487aeb219b3ca6c5deee05bb	sha256:8b8df7868ef97a70410cbb3bafc7bb06dbb02df4972f67b453dbb2ee162c6110	contracts/core-field-origin-v0.1/records/ax-b02-wrong-region-join-000.jcs	sha256:c2e1ffe09d6a1e3150c826666be8931f70e9fe3382f3f72e0f8f086e6d005430	38	68	181	361	12847	0
ax-b02-wrong-region-join-001	crates/axiom-ir/tests/fixtures/v0.2/migrated/ax-b02-wrong-region-join.jcs	sha256:b9330e8d9000c11dc5c4a02397b08d13fc640636487aeb219b3ca6c5deee05bb	sha256:e3cec1c49c76d9dbb3328ff9d1d046a37d728235ec79d18f126ec7bc7b493ca5	contracts/core-field-origin-v0.1/records/ax-b02-wrong-region-join-001.jcs	sha256:eee4c926518aba6acdab612f085115517e91e181808401a29878f6ec3eedc239	38	68	181	361	12855	0
ax-b03-correct-000	crates/axiom-ir/tests/fixtures/v0.2/migrated/ax-b03-correct.jcs	sha256:dd7c95e3b1ba9126366ff2828ad9c40dfd37b16e784a03ac14574a93ef71189a	sha256:40958429fc7f2c2537c611d5b8f4281f0a5f433cd7129906c125c854a571b603	contracts/core-field-origin-v0.1/records/ax-b03-correct-000.jcs	sha256:2bc8e614024a7933af8cb175f9e4b817dee221449252b096030866f110b4b87c	23	40	112	178	6884	0
ax-b03-correct-001	crates/axiom-ir/tests/fixtures/v0.2/migrated/ax-b03-correct.jcs	sha256:dd7c95e3b1ba9126366ff2828ad9c40dfd37b16e784a03ac14574a93ef71189a	sha256:98bb7c7fd27be234e35f199f835da43634837ddf5ff01c35eab70b1f3b9097ff	contracts/core-field-origin-v0.1/records/ax-b03-correct-001.jcs	sha256:16ebf7666fe4e3a45075f0f3593849db07afe00153db75f60f7fc2189dea971b	23	40	112	178	6886	0
ax-b03-correct-002	crates/axiom-ir/tests/fixtures/v0.2/migrated/ax-b03-correct.jcs	sha256:dd7c95e3b1ba9126366ff2828ad9c40dfd37b16e784a03ac14574a93ef71189a	sha256:db261a17fac23c54e7d85dba5167c19afc290b8d957233473bef7af9ed704834	contracts/core-field-origin-v0.1/records/ax-b03-correct-002.jcs	sha256:351de4f79d62154784e1fb98cb811369ceaf9d507aff13c3e3d0e1aee3b41007	23	40	112	178	6886	0
ax-b03-wrong-single-group-000	crates/axiom-ir/tests/fixtures/v0.2/migrated/ax-b03-wrong-single-group.jcs	sha256:12f6a2b66e5e7bd260a2510de3aa367ff3746d9dc2bee192d4117c571a81083f	sha256:78f14d4a260a682833a046d33b6daef70ca947dba33067760d532b6e9b59b38c	contracts/core-field-origin-v0.1/records/ax-b03-wrong-single-group-000.jcs	sha256:2252a12eaad67b06338fd8fa87f41a33a17be68686756f729f88f7a85fa51dbc	34	66	161	379	11240	0
ax-b03-wrong-single-group-001	crates/axiom-ir/tests/fixtures/v0.2/migrated/ax-b03-wrong-single-group.jcs	sha256:12f6a2b66e5e7bd260a2510de3aa367ff3746d9dc2bee192d4117c571a81083f	sha256:ac6bfa3bbbb349d8f76cb8f5ff21c3ec55f3b5129848682377a3b8ca95051da6	contracts/core-field-origin-v0.1/records/ax-b03-wrong-single-group-001.jcs	sha256:252d28b36f54ef4e40890ab7e57a92e7a7d5a571f543247f33e788c05ad8e570	34	66	161	379	11238	0
ax-b03-wrong-single-group-002	crates/axiom-ir/tests/fixtures/v0.2/migrated/ax-b03-wrong-single-group.jcs	sha256:12f6a2b66e5e7bd260a2510de3aa367ff3746d9dc2bee192d4117c571a81083f	sha256:aefd634ccc260792244f774b570de5aa296b7fa4ea66cbab32609a4fd85bc3bb	contracts/core-field-origin-v0.1/records/ax-b03-wrong-single-group-002.jcs	sha256:80144d9db5c324f5b6a390da5893a700b8e8cadc9d3c3b938f40f184f0ff7b9e	34	66	161	379	11240	0
ax-b03-wrong-unit-sum-000	crates/axiom-ir/tests/fixtures/v0.2/migrated/ax-b03-wrong-unit-sum.jcs	sha256:f466e41029f3b4d36db109a39b6a9398940d8dc3e52679848e4b2856f9071452	sha256:11d92031d625deefab0ecc2b594fdc2d18fb095a5054b24e618fab3542957f0a	contracts/core-field-origin-v0.1/records/ax-b03-wrong-unit-sum-000.jcs	sha256:019918fa802d9d0fc9b08290cb7eb78fdb94a628ea86763cd0749490189cb19e	34	66	161	379	11236	0
ax-b03-wrong-unit-sum-001	crates/axiom-ir/tests/fixtures/v0.2/migrated/ax-b03-wrong-unit-sum.jcs	sha256:f466e41029f3b4d36db109a39b6a9398940d8dc3e52679848e4b2856f9071452	sha256:346cfc1492816c1b24e4dd21a3fadf4b772ff55ae10564c2848a9df1bf2479a3	contracts/core-field-origin-v0.1/records/ax-b03-wrong-unit-sum-001.jcs	sha256:779866b81f3bd3f57b1d4ed4fec7e41459aa52672dc932f925b1c9d1cff6e703	34	66	161	379	11238	0
ax-b03-wrong-unit-sum-002	crates/axiom-ir/tests/fixtures/v0.2/migrated/ax-b03-wrong-unit-sum.jcs	sha256:f466e41029f3b4d36db109a39b6a9398940d8dc3e52679848e4b2856f9071452	sha256:e6c4dc387f2880b6df3d2126a076227f1a6cfcacdb4004daea48fd547d348730	contracts/core-field-origin-v0.1/records/ax-b03-wrong-unit-sum-002.jcs	sha256:52db8fad5d12cc6d77f5a5fdf18fe4ee846454e9b69a15c07c9be2be4e3d40fd	34	66	161	379	11238	0
ax-b04-correct-000	crates/axiom-ir/tests/fixtures/v0.2/migrated/ax-b04-correct.jcs	sha256:ed2d245a23c4a1fdc8b44bba16200c56b738a1f82a02066ed0e2566a9d67d5c1	sha256:07ee6f952daaf52db4e354a022843c8386dfb8fb88ad988f81a590d96ad1f6d4	contracts/core-field-origin-v0.1/records/ax-b04-correct-000.jcs	sha256:1712b238e730e7e16b00df9f05f5623c1b823cd5f00c6454362f67e2baf4c3ad	33	61	152	405	11315	0
ax-b04-correct-001	crates/axiom-ir/tests/fixtures/v0.2/migrated/ax-b04-correct.jcs	sha256:ed2d245a23c4a1fdc8b44bba16200c56b738a1f82a02066ed0e2566a9d67d5c1	sha256:5e195b46d5dfc3cadf38e77be44e53022230f6eed6cc5e723692499e476b78c9	contracts/core-field-origin-v0.1/records/ax-b04-correct-001.jcs	sha256:c1fdf6a6a070716e71b3e9e7affd478fa5c62d9600d03b1150b538b4c4f50d9f	33	61	152	405	11313	0
ax-b04-correct-002	crates/axiom-ir/tests/fixtures/v0.2/migrated/ax-b04-correct.jcs	sha256:ed2d245a23c4a1fdc8b44bba16200c56b738a1f82a02066ed0e2566a9d67d5c1	sha256:957b0dd8dd681e993285e286420e9d167ff378d996f5f9f1cc183b4c7505cbdb	contracts/core-field-origin-v0.1/records/ax-b04-correct-002.jcs	sha256:34dc21a0f3049582bef005720aa712b41ea87f69fbca25e2423af5e201d0ad15	33	61	152	405	11313	0
ax-b04-wrong-sensitive-filter-000	crates/axiom-ir/tests/fixtures/v0.2/migrated/ax-b04-wrong-sensitive-filter.jcs	sha256:02d039ef31e8026a4c6e5059bb51546b86fa27bcdcdc6ff2a5de3da2b626ef5c	sha256:59761080395d8d6dc06b9aac6fd01e82df61c7ccb932ddfb7d4fff50580a4b92	contracts/core-field-origin-v0.1/records/ax-b04-wrong-sensitive-filter-000.jcs	sha256:66191d7f3a7fa803b41c92e3fd3f27a67bae492c9367c09dcf36af3950ac0415	45	91	205	504	15684	0
ax-b04-wrong-sensitive-filter-001	crates/axiom-ir/tests/fixtures/v0.2/migrated/ax-b04-wrong-sensitive-filter.jcs	sha256:02d039ef31e8026a4c6e5059bb51546b86fa27bcdcdc6ff2a5de3da2b626ef5c	sha256:5cd8bfea9185e39f3e639b757f694d8f8dd3a2551c7b01c75f215d6f69e6a108	contracts/core-field-origin-v0.1/records/ax-b04-wrong-sensitive-filter-001.jcs	sha256:2f15d3aa7aa512ab9a2422ba8805fae886a9370625abb8c38489724be5bc7ace	45	91	205	504	15686	0
ax-b04-wrong-sensitive-filter-002	crates/axiom-ir/tests/fixtures/v0.2/migrated/ax-b04-wrong-sensitive-filter.jcs	sha256:02d039ef31e8026a4c6e5059bb51546b86fa27bcdcdc6ff2a5de3da2b626ef5c	sha256:df58c1739fed004ffdb4e0622cf24b1487f2273c61d52fd54fc9a8bea9268260	contracts/core-field-origin-v0.1/records/ax-b04-wrong-sensitive-filter-002.jcs	sha256:b40feec656946b6100eb47083a14bd626f3a1c5989bbc5de34cc6a4737e76df7	45	91	205	504	15684	0
ax-b04-wrong-sensitive-priority-000	crates/axiom-ir/tests/fixtures/v0.2/migrated/ax-b04-wrong-sensitive-priority.jcs	sha256:282604938afd465611ac1684db3490c2dfcaf137d418d48c7395eeec60c11cfb	sha256:15ddebe826b602332cab840298a4460f76bb75637404a746b2a1f418515a5621	contracts/core-field-origin-v0.1/records/ax-b04-wrong-sensitive-priority-000.jcs	sha256:de78b0a1d280ce0e222dbdc7b4c4641cd10c240419dbb863361a64ec9c5d8c26	38	71	172	624	13226	1
ax-b04-wrong-sensitive-priority-001	crates/axiom-ir/tests/fixtures/v0.2/migrated/ax-b04-wrong-sensitive-priority.jcs	sha256:282604938afd465611ac1684db3490c2dfcaf137d418d48c7395eeec60c11cfb	sha256:1df2da9a8a8b1d4d0f18093115ef5c4f743f2bfd052fbc514faaa7477a7e245e	contracts/core-field-origin-v0.1/records/ax-b04-wrong-sensitive-priority-001.jcs	sha256:8246cf543678722af12321df563711e4ed0afd29f09c303fd60b1c366975fa81	38	71	172	624	13232	1
ax-b04-wrong-sensitive-priority-002	crates/axiom-ir/tests/fixtures/v0.2/migrated/ax-b04-wrong-sensitive-priority.jcs	sha256:282604938afd465611ac1684db3490c2dfcaf137d418d48c7395eeec60c11cfb	sha256:44d6c377c7af474400831ae604b364257c7dae63890989424d5745fc588444fd	contracts/core-field-origin-v0.1/records/ax-b04-wrong-sensitive-priority-002.jcs	sha256:9bc972cf40fa191bf68a5b9729d43a195da1513998bcee0d6d6d99f6ea57fddc	38	71	172	624	13228	1
node-000	crates/axiom-ir/tests/fixtures/v0.2/migrated/node.jcs	sha256:43e9463dd7aadbf2d2a8e1d96376788e3b981befcc7897fca9140b764c285894	sha256:7a1c99ce1b92a33c15ec46d466e3678b1032b42519c8a1973f02321e2b6276a8	contracts/core-field-origin-v0.1/records/node-000.jcs	sha256:e666a05e64defebe66e2aa1cd62a08700b67b38c8bf9916e621cd9d58c89c97e	77	181	345	999	26478	0
node-001	crates/axiom-ir/tests/fixtures/v0.2/migrated/node.jcs	sha256:43e9463dd7aadbf2d2a8e1d96376788e3b981befcc7897fca9140b764c285894	sha256:7dcb0f2266830cf26affbb97d8fecc33b915c8c6be794a2a75c02419144c2fee	contracts/core-field-origin-v0.1/records/node-001.jcs	sha256:e3ef6f7e9b5da52fa15688a98483e41accfbb8fc1ddb7f1c44a4269ffa7091c1	77	181	345	999	26478	0
node-002	crates/axiom-ir/tests/fixtures/v0.2/migrated/node.jcs	sha256:43e9463dd7aadbf2d2a8e1d96376788e3b981befcc7897fca9140b764c285894	sha256:d2d798b241d37ce1604b3eb6ada6bdb4ecf40d862f6e8937868c055a02da8f6d	contracts/core-field-origin-v0.1/records/node-002.jcs	sha256:fa1f6ee1aa0eec3c5389d65c496687b232239032b511a4b18c8707b77d3fa109	77	181	345	999	26480	0
node-003	crates/axiom-ir/tests/fixtures/v0.2/migrated/node.jcs	sha256:43e9463dd7aadbf2d2a8e1d96376788e3b981befcc7897fca9140b764c285894	sha256:e3da323706d8d11471b8ec228eba629e8b1edbd193684ea710c5c02dd7b8946e	contracts/core-field-origin-v0.1/records/node-003.jcs	sha256:198d9d1de89dd77f61ffd684bd777353b54c72bd805a6b3cd75fbc248e6d28c5	77	181	345	999	26482	0
contract-000	crates/axiom-ir/tests/fixtures/v0.2/migrated/contract.jcs	sha256:0a760f195e35bfa47e187494576d997b0f433bc6cabf3847e5459c05b07aeb2b	sha256:0ee20623517336ff845a2d95000fc79cf3e28ebb3bb910ef5762cfa35f262082	contracts/core-field-origin-v0.1/records/contract-000.jcs	sha256:c404c70143c9597587dec8925042bed64029af28bfea54eabe8f837486024deb	59	123	266	387	6418	0
contract-001	crates/axiom-ir/tests/fixtures/v0.2/migrated/contract.jcs	sha256:0a760f195e35bfa47e187494576d997b0f433bc6cabf3847e5459c05b07aeb2b	sha256:1429bec529918e00fc0912e4732a568521c9c8ff28feff1af6d576ddd73aa679	contracts/core-field-origin-v0.1/records/contract-001.jcs	sha256:4ebcc82317085a08cfa16bf8ccaf57c1016216a58bb98449569bc58f9595d3f4	59	123	266	387	4390	0
contract-002	crates/axiom-ir/tests/fixtures/v0.2/migrated/contract.jcs	sha256:0a760f195e35bfa47e187494576d997b0f433bc6cabf3847e5459c05b07aeb2b	sha256:1c44d9767215d5f958e7a3e4161cb8f42827669fbfecf6dd0e2801bae0ad2116	contracts/core-field-origin-v0.1/records/contract-002.jcs	sha256:f1fd3a0bbc0690e219fe87d8d87bdfcbe2a9db39f91d3b593c424a0a741399b4	59	123	266	387	4387	0
contract-003	crates/axiom-ir/tests/fixtures/v0.2/migrated/contract.jcs	sha256:0a760f195e35bfa47e187494576d997b0f433bc6cabf3847e5459c05b07aeb2b	sha256:28006250a1495da7874b8fe25c750cbfae2f82682ceae10f3a5440e8328790ec	contracts/core-field-origin-v0.1/records/contract-003.jcs	sha256:1eb1257d316ee69245d86d0b16ec975627f5b8d73a0c224f24529cf2602c73f9	59	123	266	387	4392	0
contract-004	crates/axiom-ir/tests/fixtures/v0.2/migrated/contract.jcs	sha256:0a760f195e35bfa47e187494576d997b0f433bc6cabf3847e5459c05b07aeb2b	sha256:291f66d3c660104d83e4724c778a1f29e9cfaae9f7f0d5a5772e8014002f8df4	contracts/core-field-origin-v0.1/records/contract-004.jcs	sha256:7cb5676b2aafb11b0421852a88e0da8bc30cb952cfedc0435e232d512802e176	59	123	266	387	4389	0
contract-005	crates/axiom-ir/tests/fixtures/v0.2/migrated/contract.jcs	sha256:0a760f195e35bfa47e187494576d997b0f433bc6cabf3847e5459c05b07aeb2b	sha256:2f799df7a370654142bc579083635d2fbb10d9c6c830d070cd674f5a442c5516	contracts/core-field-origin-v0.1/records/contract-005.jcs	sha256:2eb011d28da0e911d2b4335cce6fc3d7facdc7903e88c9117c8f21630bddb61d	59	123	266	387	4390	0
contract-006	crates/axiom-ir/tests/fixtures/v0.2/migrated/contract.jcs	sha256:0a760f195e35bfa47e187494576d997b0f433bc6cabf3847e5459c05b07aeb2b	sha256:314685c6f87bb59ff95f3888d583e672cb783bb1d38ef1e27b2ef2ad78329bfe	contracts/core-field-origin-v0.1/records/contract-006.jcs	sha256:03a46b9e5b16e1532bbf50f656e5d3fbfdc5900e108fcac669f81fcfb49d2bb9	59	123	266	387	4390	0
contract-007	crates/axiom-ir/tests/fixtures/v0.2/migrated/contract.jcs	sha256:0a760f195e35bfa47e187494576d997b0f433bc6cabf3847e5459c05b07aeb2b	sha256:3a676c88e6a8f5b76870f52603463413ab10528cb8ffb41adc237422f92d8513	contracts/core-field-origin-v0.1/records/contract-007.jcs	sha256:cc82dc97d17f0c6abdf5c69a013c151c186a7c588b77162563fdbde1651eabeb	59	123	266	387	4388	0
contract-008	crates/axiom-ir/tests/fixtures/v0.2/migrated/contract.jcs	sha256:0a760f195e35bfa47e187494576d997b0f433bc6cabf3847e5459c05b07aeb2b	sha256:3b56e84f505edbf2a5110f0972ebaf79c2435f6339b81f5663e77eb11e14c347	contracts/core-field-origin-v0.1/records/contract-008.jcs	sha256:f8046a000a75d3656c249009aff62647e6280a4bbe9f6b634ac5486808825668	59	123	266	387	4387	0
contract-009	crates/axiom-ir/tests/fixtures/v0.2/migrated/contract.jcs	sha256:0a760f195e35bfa47e187494576d997b0f433bc6cabf3847e5459c05b07aeb2b	sha256:55b5dc5bdde9109c4d70116b5ead89528942cb697e09628f7412e8e844281375	contracts/core-field-origin-v0.1/records/contract-009.jcs	sha256:bf6fe6a28be2a788985b938d710bd3bda97c7e70f3c7c2bc488a1b7b6ed31031	59	123	266	387	4384	0
contract-010	crates/axiom-ir/tests/fixtures/v0.2/migrated/contract.jcs	sha256:0a760f195e35bfa47e187494576d997b0f433bc6cabf3847e5459c05b07aeb2b	sha256:574aa61f2ee1ab10958b3c8229e3da3745697d09acd1269465ba94b89b38d3fb	contracts/core-field-origin-v0.1/records/contract-010.jcs	sha256:c0e4135ba8638eb35c628f2958e3f11d6e4d8cf8960920b4744521a3be5231d4	59	123	266	387	6414	0
contract-011	crates/axiom-ir/tests/fixtures/v0.2/migrated/contract.jcs	sha256:0a760f195e35bfa47e187494576d997b0f433bc6cabf3847e5459c05b07aeb2b	sha256:5c53006b6a3344f82629f49d110c185fd5d972f7e8abe5ff952be529a9ee1cf1	contracts/core-field-origin-v0.1/records/contract-011.jcs	sha256:57e065ba1b5bae507effb12579d9a729b44abe15a8bd1bbf747c33ae1c135c31	59	123	266	387	4385	0
contract-012	crates/axiom-ir/tests/fixtures/v0.2/migrated/contract.jcs	sha256:0a760f195e35bfa47e187494576d997b0f433bc6cabf3847e5459c05b07aeb2b	sha256:692038d523563ec75f2c13646f31ef6b3edeb3d086e5a8b2555301932e2d5fd3	contracts/core-field-origin-v0.1/records/contract-012.jcs	sha256:534760416da9352f9dce986d1f834981f1c53c13ca1a2a421fc429ab1503f9ef	59	123	266	387	4388	0
contract-013	crates/axiom-ir/tests/fixtures/v0.2/migrated/contract.jcs	sha256:0a760f195e35bfa47e187494576d997b0f433bc6cabf3847e5459c05b07aeb2b	sha256:86af03512cd8c2f661556bd51a002083400c209bbcc5bf582f5e9a931f4b776b	contracts/core-field-origin-v0.1/records/contract-013.jcs	sha256:ff0be2e33445b5a49f6cc8e4c318ac3680dfde2c58792bb774600aca0e5a373a	59	123	266	387	4390	0
contract-014	crates/axiom-ir/tests/fixtures/v0.2/migrated/contract.jcs	sha256:0a760f195e35bfa47e187494576d997b0f433bc6cabf3847e5459c05b07aeb2b	sha256:910a08cdcd6994018813f0e75f765686a9755b7a9ac2c3566e775700d705911c	contracts/core-field-origin-v0.1/records/contract-014.jcs	sha256:ca1409d0640cbccd1e438a0b42c93834bec59048cba9ec361803d4cf86a22809	59	123	266	387	6418	0
contract-015	crates/axiom-ir/tests/fixtures/v0.2/migrated/contract.jcs	sha256:0a760f195e35bfa47e187494576d997b0f433bc6cabf3847e5459c05b07aeb2b	sha256:9ddfbda4ee974b0bb731a35b97f1c05e611d408e9d159400f82de73d324e6bda	contracts/core-field-origin-v0.1/records/contract-015.jcs	sha256:a6197cab8a5caf75bb189a866277adc34e15eb5dc8ef0482765d87ea53a8dd7b	59	123	266	387	6414	0
contract-016	crates/axiom-ir/tests/fixtures/v0.2/migrated/contract.jcs	sha256:0a760f195e35bfa47e187494576d997b0f433bc6cabf3847e5459c05b07aeb2b	sha256:ac81367a36f6225db10f54f7ff477ccce259e1b79311e9fc1ee0ea0847a5740b	contracts/core-field-origin-v0.1/records/contract-016.jcs	sha256:49ca8bdbfd34562f105d7365c9db4489e263f315121b9e73cae838a4da98faea	59	123	266	387	4386	0
contract-017	crates/axiom-ir/tests/fixtures/v0.2/migrated/contract.jcs	sha256:0a760f195e35bfa47e187494576d997b0f433bc6cabf3847e5459c05b07aeb2b	sha256:b3960d0bbb63595aaa80b65b08c9c83f3d4ea41381c9b1206361861ac255f293	contracts/core-field-origin-v0.1/records/contract-017.jcs	sha256:90782f01dd7a0b07970e78f0e4f11472eafe255fb041c91513ae1b8bef4b2ca1	59	123	266	387	4392	0
contract-018	crates/axiom-ir/tests/fixtures/v0.2/migrated/contract.jcs	sha256:0a760f195e35bfa47e187494576d997b0f433bc6cabf3847e5459c05b07aeb2b	sha256:ba81da247c90d79648f8378fbbfbcebecca661ddfaea7e8f80dddce78507030f	contracts/core-field-origin-v0.1/records/contract-018.jcs	sha256:324557a5ee5de8496be5112f2c26527e4c7119e50dad4e4a601f84122644f6b3	59	123	266	387	6410	0
contract-019	crates/axiom-ir/tests/fixtures/v0.2/migrated/contract.jcs	sha256:0a760f195e35bfa47e187494576d997b0f433bc6cabf3847e5459c05b07aeb2b	sha256:ba93c242c7e65b7a719bba1c2b35427c905512368f9195552779190ba6d4a845	contracts/core-field-origin-v0.1/records/contract-019.jcs	sha256:4cd7bcb47ee269c75ec526ba16854f0a7d90a6e033f1abe0f234017b93313b82	59	123	266	387	4385	0
contract-020	crates/axiom-ir/tests/fixtures/v0.2/migrated/contract.jcs	sha256:0a760f195e35bfa47e187494576d997b0f433bc6cabf3847e5459c05b07aeb2b	sha256:bcb9ba68fe346f15d3f5ec40bb5bf651e47a4fafedb7a88fe27829f3e62ab6c4	contracts/core-field-origin-v0.1/records/contract-020.jcs	sha256:48878087be465634363ff5b7681266f4b1cc543eb573c301575403d6c4f9d825	59	123	266	387	4387	0
contract-021	crates/axiom-ir/tests/fixtures/v0.2/migrated/contract.jcs	sha256:0a760f195e35bfa47e187494576d997b0f433bc6cabf3847e5459c05b07aeb2b	sha256:c18487104ad0cd2e7bf00b8a7f37ecb8a974632c062c569a291cdfe093846acb	contracts/core-field-origin-v0.1/records/contract-021.jcs	sha256:6b53025e64b75ea588fb87ac0c34636479f12e8f47e84cee589df6b94777d4cd	59	123	266	387	4389	0
contract-022	crates/axiom-ir/tests/fixtures/v0.2/migrated/contract.jcs	sha256:0a760f195e35bfa47e187494576d997b0f433bc6cabf3847e5459c05b07aeb2b	sha256:c6dd7fdfa044a6341688d09f46cae6d1d0e6fca21595c07715a0bd1f32174491	contracts/core-field-origin-v0.1/records/contract-022.jcs	sha256:623c8a4cd9bed69b5c63cb311bbae363ab8f3b256f488cc016911f158093045e	59	123	266	387	4382	0
contract-023	crates/axiom-ir/tests/fixtures/v0.2/migrated/contract.jcs	sha256:0a760f195e35bfa47e187494576d997b0f433bc6cabf3847e5459c05b07aeb2b	sha256:ce4c990bd34522f118070cb899ec8652851c0a8401c95a76c6edfc5cfedca241	contracts/core-field-origin-v0.1/records/contract-023.jcs	sha256:db8fe202a95fb7705f0436db9b9bc03a8c1ccf60a3a3f9604e53c8b885ee239e	59	123	266	387	4384	0
contract-024	crates/axiom-ir/tests/fixtures/v0.2/migrated/contract.jcs	sha256:0a760f195e35bfa47e187494576d997b0f433bc6cabf3847e5459c05b07aeb2b	sha256:de2e9e5598d1d903add6a0419dfc7d8c5aa5cf0bdf5c5ba8e855091f7cd326ba	contracts/core-field-origin-v0.1/records/contract-024.jcs	sha256:69123b453eb2a47d3ea4a2e42b2e323012f3816897344b2d74698c90272c6ff5	59	123	266	387	4387	0
type-000	crates/axiom-ir/tests/fixtures/v0.2/migrated/type.jcs	sha256:bd330ef96287c882a8ddd510666d72a3ba2941af38bbee16fa076b5a59b1f62d	sha256:14a63b72a7af2fe4cccd6c9cfc468bbce0316026e775d7bf716582f8b3578f9f	contracts/core-field-origin-v0.1/records/type-000.jcs	sha256:c5748b59789f3115f001f8b4ba8a0682700227ec347daf3102b46be7e44f2870	41	72	190	304	6728	0
type-001	crates/axiom-ir/tests/fixtures/v0.2/migrated/type.jcs	sha256:bd330ef96287c882a8ddd510666d72a3ba2941af38bbee16fa076b5a59b1f62d	sha256:1ba5ccc061f01aa19e54ffcb987f473e2c4bd3e2269a2cbbae0d797a85f7cbfa	contracts/core-field-origin-v0.1/records/type-001.jcs	sha256:17544db9ba488b376f1b597bb4c1f3b81b0f28ab589115cb0136f2f2f7e65a80	41	72	190	304	6737	0
type-002	crates/axiom-ir/tests/fixtures/v0.2/migrated/type.jcs	sha256:bd330ef96287c882a8ddd510666d72a3ba2941af38bbee16fa076b5a59b1f62d	sha256:215bbfa195146f7f4d58350324a6e381e7cfba65a4c99541f0958b2e9c8069d0	contracts/core-field-origin-v0.1/records/type-002.jcs	sha256:3a657abea8691da6f7789e2a28e4aecbebd8ed31440b39c612c863d2965719ae	41	72	190	304	4052	0
type-003	crates/axiom-ir/tests/fixtures/v0.2/migrated/type.jcs	sha256:bd330ef96287c882a8ddd510666d72a3ba2941af38bbee16fa076b5a59b1f62d	sha256:244fe557ed6ee003c0e8342f9f9a43488114a2abb39b961065ac4ceb8d29c139	contracts/core-field-origin-v0.1/records/type-003.jcs	sha256:e01d6036b1cbf26ca4b2c575b65a24085b4f8de78b924746240afbb949dd80cc	41	72	190	304	4057	0
type-004	crates/axiom-ir/tests/fixtures/v0.2/migrated/type.jcs	sha256:bd330ef96287c882a8ddd510666d72a3ba2941af38bbee16fa076b5a59b1f62d	sha256:29e40bf23cfb76fc23b774c8562ae33ddaf8ae7bdae65ee6da242b240e2cd933	contracts/core-field-origin-v0.1/records/type-004.jcs	sha256:f3b94a95ced3dece61a21abfcf1f77b5a2855f98aa121913da33513efb1c7a70	41	72	190	304	6737	0
type-005	crates/axiom-ir/tests/fixtures/v0.2/migrated/type.jcs	sha256:bd330ef96287c882a8ddd510666d72a3ba2941af38bbee16fa076b5a59b1f62d	sha256:4cf2736a02503d407d8ccc623c2347d1db3d4ad980d086c76bc5da3e10d268f0	contracts/core-field-origin-v0.1/records/type-005.jcs	sha256:9bd6cc6f6ce0b213a98f76763855820a096a122c630e4359436bce9403a94444	41	72	190	304	4049	0
type-006	crates/axiom-ir/tests/fixtures/v0.2/migrated/type.jcs	sha256:bd330ef96287c882a8ddd510666d72a3ba2941af38bbee16fa076b5a59b1f62d	sha256:6ae2bfc2e137d96ea29dd1b213e02fdab3ca762fb4e0294f43c5d9a25841fa82	contracts/core-field-origin-v0.1/records/type-006.jcs	sha256:9c6601a5bb164e2b95c79d94a6829717d053414cc739808cd480410e0234cfc8	41	72	190	304	4054	0
type-007	crates/axiom-ir/tests/fixtures/v0.2/migrated/type.jcs	sha256:bd330ef96287c882a8ddd510666d72a3ba2941af38bbee16fa076b5a59b1f62d	sha256:764d650b761b5e2747011d873e1b6e093c7d1e7e72c14cb7e749b35324efa551	contracts/core-field-origin-v0.1/records/type-007.jcs	sha256:2300a2cae3759fac7b083c530248469a3c5229497832dd4104c941857e8eca15	41	72	190	304	4055	0
type-008	crates/axiom-ir/tests/fixtures/v0.2/migrated/type.jcs	sha256:bd330ef96287c882a8ddd510666d72a3ba2941af38bbee16fa076b5a59b1f62d	sha256:7ca2fe6ea5a1646b2d1d4e13d453c1f267ceddccf2a8408913d700ec7a704a7f	contracts/core-field-origin-v0.1/records/type-008.jcs	sha256:e52a0966a75c29447757650593f3c98c1b1e913a2fdff858d18429360aa014d4	41	72	190	304	4051	0
type-009	crates/axiom-ir/tests/fixtures/v0.2/migrated/type.jcs	sha256:bd330ef96287c882a8ddd510666d72a3ba2941af38bbee16fa076b5a59b1f62d	sha256:82e315c83e514a7791e34ad3fdb24e60d0ae46872acac8a25bfe7fc6b5708ec6	contracts/core-field-origin-v0.1/records/type-009.jcs	sha256:c4302845a9278a2722fff889dd907fc7db95669a28dbe7518a21a014837ff769	41	72	190	304	6757	0
type-010	crates/axiom-ir/tests/fixtures/v0.2/migrated/type.jcs	sha256:bd330ef96287c882a8ddd510666d72a3ba2941af38bbee16fa076b5a59b1f62d	sha256:8e77e12e5217af1777d5a37d5073a219505a99583e6f0e5c1302802bb373f96a	contracts/core-field-origin-v0.1/records/type-010.jcs	sha256:9f11d3447b5c2c1dd773d6e4eb3aa2e39d070406ae3abb8e70c9dfb36a6ef3aa	41	72	190	304	6731	0
type-011	crates/axiom-ir/tests/fixtures/v0.2/migrated/type.jcs	sha256:bd330ef96287c882a8ddd510666d72a3ba2941af38bbee16fa076b5a59b1f62d	sha256:957f73f002b26835542c3bc5575fb3fb97e7df216a9b61f8d514125f7dc6ee76	contracts/core-field-origin-v0.1/records/type-011.jcs	sha256:4ddc4a3ad21f25f3f484e4b35654abd45d1a7fd6fbcb34523f39acdb7bc0a007	41	72	190	304	6734	0
type-012	crates/axiom-ir/tests/fixtures/v0.2/migrated/type.jcs	sha256:bd330ef96287c882a8ddd510666d72a3ba2941af38bbee16fa076b5a59b1f62d	sha256:c2bf725a6895fdaa36005c1b5c66da6e2d09937264c648aa3bcba0c8e1f388f8	contracts/core-field-origin-v0.1/records/type-012.jcs	sha256:5fe05588c1c7e3fb560198f5fa31232d2555d8726cbe99a515ab9263a2d738f7	41	72	190	304	4052	0
type-013	crates/axiom-ir/tests/fixtures/v0.2/migrated/type.jcs	sha256:bd330ef96287c882a8ddd510666d72a3ba2941af38bbee16fa076b5a59b1f62d	sha256:eefeb65da233a2581e2e65e9b9d3a6968ecc5f4becfc91c9d8622e21931060cc	contracts/core-field-origin-v0.1/records/type-013.jcs	sha256:319d060a4489525d8135076bdf6c686439c878e81c462208e65056284bd614ae	41	72	190	304	4054	0
type-014	crates/axiom-ir/tests/fixtures/v0.2/migrated/type.jcs	sha256:bd330ef96287c882a8ddd510666d72a3ba2941af38bbee16fa076b5a59b1f62d	sha256:fc0280a2516b1c86e30d845c78cb46165b3c4af8a7d4369fcf179e8319df7894	contracts/core-field-origin-v0.1/records/type-014.jcs	sha256:f956d4d6c48ad2621b959691349647217184e46489c164d3f1626a8e58b28ac7	41	72	190	304	6736	0
deep-binders-000	crates/axiom-ir/tests/fixtures/v0.2/migrated/deep-binders.jcs	sha256:eee23b134d6c4b198b46da0250b9532d4016c736dc19b77a451930af8c61d6d3	sha256:0d8cc264442c0672249c122e9970c7746ddb8ef36ec81babcfae89e66f1bdab8	contracts/core-field-origin-v0.1/records/deep-binders-000.jcs	sha256:b0a79c3c41c6fc17996319a4dfd3699d1c4100490fc714edc2b9054a3a01060c	41	72	190	304	6736	0
deep-binders-001	crates/axiom-ir/tests/fixtures/v0.2/migrated/deep-binders.jcs	sha256:eee23b134d6c4b198b46da0250b9532d4016c736dc19b77a451930af8c61d6d3	sha256:205f028579d6116805f7a17757fbfb36a43d64c0fd30a50fe1f70d562d70fe97	contracts/core-field-origin-v0.1/records/deep-binders-001.jcs	sha256:7f37da60d1f2f5089022e329173e518d06bb0630f0ae994013053bef375ca9be	41	72	190	304	4054	0
deep-binders-002	crates/axiom-ir/tests/fixtures/v0.2/migrated/deep-binders.jcs	sha256:eee23b134d6c4b198b46da0250b9532d4016c736dc19b77a451930af8c61d6d3	sha256:260c95644548cbd6f2bb336cd271a240ab26ae23b267f22c327aa18165e02b84	contracts/core-field-origin-v0.1/records/deep-binders-002.jcs	sha256:ffac38b8bef19ec10a14aff075ca86da3522eb0590ae381131677820244f8e8e	41	72	190	304	4052	0
deep-binders-003	crates/axiom-ir/tests/fixtures/v0.2/migrated/deep-binders.jcs	sha256:eee23b134d6c4b198b46da0250b9532d4016c736dc19b77a451930af8c61d6d3	sha256:2dfc2392aa158952481301034d87f1d605c60d2bbcadc8085ed22e2b7c1c8287	contracts/core-field-origin-v0.1/records/deep-binders-003.jcs	sha256:f738a8f13b1e58f3986b51f8f201b781f614bade79b3bf393875052d68d3a494	41	72	190	304	4057	0
deep-binders-004	crates/axiom-ir/tests/fixtures/v0.2/migrated/deep-binders.jcs	sha256:eee23b134d6c4b198b46da0250b9532d4016c736dc19b77a451930af8c61d6d3	sha256:2f5740083062958ea5ef9473bbc9558401b309b68d650ca4ba3ff937bab9ea16	contracts/core-field-origin-v0.1/records/deep-binders-004.jcs	sha256:80c4640786340a70d9f52ec856f9b27b35817d66d90e8241fa756ec000d8b8a4	41	72	190	304	6728	0
deep-binders-005	crates/axiom-ir/tests/fixtures/v0.2/migrated/deep-binders.jcs	sha256:eee23b134d6c4b198b46da0250b9532d4016c736dc19b77a451930af8c61d6d3	sha256:367470c7e80940a430c66e47d0f31b2bb838a6520a062e2e8d2fd903e4e99c77	contracts/core-field-origin-v0.1/records/deep-binders-005.jcs	sha256:a6cfc0002fe7b1e338237adc6209f9ae120797ea41e24f5168cf89d5d0fed321	41	72	190	304	4054	0
deep-binders-006	crates/axiom-ir/tests/fixtures/v0.2/migrated/deep-binders.jcs	sha256:eee23b134d6c4b198b46da0250b9532d4016c736dc19b77a451930af8c61d6d3	sha256:4e8ebf1614eee5fccd37670d7a54fefc2c9c242dd39cbdeb6c806f6e3afd9a0c	contracts/core-field-origin-v0.1/records/deep-binders-006.jcs	sha256:d41a30184b0ee25b533f35bf55195174d2d03c7f60fd3cabcc9b49a6cb4dde15	41	72	190	304	6757	0
deep-binders-007	crates/axiom-ir/tests/fixtures/v0.2/migrated/deep-binders.jcs	sha256:eee23b134d6c4b198b46da0250b9532d4016c736dc19b77a451930af8c61d6d3	sha256:653e9e05f77e666a79477859d2c4747db91ed19010a5297fc64c6bc42e78b1bf	contracts/core-field-origin-v0.1/records/deep-binders-007.jcs	sha256:e59e3d1a83f385143330f004591e8639294bbcf3950d6940677ef59a795281a7	41	72	190	304	4051	0
deep-binders-008	crates/axiom-ir/tests/fixtures/v0.2/migrated/deep-binders.jcs	sha256:eee23b134d6c4b198b46da0250b9532d4016c736dc19b77a451930af8c61d6d3	sha256:71c92093e72c6d02b7259a7af0a134754e18e2c9b8166ad1767c0eb7bbc187bd	contracts/core-field-origin-v0.1/records/deep-binders-008.jcs	sha256:85641dff536c8849bd4af80f329e305b89de9323e9cc05ae6f68c01c213be219	41	72	190	304	6737	0
deep-binders-009	crates/axiom-ir/tests/fixtures/v0.2/migrated/deep-binders.jcs	sha256:eee23b134d6c4b198b46da0250b9532d4016c736dc19b77a451930af8c61d6d3	sha256:921595bcefb458c85ae913e197dc9494c2aa1ae6014b480d2a16ac7857185691	contracts/core-field-origin-v0.1/records/deep-binders-009.jcs	sha256:a13d5bf353c0440d942ca2546f2558c0d7fb393f0454817af8c0556712859d1d	41	72	190	304	6734	0
deep-binders-010	crates/axiom-ir/tests/fixtures/v0.2/migrated/deep-binders.jcs	sha256:eee23b134d6c4b198b46da0250b9532d4016c736dc19b77a451930af8c61d6d3	sha256:a3d12c737039fb361f9c5b2413532c0c50161f733f9532b6c79e2b871319cce1	contracts/core-field-origin-v0.1/records/deep-binders-010.jcs	sha256:490582c795f78875262baf661beeeeea83a13f1ab78f43eda53ac432f48848c4	41	72	190	304	4052	0
deep-binders-011	crates/axiom-ir/tests/fixtures/v0.2/migrated/deep-binders.jcs	sha256:eee23b134d6c4b198b46da0250b9532d4016c736dc19b77a451930af8c61d6d3	sha256:af7ff85eb90dcf2670031d0ecb93a03f14d9b956eb3af82ef186878d438ae51f	contracts/core-field-origin-v0.1/records/deep-binders-011.jcs	sha256:59a21ea7ba4b9a337c9ff86d869425fd85055ad733cb765c4bdb492625664f3f	41	72	190	304	4049	0
deep-binders-012	crates/axiom-ir/tests/fixtures/v0.2/migrated/deep-binders.jcs	sha256:eee23b134d6c4b198b46da0250b9532d4016c736dc19b77a451930af8c61d6d3	sha256:bd0cf044bb82d5b006b0701e629ca0e346b62717f05518384010f7f919732798	contracts/core-field-origin-v0.1/records/deep-binders-012.jcs	sha256:d18eb8631ab33fd993f5c3b47eea102bc6c46b54fe1ee0165b22b8f00d1a126d	41	72	190	304	4055	0
deep-binders-013	crates/axiom-ir/tests/fixtures/v0.2/migrated/deep-binders.jcs	sha256:eee23b134d6c4b198b46da0250b9532d4016c736dc19b77a451930af8c61d6d3	sha256:c9360b17af67d6d97a76b897be1d2316172adb912cd2e1498fc621567702d406	contracts/core-field-origin-v0.1/records/deep-binders-013.jcs	sha256:f73759a33d9bfcfaf3e0ac6c76e65bfb09b421c78235fba5f52805133a067195	41	72	190	304	6731	0
deep-binders-014	crates/axiom-ir/tests/fixtures/v0.2/migrated/deep-binders.jcs	sha256:eee23b134d6c4b198b46da0250b9532d4016c736dc19b77a451930af8c61d6d3	sha256:f38a83edf26227d3d4f660e99317728475fa39ff50513bcfe2c6e20ef62a594f	contracts/core-field-origin-v0.1/records/deep-binders-014.jcs	sha256:43a6b4d937d1fb12ae3f70f404c740a0178b962062b28f200eaef1c06667efb6	41	72	190	304	6737	0
mixed-int-ranges-000	crates/axiom-ir/tests/fixtures/v0.2/migrated/mixed-int-ranges.jcs	sha256:4492a3ad8852f734bb7a190a02cce0e6f6b6c5dca2fa1d7a653afc7f0ac99b8e	sha256:00391d97aadec639c26f2d5903a2d6d5603aa64f975bd1f597e9b69525712a8b	contracts/core-field-origin-v0.1/records/mixed-int-ranges-000.jcs	sha256:7de9af9f965bd45406752410191dfd9d307e906a226760ab314023e44717906f	39	97	170	815	14322	0
mixed-int-ranges-001	crates/axiom-ir/tests/fixtures/v0.2/migrated/mixed-int-ranges.jcs	sha256:4492a3ad8852f734bb7a190a02cce0e6f6b6c5dca2fa1d7a653afc7f0ac99b8e	sha256:36080fec83b63d67a03d21d1463551f895ad58aae33113961979f5f3ce7cc395	contracts/core-field-origin-v0.1/records/mixed-int-ranges-001.jcs	sha256:4c9b22b98e19e086a32364027c0b18b7d6d780a1780768470837aa9ce2cb0de0	39	97	170	815	14322	0
mixed-int-ranges-002	crates/axiom-ir/tests/fixtures/v0.2/migrated/mixed-int-ranges.jcs	sha256:4492a3ad8852f734bb7a190a02cce0e6f6b6c5dca2fa1d7a653afc7f0ac99b8e	sha256:4f09d066568b86ad6fbe26acae06c88b9136631ab1c00082b1c315459552818e	contracts/core-field-origin-v0.1/records/mixed-int-ranges-002.jcs	sha256:a9b4ee472fd6954e632bdd6a727758c09458532e5910d9055c4eb313c3bf9b3f	39	97	170	815	14340	0
unicode-nfc-000	crates/axiom-ir/tests/fixtures/v0.2/migrated/unicode-nfc.jcs	sha256:1bec7c53e8f89a60ebc0b46c7d7452792911237ad6e06c2dae812764e97bbc19	sha256:09a95fd54000cabd546c80352d65eaa9fcfd56014868ab4884a67cc1f2e5fa86	contracts/core-field-origin-v0.1/records/unicode-nfc-000.jcs	sha256:d9f36a2184c618d54d038d661d86fcb798fae3cf2ef3fe7d786cc38a39f53ea2	41	72	190	304	4049	0
unicode-nfc-001	crates/axiom-ir/tests/fixtures/v0.2/migrated/unicode-nfc.jcs	sha256:1bec7c53e8f89a60ebc0b46c7d7452792911237ad6e06c2dae812764e97bbc19	sha256:3b4e45cd39174c4415eaf503ec091e5a74831b78ad7bc7bb5c26e1ff2eb63054	contracts/core-field-origin-v0.1/records/unicode-nfc-001.jcs	sha256:2f2d6d12340aab7b87029b95473fc7901e0d9f334c2565cd1ff821389f394fe2	41	72	190	304	6737	0
unicode-nfc-002	crates/axiom-ir/tests/fixtures/v0.2/migrated/unicode-nfc.jcs	sha256:1bec7c53e8f89a60ebc0b46c7d7452792911237ad6e06c2dae812764e97bbc19	sha256:7bd01dd693d9c4a60ac6463b8f57d357096c6ca05ae229be0970d32a762b7022	contracts/core-field-origin-v0.1/records/unicode-nfc-002.jcs	sha256:a8f6f69ae6589baa9357205338c159306ca2d2b6358536a4844d86053ac8a93c	41	72	190	304	4047	0
unicode-nfc-003	crates/axiom-ir/tests/fixtures/v0.2/migrated/unicode-nfc.jcs	sha256:1bec7c53e8f89a60ebc0b46c7d7452792911237ad6e06c2dae812764e97bbc19	sha256:9201d095a8b5ffbd884449c55afe9401f38397298055e52bb18516c17456052e	contracts/core-field-origin-v0.1/records/unicode-nfc-003.jcs	sha256:81842342e68c8594661dcd26dbfb1180fef4112d332299de8d3b03a9846a1a2e	41	72	190	304	6757	0
unicode-nfc-004	crates/axiom-ir/tests/fixtures/v0.2/migrated/unicode-nfc.jcs	sha256:1bec7c53e8f89a60ebc0b46c7d7452792911237ad6e06c2dae812764e97bbc19	sha256:95d0f43401a40c6e7cc7103243a6bc9c5a7cbfd8bbc079b75d7f42e0353cbe72	contracts/core-field-origin-v0.1/records/unicode-nfc-004.jcs	sha256:9b390dc25eea256d1dfc164e9d5fd547ff8f38d63fccd2c035882633b1bea807	41	72	190	304	6728	0
unicode-nfc-005	crates/axiom-ir/tests/fixtures/v0.2/migrated/unicode-nfc.jcs	sha256:1bec7c53e8f89a60ebc0b46c7d7452792911237ad6e06c2dae812764e97bbc19	sha256:af3a0e26fc73d84edf51e59cb7b472ca089f00a054b7ad7840e38b54be0f9b03	contracts/core-field-origin-v0.1/records/unicode-nfc-005.jcs	sha256:df000cb2c929a10481e78f54a66b6c6fcd16bec0c97310a72bd91b0b4f0cbdb7	41	72	190	304	4052	0
unicode-nfc-006	crates/axiom-ir/tests/fixtures/v0.2/migrated/unicode-nfc.jcs	sha256:1bec7c53e8f89a60ebc0b46c7d7452792911237ad6e06c2dae812764e97bbc19	sha256:b3743527867f6b60306f64ca1967c85f4794ee168d348b2aa5afd5ffe362564f	contracts/core-field-origin-v0.1/records/unicode-nfc-006.jcs	sha256:d1dc5d7aba9ed803eaf6c879ebc4215b68486f7231b6ef20abfa8ec9688763f8	41	72	190	304	6734	0
unicode-nfc-007	crates/axiom-ir/tests/fixtures/v0.2/migrated/unicode-nfc.jcs	sha256:1bec7c53e8f89a60ebc0b46c7d7452792911237ad6e06c2dae812764e97bbc19	sha256:be9f6ebde91cfddba07c4ba8b5646e1b99d01415ffa0eedabdc61f1554df114d	contracts/core-field-origin-v0.1/records/unicode-nfc-007.jcs	sha256:d697669d508a4defc45f4997b08b8048ee2723e9b8eeaf49976e14710e41f1f3	41	72	190	304	6737	0
unicode-nfc-008	crates/axiom-ir/tests/fixtures/v0.2/migrated/unicode-nfc.jcs	sha256:1bec7c53e8f89a60ebc0b46c7d7452792911237ad6e06c2dae812764e97bbc19	sha256:d47b3d705106f61b30ce87e1c255b77875d0166b42e84b1ff8f6342f9b3ac2fb	contracts/core-field-origin-v0.1/records/unicode-nfc-008.jcs	sha256:6961077ec2f3ad0e9e8b0956d2f50832973b9755b4e51fbdbad4f8eba0b2ef1a	41	72	190	304	4050	0
unicode-nfc-009	crates/axiom-ir/tests/fixtures/v0.2/migrated/unicode-nfc.jcs	sha256:1bec7c53e8f89a60ebc0b46c7d7452792911237ad6e06c2dae812764e97bbc19	sha256:d4e435209cacd51d23527aa3fa595138c8c2b6eb5d2b594e94c5d8c75a3b8a52	contracts/core-field-origin-v0.1/records/unicode-nfc-009.jcs	sha256:13c00efba08ae2e51154cfff2021eea07a32788d965ae9012640e09cb7e4fc7b	41	72	190	304	4053	0
unicode-nfc-010	crates/axiom-ir/tests/fixtures/v0.2/migrated/unicode-nfc.jcs	sha256:1bec7c53e8f89a60ebc0b46c7d7452792911237ad6e06c2dae812764e97bbc19	sha256:d6b8fa6ab5df18434b66b40f77b15e4ccbae4d7d7d3554ba2332bdc7144c3b38	contracts/core-field-origin-v0.1/records/unicode-nfc-010.jcs	sha256:3d36a447f0f6d41b11c17c0284e568473f14f4de3e879ef37baaca5d860ad0b6	41	72	190	304	4052	0
unicode-nfc-011	crates/axiom-ir/tests/fixtures/v0.2/migrated/unicode-nfc.jcs	sha256:1bec7c53e8f89a60ebc0b46c7d7452792911237ad6e06c2dae812764e97bbc19	sha256:ed208f11ac5a43b70062d8ab7059ee925824493df515a2b29c55b2a3e89e62ae	contracts/core-field-origin-v0.1/records/unicode-nfc-011.jcs	sha256:1f672a48f0972c0461ba5080323e2855cdeb31955ee124fa73777ea1ff050148	41	72	190	304	6731	0
unicode-nfc-012	crates/axiom-ir/tests/fixtures/v0.2/migrated/unicode-nfc.jcs	sha256:1bec7c53e8f89a60ebc0b46c7d7452792911237ad6e06c2dae812764e97bbc19	sha256:f27343a3c7ce2a877c49b6d51314e63a6368f4eeacea97111c459a80e35b68c9	contracts/core-field-origin-v0.1/records/unicode-nfc-012.jcs	sha256:bc8313e1dddb4e4fa9d179bfb0858bc4fe83e20f693fa49776bca00559dffe63	41	72	190	304	4055	0
unicode-nfc-013	crates/axiom-ir/tests/fixtures/v0.2/migrated/unicode-nfc.jcs	sha256:1bec7c53e8f89a60ebc0b46c7d7452792911237ad6e06c2dae812764e97bbc19	sha256:fb6446ea314871dc9f5b1de50cb283ee32dfa8ba4c1977b02a97fdc663bc922d	contracts/core-field-origin-v0.1/records/unicode-nfc-013.jcs	sha256:28d2d0f650c81f4c31374f53d84c5a318cd356f526f5736045b70ea4ecefbc66	41	72	190	304	4050	0
unicode-nfc-014	crates/axiom-ir/tests/fixtures/v0.2/migrated/unicode-nfc.jcs	sha256:1bec7c53e8f89a60ebc0b46c7d7452792911237ad6e06c2dae812764e97bbc19	sha256:ff647bf1aedf8f083d9d9811d5bfa634928b048397ed7113cbcdccf2deea4da5	contracts/core-field-origin-v0.1/records/unicode-nfc-014.jcs	sha256:87cbfaa9200f1cfe90e2f695083dc88cd9d73af76e9526a2e64211b41bb0b096	41	72	190	304	6736	0
unicode-nfd-000	crates/axiom-ir/tests/fixtures/v0.2/migrated/unicode-nfd.jcs	sha256:4ec6dcc68b8202edc53fc328a103ea4539f47bced340155875111fc507330e85	sha256:0cd7761445dea5cf0cd57f0d57734f0e0cf1a49304c9e0df1b7682efff97c075	contracts/core-field-origin-v0.1/records/unicode-nfd-000.jcs	sha256:2a5b7c60ac9f1dc95857821cea73d8f6836d2d1930dc070a06b9441830225e23	41	72	190	304	6728	0
unicode-nfd-001	crates/axiom-ir/tests/fixtures/v0.2/migrated/unicode-nfd.jcs	sha256:4ec6dcc68b8202edc53fc328a103ea4539f47bced340155875111fc507330e85	sha256:293c7483aaf02fc17defec0cd0897517d90c6a9b2a6da3d84167a840fcebb3d0	contracts/core-field-origin-v0.1/records/unicode-nfd-001.jcs	sha256:ae1074cd9967da644a6fae1297bc3526ad50a744c884130c26f583c0069fb946	41	72	190	304	4049	0
unicode-nfd-002	crates/axiom-ir/tests/fixtures/v0.2/migrated/unicode-nfd.jcs	sha256:4ec6dcc68b8202edc53fc328a103ea4539f47bced340155875111fc507330e85	sha256:2d1fd0fb936c432aaaa055a7b4d51012a7859fbdb7d7f30da23a5c426baf2dda	contracts/core-field-origin-v0.1/records/unicode-nfd-002.jcs	sha256:2a280179458cd417afadd1acc9d6766b38197f416c69ad61d346ed73b3fc2367	41	72	190	304	6731	0
unicode-nfd-003	crates/axiom-ir/tests/fixtures/v0.2/migrated/unicode-nfd.jcs	sha256:4ec6dcc68b8202edc53fc328a103ea4539f47bced340155875111fc507330e85	sha256:30e404ea89fe9a755389bbcef60f38a4a3f666ab313946b7fd87c3d69287fb0f	contracts/core-field-origin-v0.1/records/unicode-nfd-003.jcs	sha256:efed70b75d0f85db531c76ef5c24f5fd4ee3801bc22200dca3633acabb678a8e	41	72	190	304	6734	0
unicode-nfd-004	crates/axiom-ir/tests/fixtures/v0.2/migrated/unicode-nfd.jcs	sha256:4ec6dcc68b8202edc53fc328a103ea4539f47bced340155875111fc507330e85	sha256:5eaaf1f9b41da0c265561554c85ca618425bd34e65768d4211966a573aca003b	contracts/core-field-origin-v0.1/records/unicode-nfd-004.jcs	sha256:59f9f7cd38949bdc3203a512013abfb152012f15c8afbf009fe1685428e38559	41	72	190	304	4052	0
unicode-nfd-005	crates/axiom-ir/tests/fixtures/v0.2/migrated/unicode-nfd.jcs	sha256:4ec6dcc68b8202edc53fc328a103ea4539f47bced340155875111fc507330e85	sha256:64c9e5b4298e9fa78615e05c2f2b7833c9082cde7094fb67333dd6e36ec8d943	contracts/core-field-origin-v0.1/records/unicode-nfd-005.jcs	sha256:89cd6d5d5f6e1292cf6a29571e5016285bf57bb9b276ec72d5fa29c3713730c3	41	72	190	304	6737	0
unicode-nfd-006	crates/axiom-ir/tests/fixtures/v0.2/migrated/unicode-nfd.jcs	sha256:4ec6dcc68b8202edc53fc328a103ea4539f47bced340155875111fc507330e85	sha256:7254a0e13ac966db7e3f6067c6e1426e268ed67db85f4be104f0a6242ab08105	contracts/core-field-origin-v0.1/records/unicode-nfd-006.jcs	sha256:07c10e883051befc1e004096976bb5e2c763323f762997990dd1b0afa806b737	41	72	190	304	4052	0
unicode-nfd-007	crates/axiom-ir/tests/fixtures/v0.2/migrated/unicode-nfd.jcs	sha256:4ec6dcc68b8202edc53fc328a103ea4539f47bced340155875111fc507330e85	sha256:77e02af7a44f09e65534cb780e905a7f43eaae7f88e5e4d20598eee45799ee3f	contracts/core-field-origin-v0.1/records/unicode-nfd-007.jcs	sha256:4490cd84b77b60d310d7922f7237b159436d5f0deb6cbe971472b7ba9072cee4	41	72	190	304	4052	0
unicode-nfd-008	crates/axiom-ir/tests/fixtures/v0.2/migrated/unicode-nfd.jcs	sha256:4ec6dcc68b8202edc53fc328a103ea4539f47bced340155875111fc507330e85	sha256:8fc4477022a6a02facd5230729ed9c8646d63a2d9a15b020813886e86b992c55	contracts/core-field-origin-v0.1/records/unicode-nfd-008.jcs	sha256:5c26e48716e70976dc74bfb5a184e0e0b6e9fc02a0a83a8ab50ca695ba69b547	41	72	190	304	6737	0
unicode-nfd-009	crates/axiom-ir/tests/fixtures/v0.2/migrated/unicode-nfd.jcs	sha256:4ec6dcc68b8202edc53fc328a103ea4539f47bced340155875111fc507330e85	sha256:9f1c8023aa3eaee7266899aae5529491cd699f644ce0d515c8b9ce092109d3bb	contracts/core-field-origin-v0.1/records/unicode-nfd-009.jcs	sha256:a4d47cb1b9d244377aa1122a2edbedcc50b75eb74dca0d8abc7bf2ea684b8388	41	72	190	304	6736	0
unicode-nfd-010	crates/axiom-ir/tests/fixtures/v0.2/migrated/unicode-nfd.jcs	sha256:4ec6dcc68b8202edc53fc328a103ea4539f47bced340155875111fc507330e85	sha256:a0bacb2139a35221b1f1058ebf6f6449d7bb1fdd3f25c80c42b7ac5f6836daa5	contracts/core-field-origin-v0.1/records/unicode-nfd-010.jcs	sha256:e401376b452dbdd5750d0f5f158b0694da125705afa822c2d0569816c989faa3	41	72	190	304	4052	0
unicode-nfd-011	crates/axiom-ir/tests/fixtures/v0.2/migrated/unicode-nfd.jcs	sha256:4ec6dcc68b8202edc53fc328a103ea4539f47bced340155875111fc507330e85	sha256:b1f50face4d3fa8c8f0211e3274c243d744240a50a945740a82df006c4f87e0d	contracts/core-field-origin-v0.1/records/unicode-nfd-011.jcs	sha256:47700a386f8b90b62acd7ee9a542ca51771eb21a771c598607817e45decf6bf5	41	72	190	304	4055	0
unicode-nfd-012	crates/axiom-ir/tests/fixtures/v0.2/migrated/unicode-nfd.jcs	sha256:4ec6dcc68b8202edc53fc328a103ea4539f47bced340155875111fc507330e85	sha256:cbcdb1431c77818e40a67d046319e842d2093453155130c0fc1c6685c60c963e	contracts/core-field-origin-v0.1/records/unicode-nfd-012.jcs	sha256:b423c4cdbb525a6455d61e4a3052f091612ce765713e6c7da15bc865884cdf91	41	72	190	304	6757	0
unicode-nfd-013	crates/axiom-ir/tests/fixtures/v0.2/migrated/unicode-nfd.jcs	sha256:4ec6dcc68b8202edc53fc328a103ea4539f47bced340155875111fc507330e85	sha256:f3f4ba158db1a7b1aaf014e78055a6faa6ddb4b4b109fd585a540d94fcdb8a25	contracts/core-field-origin-v0.1/records/unicode-nfd-013.jcs	sha256:710b1a3e94034f4860d678649504801f8ce47118d89533312307f87f648f59cb	41	72	190	304	4049	0
unicode-nfd-014	crates/axiom-ir/tests/fixtures/v0.2/migrated/unicode-nfd.jcs	sha256:4ec6dcc68b8202edc53fc328a103ea4539f47bced340155875111fc507330e85	sha256:f577a2064c8b01fc1f0d5190d97a1ab74d28a06e9ebe4fb51e16f122792b4de4	contracts/core-field-origin-v0.1/records/unicode-nfd-014.jcs	sha256:81046eb730fe22b75faae1186a3bf8ae22bb19a3aa987392119fd2b2be2721a1	41	72	190	304	4055	0
references-000	crates/axiom-ir/tests/fixtures/v0.2/migrated/references.jcs	sha256:9acc8353b42e2c993e09879fd203c679cabacf55aa1e13cbe8d14cb3165b34e6	sha256:3ab9f0c1c41a1676887db85c4ff2592cd1c0fa90467c84e9e610f1b913f4a0c2	contracts/core-field-origin-v0.1/records/references-000.jcs	sha256:a858768a095b76754c121a4ac5b023e529887a7e74e26837f638ac0133ea3fed	41	72	190	304	4054	0
references-001	crates/axiom-ir/tests/fixtures/v0.2/migrated/references.jcs	sha256:9acc8353b42e2c993e09879fd203c679cabacf55aa1e13cbe8d14cb3165b34e6	sha256:4f840d2f781aa9ba3da44064cd9d0733dbb972e04c54bc8517c4e04559ceac0d	contracts/core-field-origin-v0.1/records/references-001.jcs	sha256:536ca6e8c501bb5be1a7b7b16420bd465aabfec129c4dc758f0703281a84429f	41	72	190	304	6731	0
references-002	crates/axiom-ir/tests/fixtures/v0.2/migrated/references.jcs	sha256:9acc8353b42e2c993e09879fd203c679cabacf55aa1e13cbe8d14cb3165b34e6	sha256:55ec43a011d4e22dbb66014864bf803ed048100ecacb6a6fb0f2ab1516c4c373	contracts/core-field-origin-v0.1/records/references-002.jcs	sha256:fde31502d5c4645d98ad1e182effcc2a2871832226ffc2dfb8cc934bd89aa076	41	72	190	304	4057	0
references-003	crates/axiom-ir/tests/fixtures/v0.2/migrated/references.jcs	sha256:9acc8353b42e2c993e09879fd203c679cabacf55aa1e13cbe8d14cb3165b34e6	sha256:572f936b6d1747660b5599f4f41b33d060ecd94172b56ea76b200e15852b59de	contracts/core-field-origin-v0.1/records/references-003.jcs	sha256:e22e59277070c168942ae6e99104e3dfec33f5ec98432ea15525f0a78c62afed	41	72	190	304	4188	0
references-004	crates/axiom-ir/tests/fixtures/v0.2/migrated/references.jcs	sha256:9acc8353b42e2c993e09879fd203c679cabacf55aa1e13cbe8d14cb3165b34e6	sha256:5d04e498ae9b48184e0b7c39ba59bc31e55e67622b7f8eb217abc778b245f20d	contracts/core-field-origin-v0.1/records/references-004.jcs	sha256:9b0faceab7512c3ad543fce6fd3b7f10871f9a8139f51345b50783655595e975	41	72	190	304	4185	0
references-005	crates/axiom-ir/tests/fixtures/v0.2/migrated/references.jcs	sha256:9acc8353b42e2c993e09879fd203c679cabacf55aa1e13cbe8d14cb3165b34e6	sha256:72a559e7c15aaa11afb585f2553dee5b13ad9b73bb7ea665a9609e870c6a41f4	contracts/core-field-origin-v0.1/records/references-005.jcs	sha256:eb7199c5060d04e5cdfa36ffbc7543cb14503c36a78256b5793e119c1459f4d7	41	72	190	304	6728	0
references-006	crates/axiom-ir/tests/fixtures/v0.2/migrated/references.jcs	sha256:9acc8353b42e2c993e09879fd203c679cabacf55aa1e13cbe8d14cb3165b34e6	sha256:76ba5541d44d13d241a8e8342dd49998b12e19d6b92e0cbc1dca735c94a248f6	contracts/core-field-origin-v0.1/records/references-006.jcs	sha256:f3cc651a9dbbb1acd4d3eda2e57b8e753457aed420d2b6c5e074877799f9092b	41	72	190	304	4188	0
references-007	crates/axiom-ir/tests/fixtures/v0.2/migrated/references.jcs	sha256:9acc8353b42e2c993e09879fd203c679cabacf55aa1e13cbe8d14cb3165b34e6	sha256:97c3b47adafdadff6abf1b044651137180485e81a38464b4b129ea1bdfe15b2c	contracts/core-field-origin-v0.1/records/references-007.jcs	sha256:a4f0da060e708d20c8d43b0ce9b9943de13324c311fc4dfcecf405d3aa0b6b35	41	72	190	304	4054	0
references-008	crates/axiom-ir/tests/fixtures/v0.2/migrated/references.jcs	sha256:9acc8353b42e2c993e09879fd203c679cabacf55aa1e13cbe8d14cb3165b34e6	sha256:a7043539e2a5de41398183bbcddfcfd4013f16d63ba688eba45fb7d68ecedf72	contracts/core-field-origin-v0.1/records/references-008.jcs	sha256:fe9a88ccdb28c09e7bfc77f58d0e855ebdb774c79bc46ea5b98d47bf20ef6842	41	72	190	304	6737	0
references-009	crates/axiom-ir/tests/fixtures/v0.2/migrated/references.jcs	sha256:9acc8353b42e2c993e09879fd203c679cabacf55aa1e13cbe8d14cb3165b34e6	sha256:ae1adc7ba302610402db2bdbdfc0b3e6812eab94d8ea5490c581d0a43b426371	contracts/core-field-origin-v0.1/records/references-009.jcs	sha256:af3e0c9c325df2b4004acda38bb52db3a44e3cff38f9980291d70735cfd19b4d	41	72	190	304	6736	0
references-010	crates/axiom-ir/tests/fixtures/v0.2/migrated/references.jcs	sha256:9acc8353b42e2c993e09879fd203c679cabacf55aa1e13cbe8d14cb3165b34e6	sha256:d298b6c1f40ea29c5d020d53e2634a7a8c274d4ecad17292637252486e5dbed5	contracts/core-field-origin-v0.1/records/references-010.jcs	sha256:4f731b72027e3e7c0c936dcd8be302e2cf4172fb277f3bd7eabc3430df85e995	41	72	190	304	6757	0
references-011	crates/axiom-ir/tests/fixtures/v0.2/migrated/references.jcs	sha256:9acc8353b42e2c993e09879fd203c679cabacf55aa1e13cbe8d14cb3165b34e6	sha256:dd0791a9ada48ffae7fcec7e83d03c72e92a6f4ffafeb8417bc90c916c70bb0a	contracts/core-field-origin-v0.1/records/references-011.jcs	sha256:10ebcf6bdbea72e133316baedb165a623d076406ef34c032e423aa3869017865	41	72	190	304	6734	0
references-012	crates/axiom-ir/tests/fixtures/v0.2/migrated/references.jcs	sha256:9acc8353b42e2c993e09879fd203c679cabacf55aa1e13cbe8d14cb3165b34e6	sha256:f10a733df306746437e2027f0d93559b8f830825bbfcd6ab03411a1e6e5ebbc5	contracts/core-field-origin-v0.1/records/references-012.jcs	sha256:5f503ca9ec4b19c0cb4ab58d7c1d93cbcdf13f1605661283533252899442bf6f	41	72	190	304	4191	0
references-013	crates/axiom-ir/tests/fixtures/v0.2/migrated/references.jcs	sha256:9acc8353b42e2c993e09879fd203c679cabacf55aa1e13cbe8d14cb3165b34e6	sha256:f1d79b739535dbce06d565a9592dbb6a629e2efab6d1f7612567c55114082355	contracts/core-field-origin-v0.1/records/references-013.jcs	sha256:fea15ce697b819aaf4b8e92f0a8a36dbab546617f65e6783cf2fcbd1282cd8af	41	72	190	304	4051	0
references-014	crates/axiom-ir/tests/fixtures/v0.2/migrated/references.jcs	sha256:9acc8353b42e2c993e09879fd203c679cabacf55aa1e13cbe8d14cb3165b34e6	sha256:f7d0a9f282ec9de44d9aacd079f05ff93023c2855671778b90117f33a7b67080	contracts/core-field-origin-v0.1/records/references-014.jcs	sha256:1311e415eb2840f1721100a87090360cd38acfc8311e2c3e9a7a55e88ceff95b	41	72	190	304	6737	0
records-000	crates/axiom-ir/tests/fixtures/v0.2/records.jcs	sha256:f9dbe5ab48a0c34ec95776ee25b2f5b906a42b151b923bc200a38b8a14caa7ff	sha256:2f6519e4fa64fc3b936a182dac0271f7376d0c8513a21c44ff224214f11356fe	contracts/core-field-origin-v0.1/records/records-000.jcs	sha256:eac3298ef1dfe96ab4605cc7fb97f5bed8ba77754b845269e4e687df914ce120	66	140	303	2286	24735	3
records-001	crates/axiom-ir/tests/fixtures/v0.2/records.jcs	sha256:f9dbe5ab48a0c34ec95776ee25b2f5b906a42b151b923bc200a38b8a14caa7ff	sha256:3a9904934a0f0d7344cd29505d3513415d5180bdfcda4450f6473adb0103c8bf	contracts/core-field-origin-v0.1/records/records-001.jcs	sha256:7ff662a87b26114eba02c793f49a13f4dd03a017952edf0420e4010aa5aa669a	66	140	303	2286	24735	3
records-002	crates/axiom-ir/tests/fixtures/v0.2/records.jcs	sha256:f9dbe5ab48a0c34ec95776ee25b2f5b906a42b151b923bc200a38b8a14caa7ff	sha256:9bb66d3fec6aeb8a360cebbfba70dcc088c7d2aeb8e7c4e628bd334c1c055ccc	contracts/core-field-origin-v0.1/records/records-002.jcs	sha256:0345b0a8b4e792878ba62c98afee057cc184d462d38ae62564037efb69387bc3	66	140	303	2286	24725	3
records-003	crates/axiom-ir/tests/fixtures/v0.2/records.jcs	sha256:f9dbe5ab48a0c34ec95776ee25b2f5b906a42b151b923bc200a38b8a14caa7ff	sha256:d49e715f8faf12170f5e40ac0940020c932ae60d20131920a3a95d4f668b3f06	contracts/core-field-origin-v0.1/records/records-003.jcs	sha256:ea5d980accf5809e7056c5a6898590413c72452a722e922f3d2d2978addaefad	66	140	303	2286	24731	3
all-numeric-positions-000	contracts/ir-derived-obligations-v0.2/inputs/all-numeric-positions.jcs	sha256:17548fdc8108cba783b281c6d6251e27a53bf048c66c4be44eda58d71c5b80eb	sha256:0a77c24d8ccf9b54ee239a714b4082109be9d47196d99bf19b902fbed8a271f7	contracts/core-field-origin-v0.1/records/all-numeric-positions-000.jcs	sha256:fec5c10c2926b7c0dbf59304e0cab9ce51a6803a47896689f619d156a8c77e22	51	101	231	1269	18071	0
all-numeric-positions-001	contracts/ir-derived-obligations-v0.2/inputs/all-numeric-positions.jcs	sha256:17548fdc8108cba783b281c6d6251e27a53bf048c66c4be44eda58d71c5b80eb	sha256:26e585162d2dc00ff28237aeffe13005a89b3595e1a22d194cf135f4068cffea	contracts/core-field-origin-v0.1/records/all-numeric-positions-001.jcs	sha256:2ed495a78125b3b3fbdd2a8773c0ee7014fb2aa8bff67fde3f31a947bce76cec	51	101	231	1269	18079	0
all-numeric-positions-002	contracts/ir-derived-obligations-v0.2/inputs/all-numeric-positions.jcs	sha256:17548fdc8108cba783b281c6d6251e27a53bf048c66c4be44eda58d71c5b80eb	sha256:35477dbf7efe55e11779f64bdd78ec6614ca64df17d3e26debc678e64f9e72cd	contracts/core-field-origin-v0.1/records/all-numeric-positions-002.jcs	sha256:cc90dbfc190142a5bd3189e754f29998fe7d617955200378fa362345f0d23ace	51	101	231	1269	18095	0
all-numeric-positions-003	contracts/ir-derived-obligations-v0.2/inputs/all-numeric-positions.jcs	sha256:17548fdc8108cba783b281c6d6251e27a53bf048c66c4be44eda58d71c5b80eb	sha256:95bbb3a564f0a4b3e5e6c9dcdcb17e86b8140bb49b64361b905a6cbd27697475	contracts/core-field-origin-v0.1/records/all-numeric-positions-003.jcs	sha256:67dfd719ecdee7b8eb873f64deb564eb2e542a4329d1a36d5b8b73f2d50db5eb	51	101	231	1269	18099	0
all-numeric-positions-004	contracts/ir-derived-obligations-v0.2/inputs/all-numeric-positions.jcs	sha256:17548fdc8108cba783b281c6d6251e27a53bf048c66c4be44eda58d71c5b80eb	sha256:afa5e878d4e283ff713e4dd817b844e2eff63e0ac6917f47bbec98b70956516a	contracts/core-field-origin-v0.1/records/all-numeric-positions-004.jcs	sha256:6a25e40ad080d092007bf921fb4ee04d84ea8378664dfb88fc2eaa54b39817ff	51	101	231	1269	18071	0
all-numeric-positions-005	contracts/ir-derived-obligations-v0.2/inputs/all-numeric-positions.jcs	sha256:17548fdc8108cba783b281c6d6251e27a53bf048c66c4be44eda58d71c5b80eb	sha256:b5333be9cbdb1f1d3a3ad9d7e9195e7834aeb9d3bf403661020eb1f946d392e9	contracts/core-field-origin-v0.1/records/all-numeric-positions-005.jcs	sha256:cbc817cd4e3538bcea454322e20b6df10c1ce99450d65876f17d3813bcb671c6	51	101	231	1269	18095	0
all-numeric-positions-006	contracts/ir-derived-obligations-v0.2/inputs/all-numeric-positions.jcs	sha256:17548fdc8108cba783b281c6d6251e27a53bf048c66c4be44eda58d71c5b80eb	sha256:c60153722f1e890a3e6e7b43499f04e7eebc88906158051372b86e7437c03bfd	contracts/core-field-origin-v0.1/records/all-numeric-positions-006.jcs	sha256:684b9c6ef3ce277055d949dc18a7fcebb2a9efeba17a315d7fef60a1e2ba987e	51	101	231	1269	18075	0
all-numeric-positions-007	contracts/ir-derived-obligations-v0.2/inputs/all-numeric-positions.jcs	sha256:17548fdc8108cba783b281c6d6251e27a53bf048c66c4be44eda58d71c5b80eb	sha256:fae94ddcc2874defca76c0320448746f6e613e98a1d0692e2265115034d17f0d	contracts/core-field-origin-v0.1/records/all-numeric-positions-007.jcs	sha256:5f0c03c6d41207a8cfd22cf41bcb0b7f2c370b142a4b97264a685ba1f446904d	51	101	231	1269	18103	0
changed-pre-000	contracts/ir-derived-obligations-v0.2/inputs/changed-pre.jcs	sha256:fc992e7e9d569c7be281beadc809b073d31ba3fde4cdee5485656e397cd66e75	sha256:260cfb67f9613933c760d603bc23d84579f6efb6f86d79ee44d78756c1dc6962	contracts/core-field-origin-v0.1/records/changed-pre-000.jcs	sha256:b3795c6946fa0daae582034388bb384b405575b5e927b4b927bd63e5bb8a9317	51	101	231	1269	18079	0
changed-pre-001	contracts/ir-derived-obligations-v0.2/inputs/changed-pre.jcs	sha256:fc992e7e9d569c7be281beadc809b073d31ba3fde4cdee5485656e397cd66e75	sha256:42f6bfd64134c785a251f32f88eea33f94c6e9561f5089cbbf2c47d13245663a	contracts/core-field-origin-v0.1/records/changed-pre-001.jcs	sha256:1c86b6f8ced4b733e1c3dcc78164a4ecd905213aa63572c6d504fe4fd3ca536e	51	101	231	1269	18071	0
changed-pre-002	contracts/ir-derived-obligations-v0.2/inputs/changed-pre.jcs	sha256:fc992e7e9d569c7be281beadc809b073d31ba3fde4cdee5485656e397cd66e75	sha256:47777e1caf0fa88990bf342142e5e6325e243ef6033d0672f151be08eee0fcaa	contracts/core-field-origin-v0.1/records/changed-pre-002.jcs	sha256:30cca8f9a15d54f53650948020e4a6f9474be30a53a0e34420a23c8cbe5dacaf	51	101	231	1269	18071	0
changed-pre-003	contracts/ir-derived-obligations-v0.2/inputs/changed-pre.jcs	sha256:fc992e7e9d569c7be281beadc809b073d31ba3fde4cdee5485656e397cd66e75	sha256:4a4505270f72596a5d46b319147a6a7956bc5c85b348357179b34d62d4b3ba11	contracts/core-field-origin-v0.1/records/changed-pre-003.jcs	sha256:93fa3ace0d31056c6571f59919cf4c051dde925c0087022bcfb6a004b92b5852	51	101	231	1269	18095	0
changed-pre-004	contracts/ir-derived-obligations-v0.2/inputs/changed-pre.jcs	sha256:fc992e7e9d569c7be281beadc809b073d31ba3fde4cdee5485656e397cd66e75	sha256:4b927e9dab6ec2eff5c50f59cb6c86b5757a08d9a9e01fc125359c6850c6db68	contracts/core-field-origin-v0.1/records/changed-pre-004.jcs	sha256:b473ae36434b4c9428c312cd391a1485d956480c2880418bc06802c7bd971e45	51	101	231	1269	18103	0
changed-pre-005	contracts/ir-derived-obligations-v0.2/inputs/changed-pre.jcs	sha256:fc992e7e9d569c7be281beadc809b073d31ba3fde4cdee5485656e397cd66e75	sha256:5881c07a0265a14521202a3256deb49f7f75874b6fc9443b35055fe3eb8b01be	contracts/core-field-origin-v0.1/records/changed-pre-005.jcs	sha256:d55bafc201163a3f8ded6c8842175bd76794ecf1748fac6ce9c9e6a910e824e2	51	101	231	1269	18075	0
changed-pre-006	contracts/ir-derived-obligations-v0.2/inputs/changed-pre.jcs	sha256:fc992e7e9d569c7be281beadc809b073d31ba3fde4cdee5485656e397cd66e75	sha256:614d983db36d2b2d4f9189e18525e620ea477f0469388dcc36918ca5f8e56ac9	contracts/core-field-origin-v0.1/records/changed-pre-006.jcs	sha256:ced9acf94caf6cc9dc5b0233d85a96f7c95d2b70e25b52450d57694db60f4b85	51	101	231	1269	18095	0
changed-pre-007	contracts/ir-derived-obligations-v0.2/inputs/changed-pre.jcs	sha256:fc992e7e9d569c7be281beadc809b073d31ba3fde4cdee5485656e397cd66e75	sha256:b708875d4a8c93f009e4304ff5134f6507bec8ee30a37d14b4a26d8d0660c9b1	contracts/core-field-origin-v0.1/records/changed-pre-007.jcs	sha256:1091a1887b00846abefb44335cc2fd394d831d890f8471d868a3490cdbf28996	51	101	231	1269	18099	0
empty-group-no-aggregates-000	contracts/ir-derived-obligations-v0.2/inputs/empty-group-no-aggregates.jcs	sha256:1888e9decfba63fd36bd2658ca4d1364c6355245832cb7ec706e21d75b120fa6	sha256:46d9259dd64116df01b31f8d691908bb7dbbe6728d650d795c8b2f8ae962a506	contracts/core-field-origin-v0.1/records/empty-group-no-aggregates-000.jcs	sha256:972ae841f0272bce3c5ad0727eba922fc8131a5d32bb71720b4d46ef668017d8	12	19	62	52	4109	0
same-node-two-outputs-000	contracts/ir-derived-obligations-v0.2/inputs/same-node-two-outputs.jcs	sha256:f17bf26b584f5313303cd6216a0de946a49255794e1ae0ea94e48b43f22659f5	sha256:1968647bbec711f1a830219fd3865661b6b1fa020c2333c1913188f9b5e2f9fd	contracts/core-field-origin-v0.1/records/same-node-two-outputs-000.jcs	sha256:0021946b570aab7608b40511c1c4763ebf885074b1cf6b00971722191a40ceb4	12	19	62	52	4109	0
same-node-two-outputs-001	contracts/ir-derived-obligations-v0.2/inputs/same-node-two-outputs.jcs	sha256:f17bf26b584f5313303cd6216a0de946a49255794e1ae0ea94e48b43f22659f5	sha256:6fd665fb8eb16b1a3b6ddddfaddcc842490819c7f3c58773a7da45c152253dd1	contracts/core-field-origin-v0.1/records/same-node-two-outputs-001.jcs	sha256:819890ae8f86fbbc954b2cddf6a0c7efa1f1fd3abd44f22f2464f745a0a20404	12	19	62	52	4115	0
deep-numeric-000	contracts/ir-derived-obligations-v0.2/inputs/deep-numeric.jcs	sha256:c17203eb4afa24d9565eed53b08aee14da5bdea12fe039dcde4a0841aa512b6e	sha256:1f57b6cf1ee7f603c9c7721f9014e632061be532f0426419826035b32b3ada75	contracts/core-field-origin-v0.1/records/deep-numeric-000.jcs	sha256:f7bbe664eaca96944c48c5ad0444ad2da614b80a283110026c3e70957d3a6c17	8	10	41	34	3089	0
query-identity-000	contracts/map-filter-query-v0.1/inputs/identity.jcs	sha256:eb557968f37ca3e8269312a5ab78b9c988b3b23ab3a8097618d81802adbcf2d5	sha256:30c76763226f3b911161114758ea2408720525659b6f92116aed192ac0603fce	contracts/core-field-origin-v0.1/records/query-identity-000.jcs	sha256:a7387c87e32fc46f55ece7faea39f2811b62637a84168812e80b5e4676fd5bba	52	117	228	840	19057	0
query-identity-001	contracts/map-filter-query-v0.1/inputs/identity.jcs	sha256:eb557968f37ca3e8269312a5ab78b9c988b3b23ab3a8097618d81802adbcf2d5	sha256:334c077cf802f5d45c3ca25e8121a4d34fbe321d9e7cf1f07ec6c180d67af325	contracts/core-field-origin-v0.1/records/query-identity-001.jcs	sha256:f0a1529a6d3945612d6b50628c0e266e52f6df05966246d794496ccecbb2266c	52	117	228	840	19062	0
query-identity-002	contracts/map-filter-query-v0.1/inputs/identity.jcs	sha256:eb557968f37ca3e8269312a5ab78b9c988b3b23ab3a8097618d81802adbcf2d5	sha256:5b838f96618e26a123a56a40bda77301bcddef1540525eba413191fe441186bb	contracts/core-field-origin-v0.1/records/query-identity-002.jcs	sha256:164c466b6afad08ecc346be042c03d9aa05c3c0f013b1710b34c3f9f93670c51	52	117	228	840	19062	0
query-identity-003	contracts/map-filter-query-v0.1/inputs/identity.jcs	sha256:eb557968f37ca3e8269312a5ab78b9c988b3b23ab3a8097618d81802adbcf2d5	sha256:913161ec31083952475774bdbed4dbdd361a369a8b56cd0afbdc6cede20e64cb	contracts/core-field-origin-v0.1/records/query-identity-003.jcs	sha256:00fb2d5a821ce34035716385d196c83c1afc4f6d30eaa8efc5db2b6bef4cc7e9	52	117	228	840	19066	0
query-identity-004	contracts/map-filter-query-v0.1/inputs/identity.jcs	sha256:eb557968f37ca3e8269312a5ab78b9c988b3b23ab3a8097618d81802adbcf2d5	sha256:a3bed7ac83c83520f98fd326e0298212426fde027435e3a934037664304984a4	contracts/core-field-origin-v0.1/records/query-identity-004.jcs	sha256:5de7cbd58e3231dc25b2242249ccbc66f17ac778bd27595940034ae4cc3193b9	52	117	228	840	19066	0
query-identity-005	contracts/map-filter-query-v0.1/inputs/identity.jcs	sha256:eb557968f37ca3e8269312a5ab78b9c988b3b23ab3a8097618d81802adbcf2d5	sha256:a9eaaaeba441c01467d99aec2080dcb62fb4147a044761b5352b3a1793f30555	contracts/core-field-origin-v0.1/records/query-identity-005.jcs	sha256:a4c01ddd318e261e97e69cbb520614ed0c455adc6c1522561aefe18707fab5a5	52	117	228	840	19064	0
query-identity-006	contracts/map-filter-query-v0.1/inputs/identity.jcs	sha256:eb557968f37ca3e8269312a5ab78b9c988b3b23ab3a8097618d81802adbcf2d5	sha256:dff47075d1f9254dbcd0215458e8061423c60a0ec06bc9362bc999785b1db7c7	contracts/core-field-origin-v0.1/records/query-identity-006.jcs	sha256:640abaee71ce0c2e6f45b630a002f38f474eb7f7887026234286e78485cc2e00	52	117	228	840	19060	0
query-identity-007	contracts/map-filter-query-v0.1/inputs/identity.jcs	sha256:eb557968f37ca3e8269312a5ab78b9c988b3b23ab3a8097618d81802adbcf2d5	sha256:e7de3cd18fd9b30a84bbe781b30b27bde486428b185b9a9dc745f0b81c8f1ec9	contracts/core-field-origin-v0.1/records/query-identity-007.jcs	sha256:d5bd02abf4e1e780e64d158103cfa0915c2b5922c91d5fe3da4603e3781042f3	52	117	228	840	19062	0
query-int-add-000	contracts/map-filter-query-v0.1/inputs/int-add.jcs	sha256:7df28cdabcb0c9e2e379743a9e572537c2e37f731c77bab1ef1ffafa146662d4	sha256:3ec2fde823fe811e76883358ab78652bcf08d92523c22a0b397a141d3c5ca526	contracts/core-field-origin-v0.1/records/query-int-add-000.jcs	sha256:ebac2567dd8ad1474b42bab047f99b80080104105393a7a5aef717e90481f319	54	121	236	933	19822	0
query-int-add-001	contracts/map-filter-query-v0.1/inputs/int-add.jcs	sha256:7df28cdabcb0c9e2e379743a9e572537c2e37f731c77bab1ef1ffafa146662d4	sha256:4bc5efbd1e91db4e55731622a9997bc2542c7bcabb82072c4fa4bbc75adec7aa	contracts/core-field-origin-v0.1/records/query-int-add-001.jcs	sha256:636e6d9367c99b2f9d9312a71a35e9c3a09b5fe3685513b9eafdeab5f6bc5e44	54	121	236	933	19817	0
query-int-add-002	contracts/map-filter-query-v0.1/inputs/int-add.jcs	sha256:7df28cdabcb0c9e2e379743a9e572537c2e37f731c77bab1ef1ffafa146662d4	sha256:a0428f57473dd35807b27e6e6174e4493e7c4b06222a153f917ef12cb952cee8	contracts/core-field-origin-v0.1/records/query-int-add-002.jcs	sha256:33b2ba2d8c467c0ed189aefce8d18311b8f004085d7127e33c8edc7d5c39b58b	54	121	236	933	19826	0
query-int-add-003	contracts/map-filter-query-v0.1/inputs/int-add.jcs	sha256:7df28cdabcb0c9e2e379743a9e572537c2e37f731c77bab1ef1ffafa146662d4	sha256:b5c96a021fe28a8ceacd4c60cf7004744243058be7ddb314affa577eaa6f109d	contracts/core-field-origin-v0.1/records/query-int-add-003.jcs	sha256:4e3b8bf8104cc502626e026ea6c27a04349a1dd91deaee7c0d393c66ed321db1	54	121	236	933	19824	0
query-int-add-004	contracts/map-filter-query-v0.1/inputs/int-add.jcs	sha256:7df28cdabcb0c9e2e379743a9e572537c2e37f731c77bab1ef1ffafa146662d4	sha256:b68e5e64a79ae7b56667a2efdf3d2bdbef7c510d8a0618f80136b2d00790d248	contracts/core-field-origin-v0.1/records/query-int-add-004.jcs	sha256:757a5ff9b8a445b83c62aafc8f3077891d7ff20bde2c8a5ac91ec6f2f7c77f41	54	121	236	933	19822	0
query-int-add-005	contracts/map-filter-query-v0.1/inputs/int-add.jcs	sha256:7df28cdabcb0c9e2e379743a9e572537c2e37f731c77bab1ef1ffafa146662d4	sha256:e218d2d3a1a25157552f513aadf9d2b754b52ea4eb047c0496f36eba65ae2e2b	contracts/core-field-origin-v0.1/records/query-int-add-005.jcs	sha256:84cb83f8a3cad21e1c0f658a7b7d11de0357eddc0ed88c8ad20004e506e71d1c	54	121	236	933	19820	0
query-int-add-006	contracts/map-filter-query-v0.1/inputs/int-add.jcs	sha256:7df28cdabcb0c9e2e379743a9e572537c2e37f731c77bab1ef1ffafa146662d4	sha256:ed03f46de05a328abae33daf672db50857d3958d04dc7d34ed978199f3d90c23	contracts/core-field-origin-v0.1/records/query-int-add-006.jcs	sha256:c27cf04e560fed6e68f3e230bc02d60058b3aa8327e42841457f1d3874e6cb8f	54	121	236	933	19822	0
query-int-add-007	contracts/map-filter-query-v0.1/inputs/int-add.jcs	sha256:7df28cdabcb0c9e2e379743a9e572537c2e37f731c77bab1ef1ffafa146662d4	sha256:fbd10cde563839038a7c77a0d2697a92365c5d5243d7a32f9b318dd3ac1eff3c	contracts/core-field-origin-v0.1/records/query-int-add-007.jcs	sha256:2b315e4a7e5d998dccc271e31da7cf3f54c8767567a3bf54e3dddfd7d2fcdd7d	54	121	236	933	19826	0
query-int-sub-000	contracts/map-filter-query-v0.1/inputs/int-sub.jcs	sha256:5bd38a571e975cc177bbb90916381774da95b533696a7cfd969887e46ac37ff1	sha256:038d976a4fda4a07cf459a6fca1cda2743d37c754d165875a6cb2f414d7833ec	contracts/core-field-origin-v0.1/records/query-int-sub-000.jcs	sha256:ac25e73ff80a0c2be1621629e57748e19d86b214edf97a51f82686193d64d3a1	54	121	236	916	19805	0
query-int-sub-001	contracts/map-filter-query-v0.1/inputs/int-sub.jcs	sha256:5bd38a571e975cc177bbb90916381774da95b533696a7cfd969887e46ac37ff1	sha256:16189e0639341efafe717b8ca739cc7f5d550fae6068924720c2dcf554f0a8bc	contracts/core-field-origin-v0.1/records/query-int-sub-001.jcs	sha256:9b06715b7e21c02c596057e024d65701697bd702dfeac5041f55e58c91caea09	54	121	236	916	19803	0
query-int-sub-002	contracts/map-filter-query-v0.1/inputs/int-sub.jcs	sha256:5bd38a571e975cc177bbb90916381774da95b533696a7cfd969887e46ac37ff1	sha256:49e2266b84d60999c2ff51446c792fd2bc2a1c7edaf05710b102e9c53d27a88c	contracts/core-field-origin-v0.1/records/query-int-sub-002.jcs	sha256:15a0d8f8b7935b1073b005396c9d957f9dcbb8b2990b398ca306ceff989e46ab	54	121	236	916	19809	0
query-int-sub-003	contracts/map-filter-query-v0.1/inputs/int-sub.jcs	sha256:5bd38a571e975cc177bbb90916381774da95b533696a7cfd969887e46ac37ff1	sha256:570d3493e143b0c9ab49251819f0f305cf966785db2db3f36c074ae90d7ef818	contracts/core-field-origin-v0.1/records/query-int-sub-003.jcs	sha256:e58433a50f17f92f3045a5d7a7e05d266cc047715b1b766390953fca55f7626c	54	121	236	916	19800	0
query-int-sub-004	contracts/map-filter-query-v0.1/inputs/int-sub.jcs	sha256:5bd38a571e975cc177bbb90916381774da95b533696a7cfd969887e46ac37ff1	sha256:58f8f3dd3997c82a2713a000583c7a92ee66853691a0b99542fbca7bc4ad5f45	contracts/core-field-origin-v0.1/records/query-int-sub-004.jcs	sha256:c49f069469071d5b6a9393ff65737d8c446730bceaa40609c51557d3af94541c	54	121	236	916	19805	0
query-int-sub-005	contracts/map-filter-query-v0.1/inputs/int-sub.jcs	sha256:5bd38a571e975cc177bbb90916381774da95b533696a7cfd969887e46ac37ff1	sha256:75afd2e1ee9663d31d164f494699744e484be8a151fcf8d0826c36ae90b539df	contracts/core-field-origin-v0.1/records/query-int-sub-005.jcs	sha256:606fd160c57e0d830175a0e27e9ef856b2e03abe337212f599dde533c3db381d	54	121	236	916	19805	0
query-int-sub-006	contracts/map-filter-query-v0.1/inputs/int-sub.jcs	sha256:5bd38a571e975cc177bbb90916381774da95b533696a7cfd969887e46ac37ff1	sha256:880dcebe510cecf7a26b4cf8fc99ff1e900c1e8bc22fbef2b51b34d4d2e63605	contracts/core-field-origin-v0.1/records/query-int-sub-006.jcs	sha256:03a31e66d127543df55d8bea7b97b037d27762a9f907af89237c11693e908568	54	121	236	916	19809	0
query-int-sub-007	contracts/map-filter-query-v0.1/inputs/int-sub.jcs	sha256:5bd38a571e975cc177bbb90916381774da95b533696a7cfd969887e46ac37ff1	sha256:c89cbb6faa462661cf74d33985d9dcc69b23de0c45d61ff19560017fda188395	contracts/core-field-origin-v0.1/records/query-int-sub-007.jcs	sha256:bdb4508200a05c1bc77552f063f5aac6ed11fdd833e9df7f5f93e1102c06eeef	54	121	236	916	19807	0
query-fixed-add-000	contracts/map-filter-query-v0.1/inputs/fixed-add.jcs	sha256:1f99c51650769bcc4dafe6408bf71eac94c8633bd22d9fed1b1dc72dbeaab4d1	sha256:315c6d8ae1c2c2c2f2074e9b12a22457df805c7585f92b5001f592aa377d7431	contracts/core-field-origin-v0.1/records/query-fixed-add-000.jcs	sha256:f2a649dda92be05592ca295d3917b69a7ba12f8c619eb03e2a7cef6b577c7982	54	121	236	933	19826	0
query-fixed-add-001	contracts/map-filter-query-v0.1/inputs/fixed-add.jcs	sha256:1f99c51650769bcc4dafe6408bf71eac94c8633bd22d9fed1b1dc72dbeaab4d1	sha256:36b9fe2f0f52d0fdcfdd29ea324f65fba69afb07f3c8e2cb7d300647892d94e4	contracts/core-field-origin-v0.1/records/query-fixed-add-001.jcs	sha256:76f772eada9bdfbd5043193c2be2af0673b31ad543cc645ad2f3c05154ae5034	54	121	236	933	19821	0
query-fixed-add-002	contracts/map-filter-query-v0.1/inputs/fixed-add.jcs	sha256:1f99c51650769bcc4dafe6408bf71eac94c8633bd22d9fed1b1dc72dbeaab4d1	sha256:4128e9bf320038acb1dfc95c9bc93cef941bacbc16e65fdb33b80e1dd6f9785f	contracts/core-field-origin-v0.1/records/query-fixed-add-002.jcs	sha256:ffd204b388f4d795ca3c96cb8544c01543de9379c51d76976a16af2a91f8c99d	54	121	236	933	19826	0
query-fixed-add-003	contracts/map-filter-query-v0.1/inputs/fixed-add.jcs	sha256:1f99c51650769bcc4dafe6408bf71eac94c8633bd22d9fed1b1dc72dbeaab4d1	sha256:78438379bc82e6ddfefaa603aac5fad6a668c68a8f37cc4ecc9b0168bfa3da76	contracts/core-field-origin-v0.1/records/query-fixed-add-003.jcs	sha256:485a046f902f8fbb286a9fbcf2a437251d52c7772eaac47b6a6a7ff348f28f33	54	121	236	933	19830	0
query-fixed-add-004	contracts/map-filter-query-v0.1/inputs/fixed-add.jcs	sha256:1f99c51650769bcc4dafe6408bf71eac94c8633bd22d9fed1b1dc72dbeaab4d1	sha256:8aa2cbe2f9988d1a3c2d2ae1107001cfff0c5fc610e326ffa6ec8a58a5f83ae4	contracts/core-field-origin-v0.1/records/query-fixed-add-004.jcs	sha256:103a4ea2cc2e57ebac43075a0911d398340de973b3038264eefd19b52a3a04fd	54	121	236	933	19826	0
query-fixed-add-005	contracts/map-filter-query-v0.1/inputs/fixed-add.jcs	sha256:1f99c51650769bcc4dafe6408bf71eac94c8633bd22d9fed1b1dc72dbeaab4d1	sha256:da6c68404f744487538fa9fb2ffd1af0002e87e3fd298c152af94e1b116f8d10	contracts/core-field-origin-v0.1/records/query-fixed-add-005.jcs	sha256:30f6ce629d4f2f12dd30380ea2f772e9a273fc8fdd5c48c0995254ac557c1a1f	54	121	236	933	19828	0
query-fixed-add-006	contracts/map-filter-query-v0.1/inputs/fixed-add.jcs	sha256:1f99c51650769bcc4dafe6408bf71eac94c8633bd22d9fed1b1dc72dbeaab4d1	sha256:eaa74e0dd8de744bde628cc87561771038da08f2561a5dab9b7b2fc139cd3ee3	contracts/core-field-origin-v0.1/records/query-fixed-add-006.jcs	sha256:e72b6d999ecd4d1101e6e769f60313054f2b8a151d12542f86735165b3395fcb	54	121	236	933	19824	0
query-fixed-add-007	contracts/map-filter-query-v0.1/inputs/fixed-add.jcs	sha256:1f99c51650769bcc4dafe6408bf71eac94c8633bd22d9fed1b1dc72dbeaab4d1	sha256:fd8d2f9d5b26e38b6e24c8f3c47e0921c2bc7d8f6f2c34ea6dd80027f825e9bd	contracts/core-field-origin-v0.1/records/query-fixed-add-007.jcs	sha256:d8771002b85892dfcc2b60c55f14cfa17dcf50107a0e3555b240335ac31e981d	54	121	236	933	19830	0
query-fixed-sub-000	contracts/map-filter-query-v0.1/inputs/fixed-sub.jcs	sha256:580140832d05b3d491116404d95775a167db358b40eac12e085007f95f502307	sha256:02a843c25818b2983fd6150ea1ace7e7bcb47ea764cee3ce947dbf2e032f9299	contracts/core-field-origin-v0.1/records/query-fixed-sub-000.jcs	sha256:7acb7371f34d875e75df83320956aed8f695abd30b05b4697fb052f63112256f	54	121	236	916	19811	0
query-fixed-sub-001	contracts/map-filter-query-v0.1/inputs/fixed-sub.jcs	sha256:580140832d05b3d491116404d95775a167db358b40eac12e085007f95f502307	sha256:08c78b3e939bafb8f01beaba232ada08d422dc3bae291525eef034d7ab7c499c	contracts/core-field-origin-v0.1/records/query-fixed-sub-001.jcs	sha256:c39b1d10327eb816697468ea4a1a55e4baba16348102c9519bd2d5268fdf2671	54	121	236	916	19813	0
query-fixed-sub-002	contracts/map-filter-query-v0.1/inputs/fixed-sub.jcs	sha256:580140832d05b3d491116404d95775a167db358b40eac12e085007f95f502307	sha256:0984a63813410f13645b5adc70ceb5ce18b6a91f426ec986d2482ebfa82275e8	contracts/core-field-origin-v0.1/records/query-fixed-sub-002.jcs	sha256:dba3c12183ae62871fd908bc19b3e0ffad2ed8597858f8dcf69248fa23931790	54	121	236	916	19804	0
query-fixed-sub-003	contracts/map-filter-query-v0.1/inputs/fixed-sub.jcs	sha256:580140832d05b3d491116404d95775a167db358b40eac12e085007f95f502307	sha256:1d1779ea957e4b8d3441cb729ccd09dd56cf10bbb7e6b5403082278715755ca5	contracts/core-field-origin-v0.1/records/query-fixed-sub-003.jcs	sha256:912149304365380c8b851b10ab12c65f3571e758e822c10bff6595c55ab99da2	54	121	236	916	19809	0
query-fixed-sub-004	contracts/map-filter-query-v0.1/inputs/fixed-sub.jcs	sha256:580140832d05b3d491116404d95775a167db358b40eac12e085007f95f502307	sha256:37c05c372b3bb5ce77a13a472a90c7d4fce48422b254bf7da38eaa6cbd969617	contracts/core-field-origin-v0.1/records/query-fixed-sub-004.jcs	sha256:aa51d4248737ee048ffdc3415dcdbf63d7453c6400892c513ea85f989440e825	54	121	236	916	19809	0
query-fixed-sub-005	contracts/map-filter-query-v0.1/inputs/fixed-sub.jcs	sha256:580140832d05b3d491116404d95775a167db358b40eac12e085007f95f502307	sha256:9d6691f7a915961fc2665294e31960b3267d0f504ff5abae7bcc10997314a03f	contracts/core-field-origin-v0.1/records/query-fixed-sub-005.jcs	sha256:2c37d6ff53625b55ca84fd4467c92b2eadf12c6e05b371cb7d29878e67e7a419	54	121	236	916	19809	0
query-fixed-sub-006	contracts/map-filter-query-v0.1/inputs/fixed-sub.jcs	sha256:580140832d05b3d491116404d95775a167db358b40eac12e085007f95f502307	sha256:c015b1f07cd130cbdcca4e1a90116bb3b94b3235f34d4fc60f0129e36c2373b6	contracts/core-field-origin-v0.1/records/query-fixed-sub-006.jcs	sha256:2824cf2bc540d1556c3efa048489dc5c107cce3801297ca41084698ce9ec4a2d	54	121	236	916	19807	0
query-fixed-sub-007	contracts/map-filter-query-v0.1/inputs/fixed-sub.jcs	sha256:580140832d05b3d491116404d95775a167db358b40eac12e085007f95f502307	sha256:fc666ce533ac38e79e7f7f94e4295e48ef66a2d2c8bad08e8579a1577c4de32a	contracts/core-field-origin-v0.1/records/query-fixed-sub-007.jcs	sha256:ac1e8dfc35f9e6e7699c2df99b3fa5ca0cb4695459d76f04c1677469d2deab6a	54	121	236	916	19813	0
query-conditional-range-000	contracts/map-filter-query-v0.1/inputs/conditional-range.jcs	sha256:f47cddc7f3a2c876cb435a8324318411f836787f3fd0699e9125db43d5448c3a	sha256:525ce9fc3cb9397f0dc6e757903f6557a33c3f37a97507291f85d49017aad97e	contracts/core-field-origin-v0.1/records/query-conditional-range-000.jcs	sha256:13ee8b0df12113f230b1796fa2d6556f12e0790e75305c64a133d085060bb539	61	141	264	1242	22637	0
query-conditional-range-001	contracts/map-filter-query-v0.1/inputs/conditional-range.jcs	sha256:f47cddc7f3a2c876cb435a8324318411f836787f3fd0699e9125db43d5448c3a	sha256:5a82e24a31c891a06c461d37f52c928ee7ef9a8b6bae07f739c32661ce9aedc0	contracts/core-field-origin-v0.1/records/query-conditional-range-001.jcs	sha256:e424ff12e736eb5af30b51484a92825bd678c0ba6020af6ef78802b47537a351	61	141	264	1242	22639	0
query-conditional-range-002	contracts/map-filter-query-v0.1/inputs/conditional-range.jcs	sha256:f47cddc7f3a2c876cb435a8324318411f836787f3fd0699e9125db43d5448c3a	sha256:622aeaa540c3fe3a83ff0433a4e9511ca7cec5cb894ef8f7075de7d358ce2b50	contracts/core-field-origin-v0.1/records/query-conditional-range-002.jcs	sha256:863702267947d66158db0060b264fd17b2fcd4093ce0233626b8f595d5ae0144	61	141	264	1242	22643	0
query-conditional-range-003	contracts/map-filter-query-v0.1/inputs/conditional-range.jcs	sha256:f47cddc7f3a2c876cb435a8324318411f836787f3fd0699e9125db43d5448c3a	sha256:6e34f6205db4faa006f86bf5e067b483e20a3c2273953c21a2ab8c8c9a4a6af2	contracts/core-field-origin-v0.1/records/query-conditional-range-003.jcs	sha256:127f1514c3ba44589f0a44384d106ec56a91448f5b76706100ffa52e9b169d5c	61	141	264	1242	22639	0
query-conditional-range-004	contracts/map-filter-query-v0.1/inputs/conditional-range.jcs	sha256:f47cddc7f3a2c876cb435a8324318411f836787f3fd0699e9125db43d5448c3a	sha256:6ff7aaa4c11734dce9b590fe1945f430683167c0506368aa1d52a571c101c001	contracts/core-field-origin-v0.1/records/query-conditional-range-004.jcs	sha256:1c3c8dbb8f6457d4d6ded5a9c7471fae84b52252f6b809724b26e05b1247bbdd	61	141	264	1242	22641	0
query-conditional-range-005	contracts/map-filter-query-v0.1/inputs/conditional-range.jcs	sha256:f47cddc7f3a2c876cb435a8324318411f836787f3fd0699e9125db43d5448c3a	sha256:7bb516b768b382648b156ad593dddbc3b782e2d5298f1d09c032f6be0d8ae78c	contracts/core-field-origin-v0.1/records/query-conditional-range-005.jcs	sha256:0f07186d5521200269e5f5577fc269421d99f1d4657063f9ef8fc99f88c792d9	61	141	264	1242	22643	0
query-conditional-range-006	contracts/map-filter-query-v0.1/inputs/conditional-range.jcs	sha256:f47cddc7f3a2c876cb435a8324318411f836787f3fd0699e9125db43d5448c3a	sha256:836c5bcb0af784ab38aa93c834de7f64a8c0d8c337d27be3706fa0ecb85d2b83	contracts/core-field-origin-v0.1/records/query-conditional-range-006.jcs	sha256:edf6412d44fa136590c2f032b4544dad2c1ab3fa3e15e4c6e74ed63cbf5dc910	61	141	264	1242	22639	0
query-conditional-range-007	contracts/map-filter-query-v0.1/inputs/conditional-range.jcs	sha256:f47cddc7f3a2c876cb435a8324318411f836787f3fd0699e9125db43d5448c3a	sha256:d1a5a57664861bb67b4470d75ceb0f2fb25f2ce0d2e1bd5ac3a92da6da7f223b	contracts/core-field-origin-v0.1/records/query-conditional-range-007.jcs	sha256:f0ff87601588b4e8946ed98c1899de2ca83197ed49e468ad4499682d478ae8e3	61	141	264	1242	22634	0
query-dead-range-000	contracts/map-filter-query-v0.1/inputs/dead-range.jcs	sha256:0da219f4b4bdaebaa988e2a953f7f8f2d4f479552d3573db2c4b3264acbe64df	sha256:00782515f80615a6f5696dc77c79754eb05403e5fd550b9f936449653a111722	contracts/core-field-origin-v0.1/records/query-dead-range-000.jcs	sha256:b9aee58b9144f71a6217301f5ff308abc7d2a84d233578a861cc43cb597df78d	57	127	248	1048	20940	0
query-dead-range-001	contracts/map-filter-query-v0.1/inputs/dead-range.jcs	sha256:0da219f4b4bdaebaa988e2a953f7f8f2d4f479552d3573db2c4b3264acbe64df	sha256:057ee9b47784a1839aebd777b9dc3977a07973bc61ec71dc3d9e428689fe15aa	contracts/core-field-origin-v0.1/records/query-dead-range-001.jcs	sha256:8af79f23f9c5a04b75234714bb9edeba5f8bb434699d4427e2f4bf5f2f8f867b	57	127	248	1048	20944	0
query-dead-range-002	contracts/map-filter-query-v0.1/inputs/dead-range.jcs	sha256:0da219f4b4bdaebaa988e2a953f7f8f2d4f479552d3573db2c4b3264acbe64df	sha256:0a29a91fb9de773e84e2eab5de4de514b2813f5430a39bab962c64efc3335bc8	contracts/core-field-origin-v0.1/records/query-dead-range-002.jcs	sha256:ef7d88cfba61a18203a7994a7dbf0db60ef2f3921150aa001b250e641c95d6cd	57	127	248	1048	20944	0
query-dead-range-003	contracts/map-filter-query-v0.1/inputs/dead-range.jcs	sha256:0da219f4b4bdaebaa988e2a953f7f8f2d4f479552d3573db2c4b3264acbe64df	sha256:29bf826acf4bf354c54cae91abebbd4eebea8e907c24213b22da0b8549724726	contracts/core-field-origin-v0.1/records/query-dead-range-003.jcs	sha256:343e3251ceed0c483121c7f37e5c4e7f76c9dd2aaa1a235c12102f1d3ed6c05d	57	127	248	1048	20935	0
query-dead-range-004	contracts/map-filter-query-v0.1/inputs/dead-range.jcs	sha256:0da219f4b4bdaebaa988e2a953f7f8f2d4f479552d3573db2c4b3264acbe64df	sha256:70c060f8388bb59f573bac98151b15459ef4d578fa4fc55af047c6ac32203ec7	contracts/core-field-origin-v0.1/records/query-dead-range-004.jcs	sha256:08c54ee47ca2ca77aae7e7b230c55bc1b3b2263e823e0ca85e546cec02e19dc7	57	127	248	1048	20942	0
query-dead-range-005	contracts/map-filter-query-v0.1/inputs/dead-range.jcs	sha256:0da219f4b4bdaebaa988e2a953f7f8f2d4f479552d3573db2c4b3264acbe64df	sha256:9a9721d9f288c33babda9ea8eae5f1fc1a65f41fadbb3e92b034c7d1e853700f	contracts/core-field-origin-v0.1/records/query-dead-range-005.jcs	sha256:67bca7924a7292ef818667367d0efa82d3282c43a76378c419ee41b01ab3d5f4	57	127	248	1048	20940	0
query-dead-range-006	contracts/map-filter-query-v0.1/inputs/dead-range.jcs	sha256:0da219f4b4bdaebaa988e2a953f7f8f2d4f479552d3573db2c4b3264acbe64df	sha256:a5183e1112d91d269a94b0be502d861e6fa7ec8f153192813838d4a112aeec54	contracts/core-field-origin-v0.1/records/query-dead-range-006.jcs	sha256:bca987f9cedd0303f0932c64db2880c4b28f662cd9c6efe92ffa0d23c81402e8	57	127	248	1048	20940	0
query-dead-range-007	contracts/map-filter-query-v0.1/inputs/dead-range.jcs	sha256:0da219f4b4bdaebaa988e2a953f7f8f2d4f479552d3573db2c4b3264acbe64df	sha256:d41f48e09f4af923fdcf5050b9769c207deda06498077575ba0a7780486a79ec	contracts/core-field-origin-v0.1/records/query-dead-range-007.jcs	sha256:0b9d848391d29ad4718b011c6987de6f6ef1ed2fa5c500ca68a00f319828cf7d	57	127	248	1048	20938	0
query-filter-reach-000	contracts/map-filter-query-v0.1/inputs/filter-reach.jcs	sha256:79711dfbeb1dd5dbe051af824d137a41fb916596bbb6ba1b2039af9a73fb2f2d	sha256:32cb9e7e045a34eb7444bafb83cda56f6fc8e10af7e4dabae7121c20eb9ea699	contracts/core-field-origin-v0.1/records/query-filter-reach-000.jcs	sha256:bf362219b40c87b459174e31e84d47eebe76608bc8d4fc796eb0c0eba9d64b14	66	151	289	941	24033	0
query-filter-reach-001	contracts/map-filter-query-v0.1/inputs/filter-reach.jcs	sha256:79711dfbeb1dd5dbe051af824d137a41fb916596bbb6ba1b2039af9a73fb2f2d	sha256:3eae2f586a5a994f43304eb355f7c07c2ad891fff9ccbf1953691388a460f3ea	contracts/core-field-origin-v0.1/records/query-filter-reach-001.jcs	sha256:388cd4f32cf63b9a6ca4f98aae2e0a9a2a3993a624bd4282aa3c9c65ad0df612	66	151	289	941	24033	0
query-filter-reach-002	contracts/map-filter-query-v0.1/inputs/filter-reach.jcs	sha256:79711dfbeb1dd5dbe051af824d137a41fb916596bbb6ba1b2039af9a73fb2f2d	sha256:8e7aaef5d289070440d9296c2164d8d18e2ffdb9ddf9292dd50a3ad5b1dd8e9a	contracts/core-field-origin-v0.1/records/query-filter-reach-002.jcs	sha256:ac8d3885676f2d9085505bface1da7826f34227a9d0969b8cc64900e647a640c	66	151	289	941	24029	0
query-filter-reach-003	contracts/map-filter-query-v0.1/inputs/filter-reach.jcs	sha256:79711dfbeb1dd5dbe051af824d137a41fb916596bbb6ba1b2039af9a73fb2f2d	sha256:91ac6cc9bd89980c36c0bbd30ada3cbd71821689ea937c4684b2350f85d29943	contracts/core-field-origin-v0.1/records/query-filter-reach-003.jcs	sha256:7696c0c2d6e5e4f5b17fa20080e30143185f5cfdba1cb1ba3b0a436c10da85f1	66	151	289	941	24024	0
query-filter-reach-004	contracts/map-filter-query-v0.1/inputs/filter-reach.jcs	sha256:79711dfbeb1dd5dbe051af824d137a41fb916596bbb6ba1b2039af9a73fb2f2d	sha256:9c0712ccc71e827619e2f7b574198b684c63eae7f3286c4448733330fcf8d84b	contracts/core-field-origin-v0.1/records/query-filter-reach-004.jcs	sha256:b379149243a18b773d575167b0fd5f6a221437a6c0745d0444495cd867ece576	66	151	289	941	24031	0
query-filter-reach-005	contracts/map-filter-query-v0.1/inputs/filter-reach.jcs	sha256:79711dfbeb1dd5dbe051af824d137a41fb916596bbb6ba1b2039af9a73fb2f2d	sha256:c45b6c7152d39fba8d54bcd2f61f208363db09a8e0cfa298f4f75a159a37a117	contracts/core-field-origin-v0.1/records/query-filter-reach-005.jcs	sha256:4d3407594f888ab24b59ddcd015711b077087b78fffe212fdc864578b4383d50	66	151	289	941	24029	0
query-filter-reach-006	contracts/map-filter-query-v0.1/inputs/filter-reach.jcs	sha256:79711dfbeb1dd5dbe051af824d137a41fb916596bbb6ba1b2039af9a73fb2f2d	sha256:c82657cde5c492236d063ab309090b0d1ab835e89ae2d8c48a36b88020b4bbf5	contracts/core-field-origin-v0.1/records/query-filter-reach-006.jcs	sha256:0bbe69904788e3afef74eef4f0c010b3c0f9e54b51e8c4572d4ba6425c67a1d1	66	151	289	941	24029	0
query-filter-reach-007	contracts/map-filter-query-v0.1/inputs/filter-reach.jcs	sha256:79711dfbeb1dd5dbe051af824d137a41fb916596bbb6ba1b2039af9a73fb2f2d	sha256:de3e07a43ae43d0ac9727b56e772431b41fefe75e935f7c25beb15bdf5054ede	contracts/core-field-origin-v0.1/records/query-filter-reach-007.jcs	sha256:db145245d6123f2836ce6e2eb2a613f5e613b931816996cc36e780d53f91a346	66	151	289	941	24027	0
query-filter-capacity-000	contracts/map-filter-query-v0.1/inputs/filter-capacity.jcs	sha256:3843d3696759a7ddd26ce3f14e529e3b6cd0beba4ff68f0d5af64bde6df2b8d7	sha256:06dc69b08a96179e7107e5eb2a9b77737a745ddf29ea8d93979a2c2e7d9a3ff4	contracts/core-field-origin-v0.1/records/query-filter-capacity-000.jcs	sha256:5fb59de509831a13333ecb0f0f9ce9f37e28647d95c587d3174c666c32a5327f	65	148	286	877	23039	0
query-filter-capacity-001	contracts/map-filter-query-v0.1/inputs/filter-capacity.jcs	sha256:3843d3696759a7ddd26ce3f14e529e3b6cd0beba4ff68f0d5af64bde6df2b8d7	sha256:776a06031d0bb35e798cceb42c72d1e64615cae28e7797b756f4e16421bc7ee8	contracts/core-field-origin-v0.1/records/query-filter-capacity-001.jcs	sha256:1e14a9cc14d34d7940c0001fe22cbf91b99d8cb5b483fca565346387f0b6baad	65	148	286	877	23035	0
query-filter-capacity-002	contracts/map-filter-query-v0.1/inputs/filter-capacity.jcs	sha256:3843d3696759a7ddd26ce3f14e529e3b6cd0beba4ff68f0d5af64bde6df2b8d7	sha256:d4df9144bff45b9cfb82f5aaff3ebf99e7692b9893e596dea1a559335aeb5aee	contracts/core-field-origin-v0.1/records/query-filter-capacity-002.jcs	sha256:bf05fc8bde2dcea5d401d8d350b76cd9ee55c1866f804293c21a22db5e8bab2c	65	148	286	877	23037	0
query-filter-capacity-003	contracts/map-filter-query-v0.1/inputs/filter-capacity.jcs	sha256:3843d3696759a7ddd26ce3f14e529e3b6cd0beba4ff68f0d5af64bde6df2b8d7	sha256:d6ab4d5909f48485bd35be09e7f7fb7c4a3db91fc8b0580d90a4389ad9d30455	contracts/core-field-origin-v0.1/records/query-filter-capacity-003.jcs	sha256:a240027fbe07a7ea36ee746ad20e0e4eb9a382839bcb27a1db0e214b1aa15cb7	65	148	286	877	23037	0
query-filter-capacity-004	contracts/map-filter-query-v0.1/inputs/filter-capacity.jcs	sha256:3843d3696759a7ddd26ce3f14e529e3b6cd0beba4ff68f0d5af64bde6df2b8d7	sha256:e13efc4e61bcb53245d94e49425d9aef4df78584e6a8be67287063440873ab3a	contracts/core-field-origin-v0.1/records/query-filter-capacity-004.jcs	sha256:1991887f2cd29b1dadb43c32a5817c3c6401eaa3e248a9cf8ecd2e9373f569f0	65	148	286	877	23041	0
query-filter-capacity-005	contracts/map-filter-query-v0.1/inputs/filter-capacity.jcs	sha256:3843d3696759a7ddd26ce3f14e529e3b6cd0beba4ff68f0d5af64bde6df2b8d7	sha256:f304b36fc586d4f419a6120ada922cbfe645da5fe32cad7f0a644e46b21d7964	contracts/core-field-origin-v0.1/records/query-filter-capacity-005.jcs	sha256:5dbf72711bc01aed87def79a279032b03e6d736003e635dc21cee1f54f9445a6	65	148	286	877	23037	0
query-filter-capacity-006	contracts/map-filter-query-v0.1/inputs/filter-capacity.jcs	sha256:3843d3696759a7ddd26ce3f14e529e3b6cd0beba4ff68f0d5af64bde6df2b8d7	sha256:f4db3b504eeaf4e965c616bb91f367c85ee65c321ecd6371d48d99baaeebee56	contracts/core-field-origin-v0.1/records/query-filter-capacity-006.jcs	sha256:c557acddb1ee9d93bdfa15fbaa50b2b1cfca1f893fd8878f50445c7bb5f02fe5	65	148	286	877	23041	0
query-filter-capacity-007	contracts/map-filter-query-v0.1/inputs/filter-capacity.jcs	sha256:3843d3696759a7ddd26ce3f14e529e3b6cd0beba4ff68f0d5af64bde6df2b8d7	sha256:f79baf31eef1fbf185b8fb5b59ea2d530c501a3d4cb6f028ffcf4b87ddb7e958	contracts/core-field-origin-v0.1/records/query-filter-capacity-007.jcs	sha256:6863f42fc35127710f6e53955ab4339b99b8277fc27b4b2597d23196a02bc2fa	65	148	286	877	23032	0
query-strict-or-000	contracts/map-filter-query-v0.1/inputs/strict-or.jcs	sha256:ace786286a8858e018cf3ca8777fe5f6b9f5290d0e1b6b54e64b72ae740fba9d	sha256:08a80e4d12757b3caaee481bdb35899c5b125890876f09ae73b4562a8ac9af12	contracts/core-field-origin-v0.1/records/query-strict-or-000.jcs	sha256:2360a1f79724b9c52aa634521e95aa7ed0b5809886dd2a1b2a41f741878117a2	52	117	228	840	19064	0
query-strict-or-001	contracts/map-filter-query-v0.1/inputs/strict-or.jcs	sha256:ace786286a8858e018cf3ca8777fe5f6b9f5290d0e1b6b54e64b72ae740fba9d	sha256:215b6ff9954e3a4ed8967cb28a8458581924f6bdf737b27b802b86434a30856e	contracts/core-field-origin-v0.1/records/query-strict-or-001.jcs	sha256:9d73eb0eeddfa9890a24fdc64350190562b3024829c985e87a7a9a60d73f530a	52	117	228	840	19060	0
query-strict-or-002	contracts/map-filter-query-v0.1/inputs/strict-or.jcs	sha256:ace786286a8858e018cf3ca8777fe5f6b9f5290d0e1b6b54e64b72ae740fba9d	sha256:48c7219287947a430086e6f35f4f5f6dd03eb897fc0c49dd3b14c3e5219f2200	contracts/core-field-origin-v0.1/records/query-strict-or-002.jcs	sha256:ea741752ac830c98d2df0b269d12521c92a406e706887140dc7379ada7a13a4b	52	117	228	840	19066	0
query-strict-or-003	contracts/map-filter-query-v0.1/inputs/strict-or.jcs	sha256:ace786286a8858e018cf3ca8777fe5f6b9f5290d0e1b6b54e64b72ae740fba9d	sha256:6d597da77d7fd7552d8c55153d7cb223cc306b53923130dedcf0cc8dd3fb0dbd	contracts/core-field-origin-v0.1/records/query-strict-or-003.jcs	sha256:d21339717ec4d6d04e585c7c43a0c1a837541ad9bbd4dc28ae154033dedaa434	52	117	228	840	19057	0
query-strict-or-004	contracts/map-filter-query-v0.1/inputs/strict-or.jcs	sha256:ace786286a8858e018cf3ca8777fe5f6b9f5290d0e1b6b54e64b72ae740fba9d	sha256:7f6f0adbfd19a2909b71b9e20478f272626b022b656f243c5b1e0ba9ed48a90a	contracts/core-field-origin-v0.1/records/query-strict-or-004.jcs	sha256:da289a9eb3c02a1765d9dcbe94121642d05d91befb9c1f73ec9e43e1bc45df0b	52	117	228	840	19062	0
query-strict-or-005	contracts/map-filter-query-v0.1/inputs/strict-or.jcs	sha256:ace786286a8858e018cf3ca8777fe5f6b9f5290d0e1b6b54e64b72ae740fba9d	sha256:d4871fcd430b6c23e77e50714e84e8e8f9a85de913859787cfb223c01bea705d	contracts/core-field-origin-v0.1/records/query-strict-or-005.jcs	sha256:e649e1bf72d5799145e668ad98959eb2985103aa7f6ab2e13f89ae25200db98c	52	117	228	840	19062	0
query-strict-or-006	contracts/map-filter-query-v0.1/inputs/strict-or.jcs	sha256:ace786286a8858e018cf3ca8777fe5f6b9f5290d0e1b6b54e64b72ae740fba9d	sha256:d9f96590ae747f25f5b76ef4b254203dadc829e86bb18fa5984da8e932cc431f	contracts/core-field-origin-v0.1/records/query-strict-or-006.jcs	sha256:5e4720a80793c3ccdd60bcd809ff0a22e96b709abdafeff8a7c340e8ea76d1d8	52	117	228	840	19062	0
query-strict-or-007	contracts/map-filter-query-v0.1/inputs/strict-or.jcs	sha256:ace786286a8858e018cf3ca8777fe5f6b9f5290d0e1b6b54e64b72ae740fba9d	sha256:eae780f851879b7735de3d76cf61f3c11ddf96212e7e783b9c0ea05f07354386	contracts/core-field-origin-v0.1/records/query-strict-or-007.jcs	sha256:f3d34e5a30ea695a83a34f318f6c4aac0186a7edeb18bba0beebe27391c62294	52	117	228	840	19066	0
query-strict-and-000	contracts/map-filter-query-v0.1/inputs/strict-and.jcs	sha256:97d90c7b0103b08365dd7ca8030e94a91f2c4d31ea0e20f44f43e1224f39aa03	sha256:0cf3da9dfcd27860afd72ec5dca8a70a4f6d2e96efc909e146ca8c875958458d	contracts/core-field-origin-v0.1/records/query-strict-and-000.jcs	sha256:07c6ae5bd96e2000f8c15d05ffe63e296c9963ffffc2e5de59d2adec9d0d09e3	52	117	228	840	19064	0
query-strict-and-001	contracts/map-filter-query-v0.1/inputs/strict-and.jcs	sha256:97d90c7b0103b08365dd7ca8030e94a91f2c4d31ea0e20f44f43e1224f39aa03	sha256:25cbf09eb80e8c84dcef10401dbcda001e67b2c16d5cb5249420d4ff3d1e763a	contracts/core-field-origin-v0.1/records/query-strict-and-001.jcs	sha256:4a7fc94fc1e226d544af8eceafad0ddd51a481da6c11af26abd7f7a21227a4f8	52	117	228	840	19060	0
query-strict-and-002	contracts/map-filter-query-v0.1/inputs/strict-and.jcs	sha256:97d90c7b0103b08365dd7ca8030e94a91f2c4d31ea0e20f44f43e1224f39aa03	sha256:27e519aea214b01838700d172b55f8379f8223acc56c1fb9f53c3dd041575e4d	contracts/core-field-origin-v0.1/records/query-strict-and-002.jcs	sha256:6699136b91311b5d9585052298512c18ca0fe86be5a91a508f1757bdfb0fcd04	52	117	228	840	19062	0
query-strict-and-003	contracts/map-filter-query-v0.1/inputs/strict-and.jcs	sha256:97d90c7b0103b08365dd7ca8030e94a91f2c4d31ea0e20f44f43e1224f39aa03	sha256:4a09ee2c3fa8be9dc44c2f8d9ba751f2c4989460038cef331d409a10e80ca8e9	contracts/core-field-origin-v0.1/records/query-strict-and-003.jcs	sha256:318d59f34d0e8ce853e13afe73592177e7734cdd6802e4dbbd1900fab044b831	52	117	228	840	19062	0
query-strict-and-004	contracts/map-filter-query-v0.1/inputs/strict-and.jcs	sha256:97d90c7b0103b08365dd7ca8030e94a91f2c4d31ea0e20f44f43e1224f39aa03	sha256:6a307dec87095c851d624d978b8e4219e954f0be75666d693c8e0bed2dafffcd	contracts/core-field-origin-v0.1/records/query-strict-and-004.jcs	sha256:e7667a2531c40ef9b6dfa3207fb0f39236bc023609c4f2d556d01d4b18a97503	52	117	228	840	19066	0
query-strict-and-005	contracts/map-filter-query-v0.1/inputs/strict-and.jcs	sha256:97d90c7b0103b08365dd7ca8030e94a91f2c4d31ea0e20f44f43e1224f39aa03	sha256:74239686eba4fba07d091e1c33f41703092b72536d7dd80e8f3343cf56adf05f	contracts/core-field-origin-v0.1/records/query-strict-and-005.jcs	sha256:6c4249efb74ff843c4cc5e4fb72e23e7e81a02113e7c7f3d7042b7d05b4ce8bd	52	117	228	840	19062	0
query-strict-and-006	contracts/map-filter-query-v0.1/inputs/strict-and.jcs	sha256:97d90c7b0103b08365dd7ca8030e94a91f2c4d31ea0e20f44f43e1224f39aa03	sha256:94f663628362656a3b724402cfcfb066a9c9cbb87d8deb7f87fea6717c8fbbfb	contracts/core-field-origin-v0.1/records/query-strict-and-006.jcs	sha256:368640bb17e0adcd38d6305a9dd37dcb57bd8ff2658eeda3a3d289b05548e1c0	52	117	228	840	19057	0
query-strict-and-007	contracts/map-filter-query-v0.1/inputs/strict-and.jcs	sha256:97d90c7b0103b08365dd7ca8030e94a91f2c4d31ea0e20f44f43e1224f39aa03	sha256:cc2dd0577c5d99a9371dad25f696d61d2a25cbeeb7b25a1cbda54cf8a523dd27	contracts/core-field-origin-v0.1/records/query-strict-and-007.jcs	sha256:d620fe999a6cf91e2837a5ce549ed8a5d4d0c7ef5159c28849f16a58543ba32e	52	117	228	840	19066	0
query-pre-false-000	contracts/map-filter-query-v0.1/inputs/pre-false.jcs	sha256:195af48ceb713f9c88970b265b89efe7f128ba3e5f9fd06f0014f09e6dec6da1	sha256:73c4b555546155937ae8b24ae3d8b31177d1f9f1d769c0eba1df77479cb7714b	contracts/core-field-origin-v0.1/records/query-pre-false-000.jcs	sha256:94d4a62e5f9f190ac16aac633e8a8e857bf2d33ef9fa7a03051f0aec9ed2476a	53	116	232	884	19348	0
query-pre-false-001	contracts/map-filter-query-v0.1/inputs/pre-false.jcs	sha256:195af48ceb713f9c88970b265b89efe7f128ba3e5f9fd06f0014f09e6dec6da1	sha256:82e0668aca8ac8f603266073b71af85ae784676b26f629a9ca70ad16fd615e80	contracts/core-field-origin-v0.1/records/query-pre-false-001.jcs	sha256:7f8e6c0e0ed63bf8c15abdce541744ca844cb6c838d17307a48387291b4d0de8	53	116	232	884	19353	0
query-pre-false-002	contracts/map-filter-query-v0.1/inputs/pre-false.jcs	sha256:195af48ceb713f9c88970b265b89efe7f128ba3e5f9fd06f0014f09e6dec6da1	sha256:82e17a745a9aab59a923e74efbad131fde48507ef201d16051e5da8ac7178477	contracts/core-field-origin-v0.1/records/query-pre-false-002.jcs	sha256:591ccc8deddcc833b110388b74443591eb954919502d954c74d7ddd4bee3ff21	53	116	232	884	19353	0
query-pre-false-003	contracts/map-filter-query-v0.1/inputs/pre-false.jcs	sha256:195af48ceb713f9c88970b265b89efe7f128ba3e5f9fd06f0014f09e6dec6da1	sha256:8a0bb7727a03bee03ee8bbacd704b43de93db118d00f02f887835fdf3672d517	contracts/core-field-origin-v0.1/records/query-pre-false-003.jcs	sha256:9b8dd5e915f4d9865569ef5c359b7bc2da8d0bb69c6ebf3be00e0f29a2145d3c	53	116	232	884	19357	0
query-pre-false-004	contracts/map-filter-query-v0.1/inputs/pre-false.jcs	sha256:195af48ceb713f9c88970b265b89efe7f128ba3e5f9fd06f0014f09e6dec6da1	sha256:af280422cb144b02630e96727ca71004636b86f913b1775f066ce79c30efb3ee	contracts/core-field-origin-v0.1/records/query-pre-false-004.jcs	sha256:93a016a477dc564516e53af6b489086977dcfabba4c7cef2095dae1fcd15d24e	53	116	232	884	19355	0
query-pre-false-005	contracts/map-filter-query-v0.1/inputs/pre-false.jcs	sha256:195af48ceb713f9c88970b265b89efe7f128ba3e5f9fd06f0014f09e6dec6da1	sha256:b735b9e635d3bb09d529b59797e2ed807f8b5098c33a7b712d5d31041bb946f1	contracts/core-field-origin-v0.1/records/query-pre-false-005.jcs	sha256:6012304c396a387215a0ac5f01bf3316feea1490abf81c69aa6871da63dad9e4	53	116	232	884	19357	0
query-pre-false-006	contracts/map-filter-query-v0.1/inputs/pre-false.jcs	sha256:195af48ceb713f9c88970b265b89efe7f128ba3e5f9fd06f0014f09e6dec6da1	sha256:e6931e4262d1334b350f226d2955894156f31e51c9ea3964d0c306eaddbe9e8d	contracts/core-field-origin-v0.1/records/query-pre-false-006.jcs	sha256:35201ae83e7dc83af8ff6eaf3bef4989de885595b38f7fdb0041ec647cbb36a3	53	116	232	884	19353	0
query-pre-false-007	contracts/map-filter-query-v0.1/inputs/pre-false.jcs	sha256:195af48ceb713f9c88970b265b89efe7f128ba3e5f9fd06f0014f09e6dec6da1	sha256:fa5b5d6c8403a40efa20b02256426842a0bb6dbb8ae0096e16ee400847cd3d30	contracts/core-field-origin-v0.1/records/query-pre-false-007.jcs	sha256:44487d16785218a629eb65b631e021020d27d777f043645851ecf90d8f9b4b0e	53	116	232	884	19351	0
query-pre-fault-000	contracts/map-filter-query-v0.1/inputs/pre-fault.jcs	sha256:c70fc8c2ff8cb375ce0989ef936e639a45662f82e252651e2449f0de267c7de6	sha256:074f7fec6c6d6e817d09ca0006d8b04ea69c13dab7c47d505676a0401dac0c0f	contracts/core-field-origin-v0.1/records/query-pre-fault-000.jcs	sha256:579ddf5962fc31460db31bdb7622e28da627857637b9ed2957b5786719b0d1cf	53	116	232	884	19355	0
query-pre-fault-001	contracts/map-filter-query-v0.1/inputs/pre-fault.jcs	sha256:c70fc8c2ff8cb375ce0989ef936e639a45662f82e252651e2449f0de267c7de6	sha256:25d3ad7af55922d3306a1121219a30f44edf8a7c79f1bd25d89746566b9b6a43	contracts/core-field-origin-v0.1/records/query-pre-fault-001.jcs	sha256:ed8fcf46c6695d763022762c156ba00bb6ae826313d13c9cbe34687961fd0cb4	53	116	232	884	19348	0
query-pre-fault-002	contracts/map-filter-query-v0.1/inputs/pre-fault.jcs	sha256:c70fc8c2ff8cb375ce0989ef936e639a45662f82e252651e2449f0de267c7de6	sha256:57743d1695b60fb52b546f592c565a981c28a98b1d71ee35b3398c9b79074126	contracts/core-field-origin-v0.1/records/query-pre-fault-002.jcs	sha256:c1dfc0f536dc41d86de1cc56b7a32875b3ba4c60624470696253e77b470cc823	53	116	232	884	19353	0
query-pre-fault-003	contracts/map-filter-query-v0.1/inputs/pre-fault.jcs	sha256:c70fc8c2ff8cb375ce0989ef936e639a45662f82e252651e2449f0de267c7de6	sha256:937092a1f998a9a38edfdf3abeb900b8ebedf86c2cfc0035f97451a5603f8f16	contracts/core-field-origin-v0.1/records/query-pre-fault-003.jcs	sha256:ab3cf7d65d244b8cabb3c89fa5aa998fc0ecc5c14426154bb5f4da26179a4e23	53	116	232	884	19353	0
query-pre-fault-004	contracts/map-filter-query-v0.1/inputs/pre-fault.jcs	sha256:c70fc8c2ff8cb375ce0989ef936e639a45662f82e252651e2449f0de267c7de6	sha256:95592a722bc9be803a3dc3bddfbeae81f3ebb6b7f2e2a5538d0169b09987efe3	contracts/core-field-origin-v0.1/records/query-pre-fault-004.jcs	sha256:d6db41575f371a2805e08dc6457796fcdcc31e69fe4d7c8893eda49bb33872a9	53	116	232	884	19357	0
query-pre-fault-005	contracts/map-filter-query-v0.1/inputs/pre-fault.jcs	sha256:c70fc8c2ff8cb375ce0989ef936e639a45662f82e252651e2449f0de267c7de6	sha256:d0015ab2218529d5ae78cd531f0aa715862f685f3ba01ed9b6745300d1612fc8	contracts/core-field-origin-v0.1/records/query-pre-fault-005.jcs	sha256:ced1b0d40b85129faf90690914ac0be6f4da311ff5c4e7e838833c494c55cd13	53	116	232	884	19357	0
query-pre-fault-006	contracts/map-filter-query-v0.1/inputs/pre-fault.jcs	sha256:c70fc8c2ff8cb375ce0989ef936e639a45662f82e252651e2449f0de267c7de6	sha256:d9a50f26fb59e89057905cdb96b586843f5eef931dc20ef1ec59644c13cfd362	contracts/core-field-origin-v0.1/records/query-pre-fault-006.jcs	sha256:b685141ea52b9f8020c593db700abe1a05fa7b8e651fcd2c28ea520a1e49fd75	53	116	232	884	19351	0
query-pre-fault-007	contracts/map-filter-query-v0.1/inputs/pre-fault.jcs	sha256:c70fc8c2ff8cb375ce0989ef936e639a45662f82e252651e2449f0de267c7de6	sha256:fea68c20bb93d27e5637618ae3c8f6490126f8808587d1afa5875fcb3ad7975b	contracts/core-field-origin-v0.1/records/query-pre-fault-007.jcs	sha256:2f8b4c831d96dda5210e472a5ff0bca7e28e72babe9ed44c6fb67710143cead4	53	116	232	884	19353	0
query-pre-dependent-000	contracts/map-filter-query-v0.1/inputs/pre-dependent.jcs	sha256:dd298a52535ed32f89080a02dd133e2d1095efd1be91569869b1d07c8ed4b788	sha256:1f8f96044e723f041eeadb3f5dc278f21abe1fd403631aac1621a8d2601b2035	contracts/core-field-origin-v0.1/records/query-pre-dependent-000.jcs	sha256:bd0a6e2a606db676cca2c91ffa13805fdcf9b9c54fd4d34af3da71ae0b9200ab	54	121	236	933	19817	0
query-pre-dependent-001	contracts/map-filter-query-v0.1/inputs/pre-dependent.jcs	sha256:dd298a52535ed32f89080a02dd133e2d1095efd1be91569869b1d07c8ed4b788	sha256:2946f3fd838de221a35888ef9b22ced397b908b949cf69d1d775b9e2e81532c7	contracts/core-field-origin-v0.1/records/query-pre-dependent-001.jcs	sha256:81949599f78f7319a4256a1165fa377af7d6f3deb5689fa38bae0cf6027a20cc	54	121	236	933	19826	0
query-pre-dependent-002	contracts/map-filter-query-v0.1/inputs/pre-dependent.jcs	sha256:dd298a52535ed32f89080a02dd133e2d1095efd1be91569869b1d07c8ed4b788	sha256:6ec199ae89e350bc93d29cb605969beeb5a1d941e42b301d4e70ff7ad0d36e99	contracts/core-field-origin-v0.1/records/query-pre-dependent-002.jcs	sha256:7077a9f5ce4ed793a429cfdfeec1d974de39006cc899afb05d9b4bda18eecdf2	54	121	236	933	19822	0
query-pre-dependent-003	contracts/map-filter-query-v0.1/inputs/pre-dependent.jcs	sha256:dd298a52535ed32f89080a02dd133e2d1095efd1be91569869b1d07c8ed4b788	sha256:8e06aab9bceed1d031aefdce1a2d5a48844768c5db5000775af5e1b13f0e7b58	contracts/core-field-origin-v0.1/records/query-pre-dependent-003.jcs	sha256:78c22c4c41a05ee9694356ccaacb86315b7e94cec81c0572fcc91b05ae7e732e	54	121	236	933	19820	0
query-pre-dependent-004	contracts/map-filter-query-v0.1/inputs/pre-dependent.jcs	sha256:dd298a52535ed32f89080a02dd133e2d1095efd1be91569869b1d07c8ed4b788	sha256:ae1a60497c861212af76596ea0419e46c8f033b545621bd20fd3461523148c85	contracts/core-field-origin-v0.1/records/query-pre-dependent-004.jcs	sha256:495c842087bfaed5d6460fcf30378953361384edd76d8af00afe1993fcabf730	54	121	236	933	19822	0
query-pre-dependent-005	contracts/map-filter-query-v0.1/inputs/pre-dependent.jcs	sha256:dd298a52535ed32f89080a02dd133e2d1095efd1be91569869b1d07c8ed4b788	sha256:b4438d9e6c8bf590a28ab76e58e40b3f9d9872b60bb33399ddb0313672849896	contracts/core-field-origin-v0.1/records/query-pre-dependent-005.jcs	sha256:47b5c5f1c6631f2587a5495147aa13e4cb1bf82ef90097becd77a95087d8fb52	54	121	236	933	19826	0
query-pre-dependent-006	contracts/map-filter-query-v0.1/inputs/pre-dependent.jcs	sha256:dd298a52535ed32f89080a02dd133e2d1095efd1be91569869b1d07c8ed4b788	sha256:c9bebcfdee72993882d7e27a1bc343f47b7a4ec475451912b425bdd757e79313	contracts/core-field-origin-v0.1/records/query-pre-dependent-006.jcs	sha256:265194dc306b7f3669705d09e4266288aec504657112e974c67b189648a5c89b	54	121	236	933	19822	0
query-pre-dependent-007	contracts/map-filter-query-v0.1/inputs/pre-dependent.jcs	sha256:dd298a52535ed32f89080a02dd133e2d1095efd1be91569869b1d07c8ed4b788	sha256:edfd13e2103a62b36fdce9e11bc24e0a86e24176e5381f51615f94a15a55c204	contracts/core-field-origin-v0.1/records/query-pre-dependent-007.jcs	sha256:59ba360966ff6142e35f54f8f609ff8dd1ce3eb3fc3af9c4301062ef334f8c4b	54	121	236	933	19824	0
query-child-fault-000	contracts/map-filter-query-v0.1/inputs/child-fault.jcs	sha256:7882c1bca5ba8ed147b670bc0ece19db3565cd9ca8c564a1db0b471a2df43db7	sha256:0c40cf7ba5ef7d0a1f0da77c2b4eac443280613938cfbaf284f55162481b9ba3	contracts/core-field-origin-v0.1/records/query-child-fault-000.jcs	sha256:8a2f10dbc061ec4b444a876d1006601f483d04416ff6230ef0442c74ef8cc3f7	55	120	240	967	20103	0
query-child-fault-001	contracts/map-filter-query-v0.1/inputs/child-fault.jcs	sha256:7882c1bca5ba8ed147b670bc0ece19db3565cd9ca8c564a1db0b471a2df43db7	sha256:335991fbae81e7edd2569f46c99e088da92e55e27f21e7ef0f067b926aa4c67f	contracts/core-field-origin-v0.1/records/query-child-fault-001.jcs	sha256:458804a839365f22196d558bb125ea51653a63ab9a2b6e1f59008bd3cf43d0f8	55	120	240	967	20103	0
query-child-fault-002	contracts/map-filter-query-v0.1/inputs/child-fault.jcs	sha256:7882c1bca5ba8ed147b670bc0ece19db3565cd9ca8c564a1db0b471a2df43db7	sha256:6a7a6bef7da4bec98a2ea3f4c6660dba123605a5e0478e57d1c3f1929c0270b4	contracts/core-field-origin-v0.1/records/query-child-fault-002.jcs	sha256:eccee9cbf353d4eb1477c14ac08b8ef4e679f2b7d269dbbb14fcf44b0fe3fbda	55	120	240	967	20107	0
query-child-fault-003	contracts/map-filter-query-v0.1/inputs/child-fault.jcs	sha256:7882c1bca5ba8ed147b670bc0ece19db3565cd9ca8c564a1db0b471a2df43db7	sha256:7862950a695697c190a9611bdaa06822b9501736cd2ff5183d1e67f7ec47a2df	contracts/core-field-origin-v0.1/records/query-child-fault-003.jcs	sha256:ab71471a30d1eff488b1aef0da64bd7fe4a0b34d144cd0b9bcee678d15fd11cc	55	120	240	967	20103	0
query-child-fault-004	contracts/map-filter-query-v0.1/inputs/child-fault.jcs	sha256:7882c1bca5ba8ed147b670bc0ece19db3565cd9ca8c564a1db0b471a2df43db7	sha256:c3d38c6a28e7532574a08c0cb44c2229b09040b780eebf72488fa653a6545fb0	contracts/core-field-origin-v0.1/records/query-child-fault-004.jcs	sha256:d13ddd0c95c817f7f300ee12bd5eb085c5bf34e8cfed3372fe418bad5ccc6b3e	55	120	240	967	20101	0
query-child-fault-005	contracts/map-filter-query-v0.1/inputs/child-fault.jcs	sha256:7882c1bca5ba8ed147b670bc0ece19db3565cd9ca8c564a1db0b471a2df43db7	sha256:d2b869666d236aea2bc8f44c2601c6e3e97b0f719213bfe21e176a9a35d88442	contracts/core-field-origin-v0.1/records/query-child-fault-005.jcs	sha256:cf2b38d3530b255f200a4fef5c9d0b7b4ee2756060c3ceff60307f875a58dcae	55	120	240	967	20107	0
query-child-fault-006	contracts/map-filter-query-v0.1/inputs/child-fault.jcs	sha256:7882c1bca5ba8ed147b670bc0ece19db3565cd9ca8c564a1db0b471a2df43db7	sha256:e3fcedd70e4d8ad635e34eb2c20af964f05f7ac76baf5015b0a6cd723105cdb0	contracts/core-field-origin-v0.1/records/query-child-fault-006.jcs	sha256:206a95bfecd9b3d18bdc8aaa349b690aad75de84dc867824ca949d677f8639d0	55	120	240	967	20105	0
query-child-fault-007	contracts/map-filter-query-v0.1/inputs/child-fault.jcs	sha256:7882c1bca5ba8ed147b670bc0ece19db3565cd9ca8c564a1db0b471a2df43db7	sha256:e4f3a2167aca5f95926b9a5097471160b7b5f60791a136daceca9a78d95b6dcc	contracts/core-field-origin-v0.1/records/query-child-fault-007.jcs	sha256:19264dcaa605e00232125a91bf53ee70b37ac3996945c3f959793c842b2c8ba4	55	120	240	967	20098	0
query-independent-node-fault-000	contracts/map-filter-query-v0.1/inputs/independent-node-fault.jcs	sha256:ffa7f33e946f91b104badd88a9d4b4d2a8361bd8a88d6dee30a0dcecf9435903	sha256:0073390b3e91a0e9bad56941552591fdcf1df25f27e1d902c69f378c25e06255	contracts/core-field-origin-v0.1/records/query-independent-node-fault-000.jcs	sha256:efb0ed00c32bc3f12667e024baa2ef24808ddd76999a9050185cffb8de46470d	83	201	357	1631	19822	0
query-independent-node-fault-001	contracts/map-filter-query-v0.1/inputs/independent-node-fault.jcs	sha256:ffa7f33e946f91b104badd88a9d4b4d2a8361bd8a88d6dee30a0dcecf9435903	sha256:0a0bc3bbd2bf5139c8243c08344ba617ae0c7f14ee6e3af35e1335ee59accdce	contracts/core-field-origin-v0.1/records/query-independent-node-fault-001.jcs	sha256:8bad377bdabcc8f09fc492f21959138c1bc371adf08767d939584ff850f05e55	83	201	357	1631	19822	0
query-independent-node-fault-002	contracts/map-filter-query-v0.1/inputs/independent-node-fault.jcs	sha256:ffa7f33e946f91b104badd88a9d4b4d2a8361bd8a88d6dee30a0dcecf9435903	sha256:24d9cba209cc7b762692b676fd03a0c77743cdaa0f5b552273022883f76945f1	contracts/core-field-origin-v0.1/records/query-independent-node-fault-002.jcs	sha256:d9d4e54324485c41c17e7ec1591e057bea10c6162c45353de51d25b65ef4c5cc	83	201	357	1631	19817	0
query-independent-node-fault-003	contracts/map-filter-query-v0.1/inputs/independent-node-fault.jcs	sha256:ffa7f33e946f91b104badd88a9d4b4d2a8361bd8a88d6dee30a0dcecf9435903	sha256:2819b2c9a91804c161ab9f6ae77ab9d8a62282441b7f7220ab8a6e6dee310ba6	contracts/core-field-origin-v0.1/records/query-independent-node-fault-003.jcs	sha256:a0eb46f395f6d9a6d93cc243c833fa59f67912723c8f9d6abaababcf83b95ef1	83	201	357	1631	19826	0
query-independent-node-fault-004	contracts/map-filter-query-v0.1/inputs/independent-node-fault.jcs	sha256:ffa7f33e946f91b104badd88a9d4b4d2a8361bd8a88d6dee30a0dcecf9435903	sha256:3caa5da00c16a040be967e218dbeae800f1f2e378c9f770885ceadb4e40229e2	contracts/core-field-origin-v0.1/records/query-independent-node-fault-004.jcs	sha256:84872a2c7591ce0659bb0ea45f17d40a5f546ba1411e0b07ebf7807391079880	83	201	357	1631	19822	0
query-independent-node-fault-005	contracts/map-filter-query-v0.1/inputs/independent-node-fault.jcs	sha256:ffa7f33e946f91b104badd88a9d4b4d2a8361bd8a88d6dee30a0dcecf9435903	sha256:48907ae771148b3e1ea26254472a701c2860f5206a937752834090b8c6d0bec6	contracts/core-field-origin-v0.1/records/query-independent-node-fault-005.jcs	sha256:448e3dfe2f9ee95354829226bb8cc77a03e7c30b1a056df74a64619be7a392f0	83	201	357	1631	19826	0
query-independent-node-fault-006	contracts/map-filter-query-v0.1/inputs/independent-node-fault.jcs	sha256:ffa7f33e946f91b104badd88a9d4b4d2a8361bd8a88d6dee30a0dcecf9435903	sha256:53c7482d8b20bfd71fd4b238d86fe290101c543181ecb67a6fff4e5d6f6dd1aa	contracts/core-field-origin-v0.1/records/query-independent-node-fault-006.jcs	sha256:b009b690becf7dfc8f5c56ad9067f04e3ce016145a60c31ba00feed993f53b53	83	201	357	1631	19807	0
query-independent-node-fault-007	contracts/map-filter-query-v0.1/inputs/independent-node-fault.jcs	sha256:ffa7f33e946f91b104badd88a9d4b4d2a8361bd8a88d6dee30a0dcecf9435903	sha256:8aaabf85c8c3f8b79c54a81007a070170b2a787c76af94d2de669bb30ed706a5	contracts/core-field-origin-v0.1/records/query-independent-node-fault-007.jcs	sha256:0ea3bd0bdfe9870332834a026ffebd02d20562f7a971338c9e07e1a9c67edfc2	83	201	357	1631	19804	0
query-independent-node-fault-008	contracts/map-filter-query-v0.1/inputs/independent-node-fault.jcs	sha256:ffa7f33e946f91b104badd88a9d4b4d2a8361bd8a88d6dee30a0dcecf9435903	sha256:8af6cf7f7ab7e04b900f983a5201bcd934814a41c6a149d44e2384f8b804db13	contracts/core-field-origin-v0.1/records/query-independent-node-fault-008.jcs	sha256:94d6ea74302f2ff331d15bc94d43d48ffa8218fb00d01c0395c0cdd453f813f7	83	201	357	1631	19811	0
query-independent-node-fault-009	contracts/map-filter-query-v0.1/inputs/independent-node-fault.jcs	sha256:ffa7f33e946f91b104badd88a9d4b4d2a8361bd8a88d6dee30a0dcecf9435903	sha256:8fa72cff0f187a9e961fc9f9e003fd52f09b5659221405fe365fb9432b21f695	contracts/core-field-origin-v0.1/records/query-independent-node-fault-009.jcs	sha256:f0ca0ec39c33b9780ca75e24258d1b1047a866098bb99367486bac199dc9b305	83	201	357	1631	19813	0
query-independent-node-fault-010	contracts/map-filter-query-v0.1/inputs/independent-node-fault.jcs	sha256:ffa7f33e946f91b104badd88a9d4b4d2a8361bd8a88d6dee30a0dcecf9435903	sha256:af29cd7434e21244047f9505434fa3630c39a54068d52b5a7282ff7cb51694ab	contracts/core-field-origin-v0.1/records/query-independent-node-fault-010.jcs	sha256:b18588e8ef81876dd5af69eb85685f4c21cc707b360830c015655731400138f6	83	201	357	1631	19813	0
query-independent-node-fault-011	contracts/map-filter-query-v0.1/inputs/independent-node-fault.jcs	sha256:ffa7f33e946f91b104badd88a9d4b4d2a8361bd8a88d6dee30a0dcecf9435903	sha256:be0f76f66b925137e46b80a1810251a13557c90f0657b607522d727a5cae7f1e	contracts/core-field-origin-v0.1/records/query-independent-node-fault-011.jcs	sha256:6188a53e1881012bbcde2c1eecb494a1d5a3b5e9fac8d511db3ec0991908cdd3	83	201	357	1631	19809	0
query-independent-node-fault-012	contracts/map-filter-query-v0.1/inputs/independent-node-fault.jcs	sha256:ffa7f33e946f91b104badd88a9d4b4d2a8361bd8a88d6dee30a0dcecf9435903	sha256:c30f70c6e033cffc14d4ca4114922fab73d8e31ca1611449e1b6e91df8951bb7	contracts/core-field-origin-v0.1/records/query-independent-node-fault-012.jcs	sha256:88b918337f00279188f00fa9a9883b7545b1651614d63ec22e5dd065aa9eba9e	83	201	357	1631	19809	0
query-independent-node-fault-013	contracts/map-filter-query-v0.1/inputs/independent-node-fault.jcs	sha256:ffa7f33e946f91b104badd88a9d4b4d2a8361bd8a88d6dee30a0dcecf9435903	sha256:ce3245c64fc884f14f90e353d443c8244eebcd6ef4af8ec5acd765a43e8c7266	contracts/core-field-origin-v0.1/records/query-independent-node-fault-013.jcs	sha256:6ee533b9e7243aff966797417be8f1133119dc1deaf0b8c4246827e2f94085e7	83	201	357	1631	19809	0
query-independent-node-fault-014	contracts/map-filter-query-v0.1/inputs/independent-node-fault.jcs	sha256:ffa7f33e946f91b104badd88a9d4b4d2a8361bd8a88d6dee30a0dcecf9435903	sha256:ef714ffcfe2c5cea4de2ecfa9d64771ed13b91fff92cdc91eb1458fb1d18b9a5	contracts/core-field-origin-v0.1/records/query-independent-node-fault-014.jcs	sha256:87c0fa0a252c7021264702c9523b09905fb95ffe91517ac865bd8987635775d3	83	201	357	1631	19820	0
query-independent-node-fault-015	contracts/map-filter-query-v0.1/inputs/independent-node-fault.jcs	sha256:ffa7f33e946f91b104badd88a9d4b4d2a8361bd8a88d6dee30a0dcecf9435903	sha256:fbf7bac30c281553618f260bf5e39d983b88619eda1ae5328a9461d58068447d	contracts/core-field-origin-v0.1/records/query-independent-node-fault-015.jcs	sha256:edd5bb9df3b24b31ad2b2f6fa33cd2a095f07ccee27c6418d4183615163e8381	83	201	357	1631	19824	0
query-zero-capacity-000	contracts/map-filter-query-v0.1/inputs/zero-capacity.jcs	sha256:d4ce003ff388995753a8f4a4fe9e3179bcf3e6f24e8ae71ec421039e65316e03	sha256:04ea7d84a2e1f9873053b12cfde98073867db1c652435ec773f656b11fd2737a	contracts/core-field-origin-v0.1/records/query-zero-capacity-000.jcs	sha256:7fc023258034783e19dcd84081374b9a7cad58721cdc50e353b3d5db24ec2926	53	116	232	884	19353	0
query-zero-capacity-001	contracts/map-filter-query-v0.1/inputs/zero-capacity.jcs	sha256:d4ce003ff388995753a8f4a4fe9e3179bcf3e6f24e8ae71ec421039e65316e03	sha256:1a65081ae5b8ba2c41277a09dd479dfb87ae3313a97dc88f718cbcda9aa7c0b0	contracts/core-field-origin-v0.1/records/query-zero-capacity-001.jcs	sha256:c18d75690b5e145e07084f175728fc3d01ba3cb6d889dc271ed9e6d495d2f81c	53	116	232	884	19353	0
query-zero-capacity-002	contracts/map-filter-query-v0.1/inputs/zero-capacity.jcs	sha256:d4ce003ff388995753a8f4a4fe9e3179bcf3e6f24e8ae71ec421039e65316e03	sha256:45ea471427c034800100809fc45c195b06f3c6995a18fee43389d1b733aeac7b	contracts/core-field-origin-v0.1/records/query-zero-capacity-002.jcs	sha256:bc2b931112af89ccd09d75cadbc37c1388aa41b8f925445ee69fa09e0ff80533	53	116	232	884	19355	0
query-zero-capacity-003	contracts/map-filter-query-v0.1/inputs/zero-capacity.jcs	sha256:d4ce003ff388995753a8f4a4fe9e3179bcf3e6f24e8ae71ec421039e65316e03	sha256:5bff07d4f293f69bdef785f350e164190a25dbc34d89d2ff330e2b471e5434a8	contracts/core-field-origin-v0.1/records/query-zero-capacity-003.jcs	sha256:6f3e72f0772420def98b9bcd50e2946667f11520fe43768abcb2de173a687099	53	116	232	884	19348	0
query-zero-capacity-004	contracts/map-filter-query-v0.1/inputs/zero-capacity.jcs	sha256:d4ce003ff388995753a8f4a4fe9e3179bcf3e6f24e8ae71ec421039e65316e03	sha256:87503b98c0b919f81e12a5da1c20af3c5dc727ec16ab7aeda22be9ba296c05d1	contracts/core-field-origin-v0.1/records/query-zero-capacity-004.jcs	sha256:4f94bc036f6bf20c733160479498330415eb5a919efc5ded45e89a0db7dfb0f0	53	116	232	884	19357	0
query-zero-capacity-005	contracts/map-filter-query-v0.1/inputs/zero-capacity.jcs	sha256:d4ce003ff388995753a8f4a4fe9e3179bcf3e6f24e8ae71ec421039e65316e03	sha256:a1b6edb01e9e7fd17a7600ed6d6af67c5bb026ecc767a2c202b225eeff4ba2be	contracts/core-field-origin-v0.1/records/query-zero-capacity-005.jcs	sha256:7236a2752d6145271754077b9ab6b6f26b688d8872bd1476fefb659880c2bfef	53	116	232	884	19351	0
query-zero-capacity-006	contracts/map-filter-query-v0.1/inputs/zero-capacity.jcs	sha256:d4ce003ff388995753a8f4a4fe9e3179bcf3e6f24e8ae71ec421039e65316e03	sha256:cb4479bb608259106d92c1ea420bc35993f3eafe923db1b3539d318040067eb8	contracts/core-field-origin-v0.1/records/query-zero-capacity-006.jcs	sha256:16fde7c8c76a1eca7b87006919c9d274b499e27bc37bfaa6b92f003618aed36d	53	116	232	884	19353	0
query-zero-capacity-007	contracts/map-filter-query-v0.1/inputs/zero-capacity.jcs	sha256:d4ce003ff388995753a8f4a4fe9e3179bcf3e6f24e8ae71ec421039e65316e03	sha256:d35257c0a9fb465e904e43447c00258b0bbfe215f050675dca1c7c4309f087dd	contracts/core-field-origin-v0.1/records/query-zero-capacity-007.jcs	sha256:c1d23a5fa868d8a217cc5eb69f833c49efedea21126f4a375da10cce80129f0c	53	116	232	884	19357	0
query-option-none-equality-000	contracts/map-filter-query-v0.1/inputs/option-none-equality.jcs	sha256:952d30b2387f19046f50deb3d49b93c3ece7727972c2f71ea3b227ef57878cf6	sha256:1a2e5ea3a412a9dabd02b2ff54fd2a35047c000962335c7775478bc2917aedd8	contracts/core-field-origin-v0.1/records/query-option-none-equality-000.jcs	sha256:a4c4be4ad355fc5a213812074f1ab24085dc43819d124ae95c8dc79faead408b	52	117	228	840	19066	0
query-option-none-equality-001	contracts/map-filter-query-v0.1/inputs/option-none-equality.jcs	sha256:952d30b2387f19046f50deb3d49b93c3ece7727972c2f71ea3b227ef57878cf6	sha256:2adc10ba9b57a06834160b0f7e3a9b8dc60b0639564aa974e49d8559a80507bf	contracts/core-field-origin-v0.1/records/query-option-none-equality-001.jcs	sha256:7d805f9abb4ea6fe1fcf216028ce0b140e432f42a13af33fce542c82a1ba7abe	52	117	228	840	19066	0
query-option-none-equality-002	contracts/map-filter-query-v0.1/inputs/option-none-equality.jcs	sha256:952d30b2387f19046f50deb3d49b93c3ece7727972c2f71ea3b227ef57878cf6	sha256:36054ea62d92f6c458cb398280a9622d429cdc7bfc9fe9aeb1f57e4ae05911f0	contracts/core-field-origin-v0.1/records/query-option-none-equality-002.jcs	sha256:9da2e1532ca5d399523f8a449ed3bab54ca2ff0f692f9f6054e32c7b5139db59	52	117	228	840	19062	0
query-option-none-equality-003	contracts/map-filter-query-v0.1/inputs/option-none-equality.jcs	sha256:952d30b2387f19046f50deb3d49b93c3ece7727972c2f71ea3b227ef57878cf6	sha256:3c5c7e8eff5e7070c51e6f5c48e2ec8d8e2d70bebafeeaa4fa7abe1cad0f2a7e	contracts/core-field-origin-v0.1/records/query-option-none-equality-003.jcs	sha256:826ef6f3fa09fca4063f5bf7e4afd541e935eeef0203c16c331587b7c82c10fb	52	117	228	840	19062	0
query-option-none-equality-004	contracts/map-filter-query-v0.1/inputs/option-none-equality.jcs	sha256:952d30b2387f19046f50deb3d49b93c3ece7727972c2f71ea3b227ef57878cf6	sha256:92496f63e1b851b9c8f97e5b07fedf436bfe4c5e392a36090f263cdb1f26d3af	contracts/core-field-origin-v0.1/records/query-option-none-equality-004.jcs	sha256:56687ede8cdee157bae2691f2094cdb514ae5d2c7e85dab42c28464c659bac88	52	117	228	840	19062	0
query-option-none-equality-005	contracts/map-filter-query-v0.1/inputs/option-none-equality.jcs	sha256:952d30b2387f19046f50deb3d49b93c3ece7727972c2f71ea3b227ef57878cf6	sha256:b44180bbf085a59a21b7e681f669ce2b8d7b1b3c3674f8bd0c7678c190e0a59c	contracts/core-field-origin-v0.1/records/query-option-none-equality-005.jcs	sha256:d4ebca645815373b1d4d96ac212ddf09595338555cbfd91a117527c0540999cc	52	117	228	840	19057	0
query-option-none-equality-006	contracts/map-filter-query-v0.1/inputs/option-none-equality.jcs	sha256:952d30b2387f19046f50deb3d49b93c3ece7727972c2f71ea3b227ef57878cf6	sha256:bf85e613b1b78782002362fa86d27aa27be3da0e0cc170be4d6d85c12ccfcc7a	contracts/core-field-origin-v0.1/records/query-option-none-equality-006.jcs	sha256:a368607bbe70cc5ed1f4547a01d9cd6c31e1654317bf9d7bf66804e7edca1af4	52	117	228	840	19064	0
query-option-none-equality-007	contracts/map-filter-query-v0.1/inputs/option-none-equality.jcs	sha256:952d30b2387f19046f50deb3d49b93c3ece7727972c2f71ea3b227ef57878cf6	sha256:db2f4042745664de3d6bcc3f65d08048b735d61b8c23a0cc8ded088c662cd158	contracts/core-field-origin-v0.1/records/query-option-none-equality-007.jcs	sha256:c702e690e8994ec880ce4016b35c7573b47352857e727b577d87512f27f0ca74	52	117	228	840	19060	0
query-option-some-equality-000	contracts/map-filter-query-v0.1/inputs/option-some-equality.jcs	sha256:02d9fcaa257295554e6b801a5da03908ace7e120db4e24c203ac6ded97f604b9	sha256:00786756c68a413f839c23f3239d5f558d405d94a9249749b15e10e2c7725882	contracts/core-field-origin-v0.1/records/query-option-some-equality-000.jcs	sha256:393da87479e188d02a504ead7210e2b650ce21b98cf9a3ebb1b69cf546f92d0b	52	117	228	840	19064	0
query-option-some-equality-001	contracts/map-filter-query-v0.1/inputs/option-some-equality.jcs	sha256:02d9fcaa257295554e6b801a5da03908ace7e120db4e24c203ac6ded97f604b9	sha256:103e5f9592c1c23a0984d16fb2b0daf1fb724db6675dee5e86f4bd36ddbac67f	contracts/core-field-origin-v0.1/records/query-option-some-equality-001.jcs	sha256:50059856c3a5710d8f6387dd662a0d7faef4910263b1d34bb26b7a103a73fb61	52	117	228	840	19060	0
query-option-some-equality-002	contracts/map-filter-query-v0.1/inputs/option-some-equality.jcs	sha256:02d9fcaa257295554e6b801a5da03908ace7e120db4e24c203ac6ded97f604b9	sha256:164c91cdd09f76aff6ae5a58b09f94124b9da2401b7325037116d6d61d8045ea	contracts/core-field-origin-v0.1/records/query-option-some-equality-002.jcs	sha256:c5708b831eaa73956308cfc84254a9b40232223d93e257c13657062278ccd9fa	52	117	228	840	19066	0
query-option-some-equality-003	contracts/map-filter-query-v0.1/inputs/option-some-equality.jcs	sha256:02d9fcaa257295554e6b801a5da03908ace7e120db4e24c203ac6ded97f604b9	sha256:9b8ab22155aa3a84ce9445449741b1ed2adb64875d6ab823903416a933b19cd0	contracts/core-field-origin-v0.1/records/query-option-some-equality-003.jcs	sha256:2eb76f7ce6e0b54e1678ceeab92a73ac50b758bb6ee543c1dca60c72d34f7f33	52	117	228	840	19062	0
query-option-some-equality-004	contracts/map-filter-query-v0.1/inputs/option-some-equality.jcs	sha256:02d9fcaa257295554e6b801a5da03908ace7e120db4e24c203ac6ded97f604b9	sha256:9f61d5548d6d97f1eef8d81318095eab20666159f82d291c4b78bd806043ae32	contracts/core-field-origin-v0.1/records/query-option-some-equality-004.jcs	sha256:6fb6890f078dcc934736854225ef2ad7542807684219bec2cf4a0c7dce8b00e1	52	117	228	840	19057	0
query-option-some-equality-005	contracts/map-filter-query-v0.1/inputs/option-some-equality.jcs	sha256:02d9fcaa257295554e6b801a5da03908ace7e120db4e24c203ac6ded97f604b9	sha256:b3752f5efba7e23a2ef45015b40cb8a6e770678d3337a3d1ef3ea9d3dcc992bd	contracts/core-field-origin-v0.1/records/query-option-some-equality-005.jcs	sha256:163f8900e7d58034d18779f9ad95d1cc1485113126dad34853934522db9977f4	52	117	228	840	19066	0
query-option-some-equality-006	contracts/map-filter-query-v0.1/inputs/option-some-equality.jcs	sha256:02d9fcaa257295554e6b801a5da03908ace7e120db4e24c203ac6ded97f604b9	sha256:e997180f196d5e0fe981b77ed7762fa8380abf643393fb5de19bbd63903b5b96	contracts/core-field-origin-v0.1/records/query-option-some-equality-006.jcs	sha256:c47795ce130dc8b9336e3ef3731b12190f45ee9d890edc8836e9c83db5a463a8	52	117	228	840	19062	0
query-option-some-equality-007	contracts/map-filter-query-v0.1/inputs/option-some-equality.jcs	sha256:02d9fcaa257295554e6b801a5da03908ace7e120db4e24c203ac6ded97f604b9	sha256:ec6c9c03008fe57e8265c1d2dd2838b7a5028ebf436cf8ce173412d22ada466f	contracts/core-field-origin-v0.1/records/query-option-some-equality-007.jcs	sha256:22926f3cf68573a21651f547088831fd2fe7f0636cdd54123f63603ed6f4fd5a	52	117	228	840	19062	0
query-match-option-000	contracts/map-filter-query-v0.1/inputs/match-option.jcs	sha256:441f2a47b8dbc1f0e77867a343d805b6a537c341cfc9f20681589a799ea95164	sha256:01ac97f9c439f723b1cbb8673d7ed749c0bdb988afbff25d9870bfcc6c7067a1	contracts/core-field-origin-v0.1/records/query-match-option-000.jcs	sha256:4b4223c0c40992fa0d3fb6a7f4c1c5b16e651310caaa010080c59e8a20d9e884	52	117	228	840	19062	0
query-match-option-001	contracts/map-filter-query-v0.1/inputs/match-option.jcs	sha256:441f2a47b8dbc1f0e77867a343d805b6a537c341cfc9f20681589a799ea95164	sha256:3e846ed3ddc7c839f84d2c16b806861c13bd049f26522ab06eb9260a6c13e8c7	contracts/core-field-origin-v0.1/records/query-match-option-001.jcs	sha256:10e9959ff4f501a9acb8e45dc5e55fe1c02a4c36a9cc7537d912ff9ce489997e	52	117	228	840	19060	0
query-match-option-002	contracts/map-filter-query-v0.1/inputs/match-option.jcs	sha256:441f2a47b8dbc1f0e77867a343d805b6a537c341cfc9f20681589a799ea95164	sha256:43fc7b2eb109dd8d773fb4090a6e2e2a1c186f785329358ca96ce08076f082c9	contracts/core-field-origin-v0.1/records/query-match-option-002.jcs	sha256:bab6df016deecd7f53447830cfb73e572e071b0438d19fd10104acf8ccae2791	52	117	228	840	19062	0
query-match-option-003	contracts/map-filter-query-v0.1/inputs/match-option.jcs	sha256:441f2a47b8dbc1f0e77867a343d805b6a537c341cfc9f20681589a799ea95164	sha256:444c275245b2438499bb590579bf3bfbe0e20cdcd48b7f9236ddbed7653f99da	contracts/core-field-origin-v0.1/records/query-match-option-003.jcs	sha256:0c3a3e374764d616e075bb5f24161adc86a7fc63fbf14916df0d008d652680f1	52	117	228	840	19064	0
query-match-option-004	contracts/map-filter-query-v0.1/inputs/match-option.jcs	sha256:441f2a47b8dbc1f0e77867a343d805b6a537c341cfc9f20681589a799ea95164	sha256:4c1be9a56a23d87015bc9ca9071aa9dfdebd38c7ea0565ba095c244895a232e0	contracts/core-field-origin-v0.1/records/query-match-option-004.jcs	sha256:976d9024df3b748708853b1f06bfb9efe493148c0cf1f32295fbe23fa74c1cbf	52	117	228	840	19066	0
query-match-option-005	contracts/map-filter-query-v0.1/inputs/match-option.jcs	sha256:441f2a47b8dbc1f0e77867a343d805b6a537c341cfc9f20681589a799ea95164	sha256:52f334c698ac5fb57eec6d46afc793b438c15d969fa042953487325ba5b3962c	contracts/core-field-origin-v0.1/records/query-match-option-005.jcs	sha256:533fe5c048735f0002a0918cb995b77f904067b848837f3bf665b0471cb4dc79	52	117	228	840	19066	0
query-match-option-006	contracts/map-filter-query-v0.1/inputs/match-option.jcs	sha256:441f2a47b8dbc1f0e77867a343d805b6a537c341cfc9f20681589a799ea95164	sha256:f86fa030c7e781bb609407eef07b0a59a836f546b0ce4b9537dce45f4a797626	contracts/core-field-origin-v0.1/records/query-match-option-006.jcs	sha256:d1d97041a429c6fdff40b1016c2c9b80748f0f77d9a5959f2f3c032be9651e57	52	117	228	840	19057	0
query-match-option-007	contracts/map-filter-query-v0.1/inputs/match-option.jcs	sha256:441f2a47b8dbc1f0e77867a343d805b6a537c341cfc9f20681589a799ea95164	sha256:fcb5354e7dbfa7ef47d26caa542194eab40f7623843a2ca41528baf69b21cc71	contracts/core-field-origin-v0.1/records/query-match-option-007.jcs	sha256:8ef340c6200f7b8ea1361d7916dc8d8ff66b039567dbf7d5819543e1e62208e1	52	117	228	840	19062	0
query-nested-option-000	contracts/map-filter-query-v0.1/inputs/nested-option.jcs	sha256:ba89780f8f5f3530352a37cc0f881e3a663c0633defe86ad2bde6f0f66003ab2	sha256:0d400171926d77f5edf684e3cfebbc2e80f0b951e209a930a74b87492c455db9	contracts/core-field-origin-v0.1/records/query-nested-option-000.jcs	sha256:6e81eb894a2ee0c62555fca5f048915aad09dcc9213a3cdb118b7e63ec975e95	52	117	228	840	19066	0
query-nested-option-001	contracts/map-filter-query-v0.1/inputs/nested-option.jcs	sha256:ba89780f8f5f3530352a37cc0f881e3a663c0633defe86ad2bde6f0f66003ab2	sha256:2159eddcd0a5a0809ebb6f8e464b1b56c7cc95dc0ee6da20f302e218cd5fbe43	contracts/core-field-origin-v0.1/records/query-nested-option-001.jcs	sha256:8944959f991734200d60cb1af9353aa59e183fcb41965be23a8429c5ed3ea718	52	117	228	840	19062	0
query-nested-option-002	contracts/map-filter-query-v0.1/inputs/nested-option.jcs	sha256:ba89780f8f5f3530352a37cc0f881e3a663c0633defe86ad2bde6f0f66003ab2	sha256:2d1ba92533b4e278345ef96e62c9101085c05c7ca69da4f0226392c037f02935	contracts/core-field-origin-v0.1/records/query-nested-option-002.jcs	sha256:4668a0b0575a09df7f2440bba3da68473387e2346d257dd9e9c6a34dcf8cdee6	52	117	228	840	19062	0
query-nested-option-003	contracts/map-filter-query-v0.1/inputs/nested-option.jcs	sha256:ba89780f8f5f3530352a37cc0f881e3a663c0633defe86ad2bde6f0f66003ab2	sha256:8ba195bfe948acb5e53ac8ade3be9ca8efd3451388bd3491cc9bacb03f7891e9	contracts/core-field-origin-v0.1/records/query-nested-option-003.jcs	sha256:23cb9ddc70101ae7c27284d14fc0bd7160e5494b76c6da3b99e48f50a0bec4e6	52	117	228	840	19060	0
query-nested-option-004	contracts/map-filter-query-v0.1/inputs/nested-option.jcs	sha256:ba89780f8f5f3530352a37cc0f881e3a663c0633defe86ad2bde6f0f66003ab2	sha256:90f35c260a823c162594086dcaf2a5156a2416b1dc7745b7efc89d5a06c0ea85	contracts/core-field-origin-v0.1/records/query-nested-option-004.jcs	sha256:062bc792007c0b10a7f1a334fcd8cb73c5aa52185429837d420e8bb1ebc40665	52	117	228	840	19057	0
query-nested-option-005	contracts/map-filter-query-v0.1/inputs/nested-option.jcs	sha256:ba89780f8f5f3530352a37cc0f881e3a663c0633defe86ad2bde6f0f66003ab2	sha256:a2c4fcfaf7c57b47181a873868ced73613bdf14514b1fa1ac54e028213f9ae10	contracts/core-field-origin-v0.1/records/query-nested-option-005.jcs	sha256:fc28b7c2de3d9f2fbf79a6bb23639bc7ba6e6284441a7afa0d3d65d0514a6ccd	52	117	228	840	19066	0
query-nested-option-006	contracts/map-filter-query-v0.1/inputs/nested-option.jcs	sha256:ba89780f8f5f3530352a37cc0f881e3a663c0633defe86ad2bde6f0f66003ab2	sha256:a8c5ede2a07bf5aa7264d5f1b57f68f7df6a8214d29dd8ba3ae757b15c5ec263	contracts/core-field-origin-v0.1/records/query-nested-option-006.jcs	sha256:3063b8c889ffc2f6dd69eeb80bb836ffcf642fc9b618c8205a5965513ba73d0c	52	117	228	840	19064	0
query-nested-option-007	contracts/map-filter-query-v0.1/inputs/nested-option.jcs	sha256:ba89780f8f5f3530352a37cc0f881e3a663c0633defe86ad2bde6f0f66003ab2	sha256:af6bb346607d5e22c06b38a64599181c63022d9479d9d23e79c38ac4fe076bf8	contracts/core-field-origin-v0.1/records/query-nested-option-007.jcs	sha256:bfb706707e881eda3deca3cecf99fbb918839ae4490da616ed824653214d8a1f	52	117	228	840	19062	0
query-text-exact-000	contracts/map-filter-query-v0.1/inputs/text-exact.jcs	sha256:fc8d1d25d285524f3dcfe87aea68b72a86c3e364e123c7eda85f70defc8d3b22	sha256:15a8c066470499c6cb9962d9be4d189515188126bc2fefd82df9777436f77399	contracts/core-field-origin-v0.1/records/query-text-exact-000.jcs	sha256:02e4e4dada625ada3166f65d5f3837517439001834840b95e199b9c795917602	52	117	228	840	19064	0
query-text-exact-001	contracts/map-filter-query-v0.1/inputs/text-exact.jcs	sha256:fc8d1d25d285524f3dcfe87aea68b72a86c3e364e123c7eda85f70defc8d3b22	sha256:307477255cfb52725ba851dd1aa95e3175a1fa4659a2626183ecf674928908ef	contracts/core-field-origin-v0.1/records/query-text-exact-001.jcs	sha256:6f3c92ab175693d8d67e8b9aa5fa51f976dd07e4792272076d54d5469f7d3b18	52	117	228	840	19057	0
query-text-exact-002	contracts/map-filter-query-v0.1/inputs/text-exact.jcs	sha256:fc8d1d25d285524f3dcfe87aea68b72a86c3e364e123c7eda85f70defc8d3b22	sha256:8aa5a40482856191ffa0432958c71cfbd15c1f6600c18d034cf4f1f762ab1c95	contracts/core-field-origin-v0.1/records/query-text-exact-002.jcs	sha256:62f4e71845e7d6828d45a64922e88555bef21c391c7698a0ad04487e07a6d423	52	117	228	840	19060	0
query-text-exact-003	contracts/map-filter-query-v0.1/inputs/text-exact.jcs	sha256:fc8d1d25d285524f3dcfe87aea68b72a86c3e364e123c7eda85f70defc8d3b22	sha256:9d061ccb92f8a459c8b389338416e970e5347e771a9b4247803680e702005db1	contracts/core-field-origin-v0.1/records/query-text-exact-003.jcs	sha256:0129649709de0389b46cbb127e17881d166fad757a8939fd769fa1aaf484220f	52	117	228	840	19062	0
query-text-exact-004	contracts/map-filter-query-v0.1/inputs/text-exact.jcs	sha256:fc8d1d25d285524f3dcfe87aea68b72a86c3e364e123c7eda85f70defc8d3b22	sha256:c1db007f0057e4fe77e1929462511019e5e4f0b2454d94571aa111f9075a26d7	contracts/core-field-origin-v0.1/records/query-text-exact-004.jcs	sha256:fbeeee9848e898eeebcaa42ed2937b5ccf13270c2abccc8f48d4a4077aee928c	52	117	228	840	19062	0
query-text-exact-005	contracts/map-filter-query-v0.1/inputs/text-exact.jcs	sha256:fc8d1d25d285524f3dcfe87aea68b72a86c3e364e123c7eda85f70defc8d3b22	sha256:cde198e47246562475ccf5467c2fe582b0daab139796d88c0580e01504e172d8	contracts/core-field-origin-v0.1/records/query-text-exact-005.jcs	sha256:69b0f2468552c9599ce47e386a37a6938e48d9baed458a1a852dc4a1304d35b6	52	117	228	840	19062	0
query-text-exact-006	contracts/map-filter-query-v0.1/inputs/text-exact.jcs	sha256:fc8d1d25d285524f3dcfe87aea68b72a86c3e364e123c7eda85f70defc8d3b22	sha256:dee0e102bcda28a49c554f19aa12dcc67613a04b7b9c86bb3b091887f564ba52	contracts/core-field-origin-v0.1/records/query-text-exact-006.jcs	sha256:e2cc5974d5abc8b6051c99d85b1431d4a9d593818cd6731b9817d75e5c156ce8	52	117	228	840	19066	0
query-text-exact-007	contracts/map-filter-query-v0.1/inputs/text-exact.jcs	sha256:fc8d1d25d285524f3dcfe87aea68b72a86c3e364e123c7eda85f70defc8d3b22	sha256:efa285b0b647f142b3bacef04df8fc83dc123c5811720e52fae21143112d791f	contracts/core-field-origin-v0.1/records/query-text-exact-007.jcs	sha256:3149061dd93b2dbffae8fc12e2a7369b630fca14ebb8995c27e001776cb514ca	52	117	228	840	19066	0
query-unicode-literals-000	contracts/map-filter-query-v0.1/inputs/unicode-literals.jcs	sha256:4296e57e5b34f2e5463eb8438b314e60ddf89f75d600fe4795fb9f672ba4f0d0	sha256:1281061ce63f90a184e2df5d5ebf30a789c1d0261b09ea5819ec8256dab29122	contracts/core-field-origin-v0.1/records/query-unicode-literals-000.jcs	sha256:006d39508aa0860b09aaa23619aba8de6fa3871317b331b9d566c34825127443	52	117	228	840	19057	0
query-unicode-literals-001	contracts/map-filter-query-v0.1/inputs/unicode-literals.jcs	sha256:4296e57e5b34f2e5463eb8438b314e60ddf89f75d600fe4795fb9f672ba4f0d0	sha256:480408105b5206e59fda26a7059be243a8bfaf5a77c527b82da4d238a80616a9	contracts/core-field-origin-v0.1/records/query-unicode-literals-001.jcs	sha256:6402e586cd0f8e2b6b7087c8e10905a134a278b7cbabe516d0678042c9d3074b	52	117	228	840	19066	0
query-unicode-literals-002	contracts/map-filter-query-v0.1/inputs/unicode-literals.jcs	sha256:4296e57e5b34f2e5463eb8438b314e60ddf89f75d600fe4795fb9f672ba4f0d0	sha256:61f7fceeb52b9d5cdd584c6f8cdfaaaa092e995a6dbbf9ee9cf5e683f0f5fd73	contracts/core-field-origin-v0.1/records/query-unicode-literals-002.jcs	sha256:ec6430223c9a1354ef0dc7486269fe706948ac0d2f875e3af4d91109b4bebff8	52	117	228	840	19062	0
query-unicode-literals-003	contracts/map-filter-query-v0.1/inputs/unicode-literals.jcs	sha256:4296e57e5b34f2e5463eb8438b314e60ddf89f75d600fe4795fb9f672ba4f0d0	sha256:6200d23da9be11471993f3fcb6ef85b2c05f076f1bb1581894a296cb5a33b522	contracts/core-field-origin-v0.1/records/query-unicode-literals-003.jcs	sha256:9a468618f56b088e88d66276b8718fac2f7d0a334ce5b48d0f26b321e1691dbb	52	117	228	840	19060	0
query-unicode-literals-004	contracts/map-filter-query-v0.1/inputs/unicode-literals.jcs	sha256:4296e57e5b34f2e5463eb8438b314e60ddf89f75d600fe4795fb9f672ba4f0d0	sha256:82f0c2ea06017b252ff3c8a5f0346f110ba82c21499ef984f4e4cb9e022488db	contracts/core-field-origin-v0.1/records/query-unicode-literals-004.jcs	sha256:5425bc0f434e788ffb053b77a51c57bbf0d629b9d005f93e38b79eaa5fd81760	52	117	228	840	19064	0
query-unicode-literals-005	contracts/map-filter-query-v0.1/inputs/unicode-literals.jcs	sha256:4296e57e5b34f2e5463eb8438b314e60ddf89f75d600fe4795fb9f672ba4f0d0	sha256:a6a1bf172b40fd9344d18a6529caad6bea44d55497250941ecd356a20554cf7a	contracts/core-field-origin-v0.1/records/query-unicode-literals-005.jcs	sha256:e7b20971bcfb1f40588d83cefac217f3be745f097331961598023258c33c928c	52	117	228	840	19062	0
query-unicode-literals-006	contracts/map-filter-query-v0.1/inputs/unicode-literals.jcs	sha256:4296e57e5b34f2e5463eb8438b314e60ddf89f75d600fe4795fb9f672ba4f0d0	sha256:c41476c8c60ee4c359298277c767ea7da6943a9ab26893dc92912af3c956298f	contracts/core-field-origin-v0.1/records/query-unicode-literals-006.jcs	sha256:9357b8d982542b6be1624560c113ea09b161c5c72a3cf25280e8a8cc36a450f3	52	117	228	840	19066	0
query-unicode-literals-007	contracts/map-filter-query-v0.1/inputs/unicode-literals.jcs	sha256:4296e57e5b34f2e5463eb8438b314e60ddf89f75d600fe4795fb9f672ba4f0d0	sha256:fb99d8710473387c2e4e0356f8de81900b79525ef6a01445cd38d391a25fa764	contracts/core-field-origin-v0.1/records/query-unicode-literals-007.jcs	sha256:a0a6bceddba1cb37083cd2432965db43407df1c8c4d8c00513ff009594fd67da	52	117	228	840	19062	0
query-escaped-literal-000	contracts/map-filter-query-v0.1/inputs/escaped-literal.jcs	sha256:fb9b5e5cbb3187d47822f6e683037618e40ffe5a05e5b7f50ee2fd622627b15f	sha256:3c540fc8a7eb3fb84fb536070bab45557263afade704e79fc2a44b0ccaabeeea	contracts/core-field-origin-v0.1/records/query-escaped-literal-000.jcs	sha256:7ae7a2ae2826056e706d011fb301050c46bba99349182f002734fdf9fa60ae3e	52	117	228	840	19062	0
query-escaped-literal-001	contracts/map-filter-query-v0.1/inputs/escaped-literal.jcs	sha256:fb9b5e5cbb3187d47822f6e683037618e40ffe5a05e5b7f50ee2fd622627b15f	sha256:446ad167dce98d67c6ebc72428e8e364c8b0e4f3e994a2274c79a9972d612b74	contracts/core-field-origin-v0.1/records/query-escaped-literal-001.jcs	sha256:3d1dee66b892ac9caa59586cd029f3157c70331623634b667fb45dd159d4ce7b	52	117	228	840	19060	0
query-escaped-literal-002	contracts/map-filter-query-v0.1/inputs/escaped-literal.jcs	sha256:fb9b5e5cbb3187d47822f6e683037618e40ffe5a05e5b7f50ee2fd622627b15f	sha256:62935e4e0b7aa0c32f47d45f9e47fabe004c39c0a4d87c7531656b67274adeed	contracts/core-field-origin-v0.1/records/query-escaped-literal-002.jcs	sha256:398a63ada6807afc21d27b1e9ff6d3476650d974d8da208761160a6a056c342b	52	117	228	840	19062	0
query-escaped-literal-003	contracts/map-filter-query-v0.1/inputs/escaped-literal.jcs	sha256:fb9b5e5cbb3187d47822f6e683037618e40ffe5a05e5b7f50ee2fd622627b15f	sha256:9aa725cb0301015378b924b29356c1cc820064d08c536ee2b54bee5c8c6461ae	contracts/core-field-origin-v0.1/records/query-escaped-literal-003.jcs	sha256:9f0bc652b99d2daa15626b35395e736f7f41ccd09af045c5e6971a5252049c42	52	117	228	840	19066	0
query-escaped-literal-004	contracts/map-filter-query-v0.1/inputs/escaped-literal.jcs	sha256:fb9b5e5cbb3187d47822f6e683037618e40ffe5a05e5b7f50ee2fd622627b15f	sha256:bbd9d109126603d3880d45da3e902ab8065704cf6d1a5e8efb5ccc12295d9c68	contracts/core-field-origin-v0.1/records/query-escaped-literal-004.jcs	sha256:fe74a2154083cfeee43ee708c7277f143304d4b8bd7005d740333c34911c8066	52	117	228	840	19066	0
query-escaped-literal-005	contracts/map-filter-query-v0.1/inputs/escaped-literal.jcs	sha256:fb9b5e5cbb3187d47822f6e683037618e40ffe5a05e5b7f50ee2fd622627b15f	sha256:dc1cc9313ad4554647cb60d6530b1599f93b1c20c7af2be195ca7d3904fe14b7	contracts/core-field-origin-v0.1/records/query-escaped-literal-005.jcs	sha256:e54c6bb45fb10cc52bcbd8ce18841844974328e58f3a50654def65246e6748d4	52	117	228	840	19062	0
query-escaped-literal-006	contracts/map-filter-query-v0.1/inputs/escaped-literal.jcs	sha256:fb9b5e5cbb3187d47822f6e683037618e40ffe5a05e5b7f50ee2fd622627b15f	sha256:de1c77e4e04150dc572d2b2ac372208674b1d1a18001820d54ea0c1d3a2b2ace	contracts/core-field-origin-v0.1/records/query-escaped-literal-006.jcs	sha256:a077bb02560413eaed0e4f1718abcafa36e722e7e1225bc68e341fb72d822b4a	52	117	228	840	19057	0
query-escaped-literal-007	contracts/map-filter-query-v0.1/inputs/escaped-literal.jcs	sha256:fb9b5e5cbb3187d47822f6e683037618e40ffe5a05e5b7f50ee2fd622627b15f	sha256:f444e4c89377b4226c80dd85336d4be557d6cab845d4c808af64e0ff16fbdfdb	contracts/core-field-origin-v0.1/records/query-escaped-literal-007.jcs	sha256:95b037098693a7d427b2ca2ccf6ff62d018319a2584f3493c3858d739be01a98	52	117	228	840	19064	0
query-symbol-name-isolation-000	contracts/map-filter-query-v0.1/inputs/symbol-name-isolation.jcs	sha256:05590dcbd0439fdb1074427353ff1d704da544734e73706935cdbd031a16462a	sha256:0d922f2fa7df5df0e6acacfd3bab9f313956f9d303d156d55f5c6b8d627df5fb	contracts/core-field-origin-v0.1/records/query-symbol-name-isolation-000.jcs	sha256:142a6810b706a1a51f47c17c5dfb7e8616e9db4a79cf72b9b17231df0af50eed	52	117	228	840	19062	0
query-symbol-name-isolation-001	contracts/map-filter-query-v0.1/inputs/symbol-name-isolation.jcs	sha256:05590dcbd0439fdb1074427353ff1d704da544734e73706935cdbd031a16462a	sha256:39b3e451067b5c08c70ceb6cc4540bdc57e0dd741e37e5f2109546d5002c9fd0	contracts/core-field-origin-v0.1/records/query-symbol-name-isolation-001.jcs	sha256:7f207e4169897160b19cf5ad56e6429675e125014aa2693a87444e91e9bcc1cf	52	117	228	840	19062	0
query-symbol-name-isolation-002	contracts/map-filter-query-v0.1/inputs/symbol-name-isolation.jcs	sha256:05590dcbd0439fdb1074427353ff1d704da544734e73706935cdbd031a16462a	sha256:820dc23aafe6db6f1ab719ad33f50b395d8dc69f3f945f3db12242b2f0759c36	contracts/core-field-origin-v0.1/records/query-symbol-name-isolation-002.jcs	sha256:1f0b9bde5ba0470e4ff94fb644f415d21ebee061ed4ff7190db09999d83b109b	52	117	228	840	19066	0
query-symbol-name-isolation-003	contracts/map-filter-query-v0.1/inputs/symbol-name-isolation.jcs	sha256:05590dcbd0439fdb1074427353ff1d704da544734e73706935cdbd031a16462a	sha256:a78990ee672bccb0cf772885b33cef2859da240f3490b8d30211fda5a62aae94	contracts/core-field-origin-v0.1/records/query-symbol-name-isolation-003.jcs	sha256:362de1d91291451f910f68f4125b92bd4de1b172d5115a6ebcfff53f4a4c3780	52	117	228	840	19057	0
query-symbol-name-isolation-004	contracts/map-filter-query-v0.1/inputs/symbol-name-isolation.jcs	sha256:05590dcbd0439fdb1074427353ff1d704da544734e73706935cdbd031a16462a	sha256:bee0170301a0bdf91cdda59392c63ac3676577b7db18f8d64e2be1a89bd80aeb	contracts/core-field-origin-v0.1/records/query-symbol-name-isolation-004.jcs	sha256:bdb6d1a9c25eec9d04b99548b2e4db9a0e8300a5ac8377d8c1e8a603031f9c47	52	117	228	840	19066	0
query-symbol-name-isolation-005	contracts/map-filter-query-v0.1/inputs/symbol-name-isolation.jcs	sha256:05590dcbd0439fdb1074427353ff1d704da544734e73706935cdbd031a16462a	sha256:e19273c13fc40120936e159a1ce11ca5a35d3df1ee4413df2aea0159feec2eed	contracts/core-field-origin-v0.1/records/query-symbol-name-isolation-005.jcs	sha256:22ae40a5683da80730912fb3a9874f0849d4d6c76718d3a4801138970f34743a	52	117	228	840	19064	0
query-symbol-name-isolation-006	contracts/map-filter-query-v0.1/inputs/symbol-name-isolation.jcs	sha256:05590dcbd0439fdb1074427353ff1d704da544734e73706935cdbd031a16462a	sha256:e7419db5a2b4cc0bd3499b9d69570ae252b2de1249647327038c2eea74fb1e72	contracts/core-field-origin-v0.1/records/query-symbol-name-isolation-006.jcs	sha256:7968380f412e9ec3e46b3a1664057bbfab2778c31b04886009a03731e8af75e4	52	117	228	840	19060	0
query-symbol-name-isolation-007	contracts/map-filter-query-v0.1/inputs/symbol-name-isolation.jcs	sha256:05590dcbd0439fdb1074427353ff1d704da544734e73706935cdbd031a16462a	sha256:ecd245a9cc1641ebc39aec1b4d265413e978b473bd8dd4317db613affe524bbf	contracts/core-field-origin-v0.1/records/query-symbol-name-isolation-007.jcs	sha256:1c0b71520d00f0ac04ffdc42199176c16b2f1b39f444d06ec9f08b209e2ecebe	52	117	228	840	19062	0
query-compare-lt-000	contracts/map-filter-query-v0.1/inputs/compare-lt.jcs	sha256:26b308bd8de73558abbb8f3b415ca607cb135de73afff69f450f48369e4b298c	sha256:2716364730d9ace039e21afcf2aede201b94f3b4048a7abe3bdaa5dd1f5513f5	contracts/core-field-origin-v0.1/records/query-compare-lt-000.jcs	sha256:9bfaca46626df89965a05d34a97125aeb95aa909da3764727f4e0a7e6af29493	52	117	228	840	19062	0
query-compare-lt-001	contracts/map-filter-query-v0.1/inputs/compare-lt.jcs	sha256:26b308bd8de73558abbb8f3b415ca607cb135de73afff69f450f48369e4b298c	sha256:4141775ad1451d723b18c73166f3f1dce5daffdbb3b52c175d181bd0b46e8242	contracts/core-field-origin-v0.1/records/query-compare-lt-001.jcs	sha256:12feda9da164e649a41efd352c12a48eab7f552812e7b37f744fd4fa5ea38a3f	52	117	228	840	19066	0
query-compare-lt-002	contracts/map-filter-query-v0.1/inputs/compare-lt.jcs	sha256:26b308bd8de73558abbb8f3b415ca607cb135de73afff69f450f48369e4b298c	sha256:51e61f84e1fefee338b0c39bbe98cc7848ca726322f6e4dbc54e0dcf659946a1	contracts/core-field-origin-v0.1/records/query-compare-lt-002.jcs	sha256:4aee1ab8a58900f800cf3ecac642c8a54015f5cdcc415854a1f2d574971c6752	52	117	228	840	19066	0
query-compare-lt-003	contracts/map-filter-query-v0.1/inputs/compare-lt.jcs	sha256:26b308bd8de73558abbb8f3b415ca607cb135de73afff69f450f48369e4b298c	sha256:75bca4855945dddd66b1d70684a17060e998783df3914062e5e6f19136bd68e1	contracts/core-field-origin-v0.1/records/query-compare-lt-003.jcs	sha256:1638e083f143b92c69070461587fc0dd9a34cca872202d363407c962952df08b	52	117	228	840	19062	0
query-compare-lt-004	contracts/map-filter-query-v0.1/inputs/compare-lt.jcs	sha256:26b308bd8de73558abbb8f3b415ca607cb135de73afff69f450f48369e4b298c	sha256:c97df169c3ef4b549a09ff0c489ab9e1e1d3d8f97baa5ce1107471f8cba0ea7a	contracts/core-field-origin-v0.1/records/query-compare-lt-004.jcs	sha256:54a34959ede0f0dd9886b35b85c3f5540df4cc55ec971733309f42c4a8342be6	52	117	228	840	19060	0
query-compare-lt-005	contracts/map-filter-query-v0.1/inputs/compare-lt.jcs	sha256:26b308bd8de73558abbb8f3b415ca607cb135de73afff69f450f48369e4b298c	sha256:e0eb72783b2e40a6abad4dae47f79da2d01bf726394dcaf45f51fba1ea560712	contracts/core-field-origin-v0.1/records/query-compare-lt-005.jcs	sha256:df425aa525ecd8b5d853520609a0ab9ec068d1a4b4a1f0e61c4e21a9cb22155e	52	117	228	840	19064	0
query-compare-lt-006	contracts/map-filter-query-v0.1/inputs/compare-lt.jcs	sha256:26b308bd8de73558abbb8f3b415ca607cb135de73afff69f450f48369e4b298c	sha256:e84b6db417591c8692386726b3d21a2be8f16edabb94109468f1f612b437a1b6	contracts/core-field-origin-v0.1/records/query-compare-lt-006.jcs	sha256:b92f3a3b98b132aff60c5a258066bfc5693d601a1dc1290fde387acbedccfbf8	52	117	228	840	19062	0
query-compare-lt-007	contracts/map-filter-query-v0.1/inputs/compare-lt.jcs	sha256:26b308bd8de73558abbb8f3b415ca607cb135de73afff69f450f48369e4b298c	sha256:ff1e61d11788edc23e6d189fa4d9ac8452bcf190d98ac6fa1ca53257e67c8b7d	contracts/core-field-origin-v0.1/records/query-compare-lt-007.jcs	sha256:fd4bbd56ef857e3345a2dcbaaa03272d26fe2a4ce3738e56ab7a54e6f0e997b5	52	117	228	840	19057	0
query-compare-le-000	contracts/map-filter-query-v0.1/inputs/compare-le.jcs	sha256:480923df3f0483f635c0cc6283a63eb6ac33c32bd15b670a286c3a26993e1b85	sha256:051fafdde266ae1daf7b610a0352b238b8445875ab47089deb53cdb7ea1194d2	contracts/core-field-origin-v0.1/records/query-compare-le-000.jcs	sha256:727387db643da7a30fba69e31e4fa40c60ffc7626110ba472a29ab3b20f1968d	52	117	228	840	19062	0
query-compare-le-001	contracts/map-filter-query-v0.1/inputs/compare-le.jcs	sha256:480923df3f0483f635c0cc6283a63eb6ac33c32bd15b670a286c3a26993e1b85	sha256:3076c5a5cf2529d15836f30ce6583abc8c08492369d287629f6efe4f32bb9593	contracts/core-field-origin-v0.1/records/query-compare-le-001.jcs	sha256:bb3c832a90865a74598ff07adcf2374c119a8c30b81a148b3dfc05343b56273f	52	117	228	840	19066	0
query-compare-le-002	contracts/map-filter-query-v0.1/inputs/compare-le.jcs	sha256:480923df3f0483f635c0cc6283a63eb6ac33c32bd15b670a286c3a26993e1b85	sha256:35667b2e2b11d4bde080bb9d0231961496f5c9ec3dcc62be3a51574fe1cd3ede	contracts/core-field-origin-v0.1/records/query-compare-le-002.jcs	sha256:e83ce6c2bd6a84e6eee54aa6d878d67a012ffd2ef2792677f51597089b3f6aba	52	117	228	840	19062	0
query-compare-le-003	contracts/map-filter-query-v0.1/inputs/compare-le.jcs	sha256:480923df3f0483f635c0cc6283a63eb6ac33c32bd15b670a286c3a26993e1b85	sha256:61687b6102634404c48e8e531e65bce98c3b82d7aabcdc3785ab75e033c32fb2	contracts/core-field-origin-v0.1/records/query-compare-le-003.jcs	sha256:b1224c6456f2dc7e1dbbd48af7ad2691089678c3243e0b01f52cea3b485f2f42	52	117	228	840	19066	0
query-compare-le-004	contracts/map-filter-query-v0.1/inputs/compare-le.jcs	sha256:480923df3f0483f635c0cc6283a63eb6ac33c32bd15b670a286c3a26993e1b85	sha256:87268cdbdded0c04e064ec4f21c2740e3202186f8014aa8b895591fd9520970a	contracts/core-field-origin-v0.1/records/query-compare-le-004.jcs	sha256:4d64273e92b882d902e7bcebd737d1ff91749676ebdd4d1d0f55dc1f71f6d1cd	52	117	228	840	19060	0
query-compare-le-005	contracts/map-filter-query-v0.1/inputs/compare-le.jcs	sha256:480923df3f0483f635c0cc6283a63eb6ac33c32bd15b670a286c3a26993e1b85	sha256:9a5c3ce9b6966f9d159e42819c4e72b66a78d32d93702729279549bce041541e	contracts/core-field-origin-v0.1/records/query-compare-le-005.jcs	sha256:3a9f6089d696438cd2c0550da5d9391cde2f54d37d467f0179485c7af6012cb5	52	117	228	840	19057	0
query-compare-le-006	contracts/map-filter-query-v0.1/inputs/compare-le.jcs	sha256:480923df3f0483f635c0cc6283a63eb6ac33c32bd15b670a286c3a26993e1b85	sha256:b17a338e001aeb2b77138a5898287cc65e795a2b9748ec8e3d07fedbe053ea93	contracts/core-field-origin-v0.1/records/query-compare-le-006.jcs	sha256:bae25f1c734138ada6db879a4d344674abb5507b3bf7046e40f799f2ebaac305	52	117	228	840	19062	0
query-compare-le-007	contracts/map-filter-query-v0.1/inputs/compare-le.jcs	sha256:480923df3f0483f635c0cc6283a63eb6ac33c32bd15b670a286c3a26993e1b85	sha256:b35fa23bfcda8d03b450b05ecd12ff7287a40ecd7a905f60d77cd9c8613f0bb3	contracts/core-field-origin-v0.1/records/query-compare-le-007.jcs	sha256:d282d8486e74acc1712f2456d2aaaa107e6f14c987b109caff9ac8975b88935d	52	117	228	840	19064	0
query-compare-gt-000	contracts/map-filter-query-v0.1/inputs/compare-gt.jcs	sha256:cc5d02099bc0afc35740463794bdfa7ce058026e8d7f387fabcab4adbecfa141	sha256:2099173d140d8977a0b55f3455a761e4bce99e9c51938a34c48c6f7ea71e239a	contracts/core-field-origin-v0.1/records/query-compare-gt-000.jcs	sha256:5f9b055b50175a7af0d050fb036bf7a7b9a301567f17105d02528f72517a2a9b	52	117	228	840	19062	0
query-compare-gt-001	contracts/map-filter-query-v0.1/inputs/compare-gt.jcs	sha256:cc5d02099bc0afc35740463794bdfa7ce058026e8d7f387fabcab4adbecfa141	sha256:25ffe4274d976ea071df1bdca9a63a361e93c018be9752d37b63d65dd0141e6f	contracts/core-field-origin-v0.1/records/query-compare-gt-001.jcs	sha256:4c5bc9a9270d6d7fc9bf7c404d0f18e2a81e327fe8cb5f62ecd57c710cd330ba	52	117	228	840	19066	0
query-compare-gt-002	contracts/map-filter-query-v0.1/inputs/compare-gt.jcs	sha256:cc5d02099bc0afc35740463794bdfa7ce058026e8d7f387fabcab4adbecfa141	sha256:2e46402f42821ed72ddf6e6d151bafde1c773d22704135e93c3f934c2cbfb1e9	contracts/core-field-origin-v0.1/records/query-compare-gt-002.jcs	sha256:d98b3264a047fcc2f7923f4bf6d1a5d0b3dad216c7c8ccab2889f7fc3f1b8bdf	52	117	228	840	19060	0
query-compare-gt-003	contracts/map-filter-query-v0.1/inputs/compare-gt.jcs	sha256:cc5d02099bc0afc35740463794bdfa7ce058026e8d7f387fabcab4adbecfa141	sha256:5f34ea2f516eaa1acb9e92972fe8fd3ec337f4c78b9498cfec4da75207db9189	contracts/core-field-origin-v0.1/records/query-compare-gt-003.jcs	sha256:e4886c8c4d1a466c37a0c5150f9e061c64f03bb44488167cda3e8e59ebee0fc0	52	117	228	840	19064	0
query-compare-gt-004	contracts/map-filter-query-v0.1/inputs/compare-gt.jcs	sha256:cc5d02099bc0afc35740463794bdfa7ce058026e8d7f387fabcab4adbecfa141	sha256:6461e29ebd2489a4be0a10b4d23d702a627cfbc93b1d1605c0270de0021e90cb	contracts/core-field-origin-v0.1/records/query-compare-gt-004.jcs	sha256:4c1ce80c5d74c6e1ada206d2800ab5424e0e7f90a0be91d9fd71d67bbd446689	52	117	228	840	19066	0
query-compare-gt-005	contracts/map-filter-query-v0.1/inputs/compare-gt.jcs	sha256:cc5d02099bc0afc35740463794bdfa7ce058026e8d7f387fabcab4adbecfa141	sha256:a130c1bca5cabb72997215fd5e257feccaf01fe622353a0291bd5727b2a69372	contracts/core-field-origin-v0.1/records/query-compare-gt-005.jcs	sha256:570a6962c427a8b029374c0cc27f745df19d459cdbea1a20884dc4e295e11f9b	52	117	228	840	19057	0
query-compare-gt-006	contracts/map-filter-query-v0.1/inputs/compare-gt.jcs	sha256:cc5d02099bc0afc35740463794bdfa7ce058026e8d7f387fabcab4adbecfa141	sha256:b60f65e20ea03f01367f72e8c755e1a1312b330509d95bf501c706e14a6f1dd3	contracts/core-field-origin-v0.1/records/query-compare-gt-006.jcs	sha256:e90f7fcf620bca0c4875d3baf32a3e6a2731657e3f55a23b56d7ffc8eb444b23	52	117	228	840	19062	0
query-compare-gt-007	contracts/map-filter-query-v0.1/inputs/compare-gt.jcs	sha256:cc5d02099bc0afc35740463794bdfa7ce058026e8d7f387fabcab4adbecfa141	sha256:eb8499028e01a1056244f59220f42630c7f9c61c17f241841326ff7682922562	contracts/core-field-origin-v0.1/records/query-compare-gt-007.jcs	sha256:cdc6aa8aeaad0a5b99cf0415b39184ae24cbd3bf9e77eee7bbfeb2bb2e6c719e	52	117	228	840	19062	0
query-compare-ge-000	contracts/map-filter-query-v0.1/inputs/compare-ge.jcs	sha256:1976dea914dbacd38696f1a537bbcdc3bb77f5d6b4ca4ef99b1d74cfe451bd57	sha256:4a3e65f002b8155f11c0c247f9f266504a2b0994bbea6b607d48775f855edb22	contracts/core-field-origin-v0.1/records/query-compare-ge-000.jcs	sha256:b733b868427f932fb7562d3afdbf5e68e06c00ed2149c3a7de8617f0069b9e31	52	117	228	840	19062	0
query-compare-ge-001	contracts/map-filter-query-v0.1/inputs/compare-ge.jcs	sha256:1976dea914dbacd38696f1a537bbcdc3bb77f5d6b4ca4ef99b1d74cfe451bd57	sha256:573b259219af123ccada1c8fd58f4b35d07c66589e9fbfb4cb94f36183774a82	contracts/core-field-origin-v0.1/records/query-compare-ge-001.jcs	sha256:d4879142b8334b239c183b4fa87bbfddf3eb4367299904dd935fd30dc02b8d46	52	117	228	840	19066	0
query-compare-ge-002	contracts/map-filter-query-v0.1/inputs/compare-ge.jcs	sha256:1976dea914dbacd38696f1a537bbcdc3bb77f5d6b4ca4ef99b1d74cfe451bd57	sha256:61b55231bb9e7895029eb7d860264a361d0bead3e2b8b1e45cf3debce43093c2	contracts/core-field-origin-v0.1/records/query-compare-ge-002.jcs	sha256:7326e1048c3b869a788600b2c4db26434cb01dd922214b4c2470acfda3742544	52	117	228	840	19064	0
query-compare-ge-003	contracts/map-filter-query-v0.1/inputs/compare-ge.jcs	sha256:1976dea914dbacd38696f1a537bbcdc3bb77f5d6b4ca4ef99b1d74cfe451bd57	sha256:686066ffa7b9987136d0780846e525574c1bb3f07da30ac27793cfc7ffe17b8c	contracts/core-field-origin-v0.1/records/query-compare-ge-003.jcs	sha256:c267bca29954195eb9f5043c08a9e966d8dc7fa324e774dfc9c5c389979d94e5	52	117	228	840	19062	0
query-compare-ge-004	contracts/map-filter-query-v0.1/inputs/compare-ge.jcs	sha256:1976dea914dbacd38696f1a537bbcdc3bb77f5d6b4ca4ef99b1d74cfe451bd57	sha256:709000d9749091ece107610a26300f8c5e4925917b6b6fc018c7dff4927f0018	contracts/core-field-origin-v0.1/records/query-compare-ge-004.jcs	sha256:e993bc6770194920fd75dbdde84527cc33ffa79e89f67092d44c61ebf6594dbe	52	117	228	840	19057	0
query-compare-ge-005	contracts/map-filter-query-v0.1/inputs/compare-ge.jcs	sha256:1976dea914dbacd38696f1a537bbcdc3bb77f5d6b4ca4ef99b1d74cfe451bd57	sha256:7b48a6c083f173ba17a8125462521f1d43d27e1128d76db7245c60165922bba7	contracts/core-field-origin-v0.1/records/query-compare-ge-005.jcs	sha256:979959ca58f56a26b21609756145140549499ad8661482f7c40d797e503a3ac5	52	117	228	840	19066	0
query-compare-ge-006	contracts/map-filter-query-v0.1/inputs/compare-ge.jcs	sha256:1976dea914dbacd38696f1a537bbcdc3bb77f5d6b4ca4ef99b1d74cfe451bd57	sha256:aa0e354d0faea4ddebfb70407f344a3ea7dbb72806910f995aa5fd361fb6c3eb	contracts/core-field-origin-v0.1/records/query-compare-ge-006.jcs	sha256:7ff7cab8684124932e54e6379d8d7018c971d3aece448f11977ccb628c60aa56	52	117	228	840	19062	0
query-compare-ge-007	contracts/map-filter-query-v0.1/inputs/compare-ge.jcs	sha256:1976dea914dbacd38696f1a537bbcdc3bb77f5d6b4ca4ef99b1d74cfe451bd57	sha256:fbb6ebcc6d12c451fa04a98842027391c084fe3b50f045fea22b7fed037080dc	contracts/core-field-origin-v0.1/records/query-compare-ge-007.jcs	sha256:7f9fc4b44a71289cb45c42a6926a451d70c30f2004084e029ae34e4e1e52081a	52	117	228	840	19060	0
query-enum-not-000	contracts/map-filter-query-v0.1/inputs/enum-not.jcs	sha256:08359f4d59ef96cb975280187e39a6078dc5cb598b6fa4895c26462c787e67b1	sha256:17459bd7717de12a9339eb6dc2b40f90a6e23ba5c70cfd91666a97852d3d2d81	contracts/core-field-origin-v0.1/records/query-enum-not-000.jcs	sha256:abe2a88c230afa0ef6a62f4f003e11c52785ed85eb8a3a13675263d547cd1dfc	52	117	228	840	19066	0
query-enum-not-001	contracts/map-filter-query-v0.1/inputs/enum-not.jcs	sha256:08359f4d59ef96cb975280187e39a6078dc5cb598b6fa4895c26462c787e67b1	sha256:30b67e4e1ac7ec1f2a1a294d5144c95b754826f090c295fa1fee7dc25e310787	contracts/core-field-origin-v0.1/records/query-enum-not-001.jcs	sha256:b7605a65ae8ccea3e5ab184cc29bb17a106ab33c057641088e21b25c75488da8	52	117	228	840	19064	0
query-enum-not-002	contracts/map-filter-query-v0.1/inputs/enum-not.jcs	sha256:08359f4d59ef96cb975280187e39a6078dc5cb598b6fa4895c26462c787e67b1	sha256:394eab34cbeb7dd0c340f1cd5008bf73ba6f6b1587178420e58c5e21fc176c0c	contracts/core-field-origin-v0.1/records/query-enum-not-002.jcs	sha256:6222991d0e5b751c96a2ffa4a1ad55b268dbadf11aca71d6417492a2c6ea71be	52	117	228	840	19057	0
query-enum-not-003	contracts/map-filter-query-v0.1/inputs/enum-not.jcs	sha256:08359f4d59ef96cb975280187e39a6078dc5cb598b6fa4895c26462c787e67b1	sha256:5994d75d6012eabe9775c47b8fa74010ac87eff31bb8ee859076b7edaa8fd748	contracts/core-field-origin-v0.1/records/query-enum-not-003.jcs	sha256:d004dbbbfeecec966fdbd0d3ab13cf21aa4370b0da2c4087c05416ac64dcf20d	52	117	228	840	19062	0
query-enum-not-004	contracts/map-filter-query-v0.1/inputs/enum-not.jcs	sha256:08359f4d59ef96cb975280187e39a6078dc5cb598b6fa4895c26462c787e67b1	sha256:b54efd32cd3fc4ef623464ec03a7ad8154b504353d4ad807b2a6bdb4f3ae2e95	contracts/core-field-origin-v0.1/records/query-enum-not-004.jcs	sha256:63f0c8c800bbbaa2256d9944a5b78904d787847254936dc89922d0c16fd2d1b8	52	117	228	840	19062	0
query-enum-not-005	contracts/map-filter-query-v0.1/inputs/enum-not.jcs	sha256:08359f4d59ef96cb975280187e39a6078dc5cb598b6fa4895c26462c787e67b1	sha256:de405441641e97c56fd503bc2f25ee33d5d46eb4f2464b3daeeef91aeb42f808	contracts/core-field-origin-v0.1/records/query-enum-not-005.jcs	sha256:5a81a18c590aa57171d758395b9087531860dcb1de7bf1875e464610e896d5dd	52	117	228	840	19060	0
query-enum-not-006	contracts/map-filter-query-v0.1/inputs/enum-not.jcs	sha256:08359f4d59ef96cb975280187e39a6078dc5cb598b6fa4895c26462c787e67b1	sha256:e7d2d4e20cdd725d7426cce8f8f0e01f6bf15df06eeec43d17dd06a6f95badc1	contracts/core-field-origin-v0.1/records/query-enum-not-006.jcs	sha256:69ad039d5e1191f2e65a886f2a059067656edf55f130700b9ae853634d39fceb	52	117	228	840	19062	0
query-enum-not-007	contracts/map-filter-query-v0.1/inputs/enum-not.jcs	sha256:08359f4d59ef96cb975280187e39a6078dc5cb598b6fa4895c26462c787e67b1	sha256:f5619adcb7c7f6473a41ada5ccdcdd35abe5689bc91f49a88a83ad820de5498f	contracts/core-field-origin-v0.1/records/query-enum-not-007.jcs	sha256:166a997cfe7c58ddc26af1cac7227ee083004a83c380b170dc0f74043523fe44	52	117	228	840	19066	0
query-record-sibling-fault-000	contracts/map-filter-query-v0.1/inputs/record-sibling-fault.jcs	sha256:b0394b75bba418be5b1936cd14583086c1263d1ea5ce305ba105dcf15e036f85	sha256:386ba4b8200a35d63bc83065e5faa7a92f743dfc0af2eab0e0000e94f8eadb56	contracts/core-field-origin-v0.1/records/query-record-sibling-fault-000.jcs	sha256:66130be9b20f8a7989e28c3aab2ac81b3f6f7ff383b5bf5748ec656e6c18d60e	52	117	228	840	19057	0
query-record-sibling-fault-001	contracts/map-filter-query-v0.1/inputs/record-sibling-fault.jcs	sha256:b0394b75bba418be5b1936cd14583086c1263d1ea5ce305ba105dcf15e036f85	sha256:5a3e1aa74b5e1b90f71fba73e53745fd3fc1e37f89d4207842bde40514b89672	contracts/core-field-origin-v0.1/records/query-record-sibling-fault-001.jcs	sha256:15487baa9f1bef1417a8162c38e45cc76076efff4326f1d2b581def26aea1378	52	117	228	840	19064	0
query-record-sibling-fault-002	contracts/map-filter-query-v0.1/inputs/record-sibling-fault.jcs	sha256:b0394b75bba418be5b1936cd14583086c1263d1ea5ce305ba105dcf15e036f85	sha256:640470a7f1209b5a6654a5516ee2e94529b25b59c00334d342694639fc65109a	contracts/core-field-origin-v0.1/records/query-record-sibling-fault-002.jcs	sha256:50fb55e916ae006f7ab2b85236fbeaec758bfc09725567d9766d730b7a13f3bf	52	117	228	840	19062	0
query-record-sibling-fault-003	contracts/map-filter-query-v0.1/inputs/record-sibling-fault.jcs	sha256:b0394b75bba418be5b1936cd14583086c1263d1ea5ce305ba105dcf15e036f85	sha256:7e696ff4ed014895dad828e0be36232e5e485db63caef83846c0f6171e7b7dc0	contracts/core-field-origin-v0.1/records/query-record-sibling-fault-003.jcs	sha256:76771533d81c8ec3907ed0d271193a326942652fcf63fe3b6097e67f7b66704a	52	117	228	840	19062	0
query-record-sibling-fault-004	contracts/map-filter-query-v0.1/inputs/record-sibling-fault.jcs	sha256:b0394b75bba418be5b1936cd14583086c1263d1ea5ce305ba105dcf15e036f85	sha256:81b906ff55dd065f90d0f7b87140278f9895786611f5d71c45a9bfaeeb0d19e0	contracts/core-field-origin-v0.1/records/query-record-sibling-fault-004.jcs	sha256:0e11ab1f69426f0288966ded1742d4a9eb21b912f6f606ebd8b84f448a985dce	52	117	228	840	19062	0
query-record-sibling-fault-005	contracts/map-filter-query-v0.1/inputs/record-sibling-fault.jcs	sha256:b0394b75bba418be5b1936cd14583086c1263d1ea5ce305ba105dcf15e036f85	sha256:a47a0504466cc8fd6fae27d0de7aee854e0351a97cda8d2fe5fd6d5e96dbdc4e	contracts/core-field-origin-v0.1/records/query-record-sibling-fault-005.jcs	sha256:02222d5dd6c93b464227af4e15f37548fd753f0fa2661eb8f7af86f8fd53b5b7	52	117	228	840	19066	0
query-record-sibling-fault-006	contracts/map-filter-query-v0.1/inputs/record-sibling-fault.jcs	sha256:b0394b75bba418be5b1936cd14583086c1263d1ea5ce305ba105dcf15e036f85	sha256:dbf6370249850c74a937f87926c010691fb2de696ece5a247d1aa00dfed98936	contracts/core-field-origin-v0.1/records/query-record-sibling-fault-006.jcs	sha256:3dc3536f8adeb217b53219c7fe1679f4af6755288348ba20f6aac3b3fdad8f11	52	117	228	840	19060	0
query-record-sibling-fault-007	contracts/map-filter-query-v0.1/inputs/record-sibling-fault.jcs	sha256:b0394b75bba418be5b1936cd14583086c1263d1ea5ce305ba105dcf15e036f85	sha256:e76ed8005e87889205065f84a9991a6d1cc5fc9d9b01f4bcef2ca41aabefb6d1	contracts/core-field-origin-v0.1/records/query-record-sibling-fault-007.jcs	sha256:d89ab40497df104e3ccdbd33bcce1634980f55b75c52b7db1bb10df581fa8b32	52	117	228	840	19066	0
query-record-constructor-000	contracts/map-filter-query-v0.1/inputs/record-constructor.jcs	sha256:14f0161645d73aa1479cb1a5b5cdce138eb741d802ccbeb596a4c5bc606e6f90	sha256:16de299024d3ae02fb815493b50bee781dc3a88ece5a197792872db5b23b87b8	contracts/core-field-origin-v0.1/records/query-record-constructor-000.jcs	sha256:7114eb6075147353b5090f3d64c22f16f3a4e2f63a2eaf68247ec9e7e0c94388	60	137	262	1311	22329	0
query-record-constructor-001	contracts/map-filter-query-v0.1/inputs/record-constructor.jcs	sha256:14f0161645d73aa1479cb1a5b5cdce138eb741d802ccbeb596a4c5bc606e6f90	sha256:35732d30bcc348b8b7d73376079ce17f925075fbcd118297f9c9f340a194e744	contracts/core-field-origin-v0.1/records/query-record-constructor-001.jcs	sha256:a1eac9e7feb9956afa8ef24b2bd3456ca58331991c5690c049b3aa6b95bd46b5	60	137	262	1311	22334	0
query-record-constructor-002	contracts/map-filter-query-v0.1/inputs/record-constructor.jcs	sha256:14f0161645d73aa1479cb1a5b5cdce138eb741d802ccbeb596a4c5bc606e6f90	sha256:3e2aee8b9308eeab9859da4e5650f10828fec19a8669b816b8e241f534fe36a1	contracts/core-field-origin-v0.1/records/query-record-constructor-002.jcs	sha256:6944982857a7c7af55e61a0359f1252280ca247a23b669a4ac4d5ecc13107244	60	137	262	1311	22338	0
query-record-constructor-003	contracts/map-filter-query-v0.1/inputs/record-constructor.jcs	sha256:14f0161645d73aa1479cb1a5b5cdce138eb741d802ccbeb596a4c5bc606e6f90	sha256:57a7f2b27332609947c415fe1938f5170d4093ddbad24d344289881ccecd2246	contracts/core-field-origin-v0.1/records/query-record-constructor-003.jcs	sha256:7f04a33cae02489619ddf6ed9a0946950db4d0b0bbdebac7a3d698a43fb9bdf6	60	137	262	1311	22336	0
query-record-constructor-004	contracts/map-filter-query-v0.1/inputs/record-constructor.jcs	sha256:14f0161645d73aa1479cb1a5b5cdce138eb741d802ccbeb596a4c5bc606e6f90	sha256:5975f93b023a0ac088e8b4567d1568aee1f489251b3ddd2876964f76fc6f1cd1	contracts/core-field-origin-v0.1/records/query-record-constructor-004.jcs	sha256:fab52a8f478bdfe607f102931767a71cfeba59259d7e73565221efb7bf98bdd5	60	137	262	1311	22334	0
query-record-constructor-005	contracts/map-filter-query-v0.1/inputs/record-constructor.jcs	sha256:14f0161645d73aa1479cb1a5b5cdce138eb741d802ccbeb596a4c5bc606e6f90	sha256:7d65e83a44b1e7cd00663f0141728c047fba0c2fb6e8d8817b4d46b9fcbf5dbf	contracts/core-field-origin-v0.1/records/query-record-constructor-005.jcs	sha256:5dae279af7dfeb59fa96217ea3c9463c6d90b33dee32fda44114d9dcb7df7f04	60	137	262	1311	22334	0
query-record-constructor-006	contracts/map-filter-query-v0.1/inputs/record-constructor.jcs	sha256:14f0161645d73aa1479cb1a5b5cdce138eb741d802ccbeb596a4c5bc606e6f90	sha256:a234d7a341e698075a6b992db45b43365acdf752cc61c2d032c1e8aadc0b246f	contracts/core-field-origin-v0.1/records/query-record-constructor-006.jcs	sha256:00bbaff1200bcca00c29c120d95d011d37f9412cb4d85c67400e222d47716312	60	137	262	1311	22332	0
query-record-constructor-007	contracts/map-filter-query-v0.1/inputs/record-constructor.jcs	sha256:14f0161645d73aa1479cb1a5b5cdce138eb741d802ccbeb596a4c5bc606e6f90	sha256:b3e9b219799f21d3f521db1b58955fc0a05c5885fa69a3831347fb0fbd889de0	contracts/core-field-origin-v0.1/records/query-record-constructor-007.jcs	sha256:fd3db2436d2de3b6e49c80c37a8a172ee13b9e59643c0458c5c76067372769fb	60	137	262	1311	22338	0
query-lookup-identity-000	contracts/map-filter-query-v0.1/inputs/lookup-identity.jcs	sha256:b52d41a7dcad8a7d6f6d21b29847343ff8eaccb4fbd7c106a116bca8ba85c8d8	sha256:34afc169e4dc9924ba5262f2b02f8269a167488090d50dabf1caa540da0459c1	contracts/core-field-origin-v0.1/records/query-lookup-identity-000.jcs	sha256:85ac59da2d830c10c74871cf0202cf52a5c628e85b20c5f9fb75a3ba5ba43dab	52	117	228	840	19066	0
query-lookup-identity-001	contracts/map-filter-query-v0.1/inputs/lookup-identity.jcs	sha256:b52d41a7dcad8a7d6f6d21b29847343ff8eaccb4fbd7c106a116bca8ba85c8d8	sha256:3e3e036d56b795444f845df438d88c0b6ddbf2469d590c0ffdf1d6850373c357	contracts/core-field-origin-v0.1/records/query-lookup-identity-001.jcs	sha256:1e323f3c7206a1b0b1119d2fa05282cac8f95f1d7f734a3cc610839b49fae2a4	52	117	228	840	19064	0
query-lookup-identity-002	contracts/map-filter-query-v0.1/inputs/lookup-identity.jcs	sha256:b52d41a7dcad8a7d6f6d21b29847343ff8eaccb4fbd7c106a116bca8ba85c8d8	sha256:7f14e2b51253357b7b94f58e24996ac80229a18372c08af7637226f0af717da9	contracts/core-field-origin-v0.1/records/query-lookup-identity-002.jcs	sha256:d4658fdf0603388fc0531b96fea8e443b1e9521b177faa2a475da1315054edaf	52	117	228	840	19062	0
query-lookup-identity-003	contracts/map-filter-query-v0.1/inputs/lookup-identity.jcs	sha256:b52d41a7dcad8a7d6f6d21b29847343ff8eaccb4fbd7c106a116bca8ba85c8d8	sha256:a1062dcade20da8b2cb64967ad6fbd49d777dd7c54f2f92f1ec2d598ff4bfe09	contracts/core-field-origin-v0.1/records/query-lookup-identity-003.jcs	sha256:6c93dad9a5d08ee7080734dbe5ad120f5c207643c9fac69f3acfc8b170db0b80	52	117	228	840	19066	0
query-lookup-identity-004	contracts/map-filter-query-v0.1/inputs/lookup-identity.jcs	sha256:b52d41a7dcad8a7d6f6d21b29847343ff8eaccb4fbd7c106a116bca8ba85c8d8	sha256:a782cb398d8d94164509f23e83e623046e99acfc30a3aa91b2c807803c9874e7	contracts/core-field-origin-v0.1/records/query-lookup-identity-004.jcs	sha256:05e41f1e97918c1a63526201ffddffc71676ab808f9148177403ba1a476a7da9	52	117	228	840	19057	0
query-lookup-identity-005	contracts/map-filter-query-v0.1/inputs/lookup-identity.jcs	sha256:b52d41a7dcad8a7d6f6d21b29847343ff8eaccb4fbd7c106a116bca8ba85c8d8	sha256:b6aff380d0a272e6f810025b86b8df9c68f58f19a44e3c8b245369ec0513b4a5	contracts/core-field-origin-v0.1/records/query-lookup-identity-005.jcs	sha256:57d296edbde904e5c8b1117021e6e2112ca43d9d57c65bc8c9f4ebb3f83d78ce	52	117	228	840	19062	0
query-lookup-identity-006	contracts/map-filter-query-v0.1/inputs/lookup-identity.jcs	sha256:b52d41a7dcad8a7d6f6d21b29847343ff8eaccb4fbd7c106a116bca8ba85c8d8	sha256:d5d416299c9f6afdb1619122160a8e66d691e96435765f9f9f2c1202ba1bdd3e	contracts/core-field-origin-v0.1/records/query-lookup-identity-006.jcs	sha256:f726d8b719aec60dc2c112b25269688f8e62dd36678bc60fa07347a0017cd188	52	117	228	840	19062	0
query-lookup-identity-007	contracts/map-filter-query-v0.1/inputs/lookup-identity.jcs	sha256:b52d41a7dcad8a7d6f6d21b29847343ff8eaccb4fbd7c106a116bca8ba85c8d8	sha256:ee6b9815460373feead7f3d4675a021fef3a84bb85368f179b13106c62063293	contracts/core-field-origin-v0.1/records/query-lookup-identity-007.jcs	sha256:69af1ec895cdf962be323498221b5bc09188cf2cdce0b72fca6aff9bfa428211	52	117	228	840	19060	0
query-lookup-missing-000	contracts/map-filter-query-v0.1/inputs/lookup-missing.jcs	sha256:ad994b1de27737b9f9aafcb546f145ca414f52cd8e626d6516203346e8d6c430	sha256:2380413ac1044f503461565dee535dae0b5c1d7900319b4423454f6bcbdac4ea	contracts/core-field-origin-v0.1/records/query-lookup-missing-000.jcs	sha256:ce58e2fcabf275fafd7c171588ee543126b9da34b8e0f72e290f24a78e19445d	65	152	285	897	23740	0
query-lookup-missing-001	contracts/map-filter-query-v0.1/inputs/lookup-missing.jcs	sha256:ad994b1de27737b9f9aafcb546f145ca414f52cd8e626d6516203346e8d6c430	sha256:4a7c1cb9a23f786120f296f606f05b4dd8009e696f81aa12faa43645e4702263	contracts/core-field-origin-v0.1/records/query-lookup-missing-001.jcs	sha256:6848b08d0637ecf2cf2822b45fb167957069a7e1ebbacc1cc0f16034dda5ee15	65	152	285	897	23742	0
query-lookup-missing-002	contracts/map-filter-query-v0.1/inputs/lookup-missing.jcs	sha256:ad994b1de27737b9f9aafcb546f145ca414f52cd8e626d6516203346e8d6c430	sha256:4c91d8a8b0cfefa067cfa4461b2492abd9d5383da3a77b9727b969ba2d644843	contracts/core-field-origin-v0.1/records/query-lookup-missing-002.jcs	sha256:675e9e667c90fdf51eefa6b3827cfd143f21ebc4031e59beff19060d7ae03849	65	152	285	897	23738	0
query-lookup-missing-003	contracts/map-filter-query-v0.1/inputs/lookup-missing.jcs	sha256:ad994b1de27737b9f9aafcb546f145ca414f52cd8e626d6516203346e8d6c430	sha256:5edb6c593d469aa5e31ad8b51c19824e776d326819fb67ce0bf3ea9990e3c95d	contracts/core-field-origin-v0.1/records/query-lookup-missing-003.jcs	sha256:2213247da312e74e8fa665761f5651fd9d9b3cae4802bdf4cfe3d344d00edb23	65	152	285	897	23736	0
query-lookup-missing-004	contracts/map-filter-query-v0.1/inputs/lookup-missing.jcs	sha256:ad994b1de27737b9f9aafcb546f145ca414f52cd8e626d6516203346e8d6c430	sha256:c656a104184f64582d21a00c59a52b72bc61cafb8c55b985a1003b7f1832b9c3	contracts/core-field-origin-v0.1/records/query-lookup-missing-004.jcs	sha256:a1aa6d96df8bd9d86ad7e9e42f09a675fbdd5d4b2b721d0624af0b33986ca72f	65	152	285	897	23733	0
query-lookup-missing-005	contracts/map-filter-query-v0.1/inputs/lookup-missing.jcs	sha256:ad994b1de27737b9f9aafcb546f145ca414f52cd8e626d6516203346e8d6c430	sha256:e90920eafa73eb4ec6e61b600dfefc41b810e8ce8de6e543cb87836e8f12443a	contracts/core-field-origin-v0.1/records/query-lookup-missing-005.jcs	sha256:a2b19f828e7a3752704df066a8709d1a6a190fb18a93d8e66a19de2ec7940bd7	65	152	285	897	23738	0
query-lookup-missing-006	contracts/map-filter-query-v0.1/inputs/lookup-missing.jcs	sha256:ad994b1de27737b9f9aafcb546f145ca414f52cd8e626d6516203346e8d6c430	sha256:f7e4d38c5cd0eee7bf7c5ebde643f0df3bd862c2578c82152ccb2a56d6c33fe2	contracts/core-field-origin-v0.1/records/query-lookup-missing-006.jcs	sha256:cdb0d050ac6a52b28ada3d0463adeb24fa8a820b00bcdfba6219f2ec8252eaf4	65	152	285	897	23738	0
query-lookup-missing-007	contracts/map-filter-query-v0.1/inputs/lookup-missing.jcs	sha256:ad994b1de27737b9f9aafcb546f145ca414f52cd8e626d6516203346e8d6c430	sha256:fb72f821e02205824faedb4f06ad669461451871c24be38813cf6c47e58bfd95	contracts/core-field-origin-v0.1/records/query-lookup-missing-007.jcs	sha256:09efd95b826dc991e59f89069115e235d49248ddc10a269a335d559facc9e5ac	65	152	285	897	23742	0
query-nested-forall-000	contracts/map-filter-query-v0.1/inputs/nested-forall.jcs	sha256:dabe88f309a4244a654f96af5792a9e616e5009fe5d216a0fab5a7af7549675e	sha256:2c12508a24c4169e20b6b33f706ef226edb2f2443e01e467e3fa067179f724c2	contracts/core-field-origin-v0.1/records/query-nested-forall-000.jcs	sha256:361379f4978b05b6f6bed53316230db601aeb90af421948c5c6aa7f644e309da	52	117	228	840	19062	0
query-nested-forall-001	contracts/map-filter-query-v0.1/inputs/nested-forall.jcs	sha256:dabe88f309a4244a654f96af5792a9e616e5009fe5d216a0fab5a7af7549675e	sha256:3084b5b97dfc3a853b497d23e3184482295c77a94f89c401a501972f0e2cc973	contracts/core-field-origin-v0.1/records/query-nested-forall-001.jcs	sha256:990aac6477630cf6b483c6144747720b8570629b0529728fa140468c880ccb2b	52	117	228	840	19062	0
query-nested-forall-002	contracts/map-filter-query-v0.1/inputs/nested-forall.jcs	sha256:dabe88f309a4244a654f96af5792a9e616e5009fe5d216a0fab5a7af7549675e	sha256:7e778b67b67e5ecf28bce515f8baa57dfc2deb75b42d4a0a64a3d01ed34fafd7	contracts/core-field-origin-v0.1/records/query-nested-forall-002.jcs	sha256:b0ed7809dd71a9ca0948a8dcc51211a7edb6e79bebd7dfaf460ce574de46b1d6	52	117	228	840	19066	0
query-nested-forall-003	contracts/map-filter-query-v0.1/inputs/nested-forall.jcs	sha256:dabe88f309a4244a654f96af5792a9e616e5009fe5d216a0fab5a7af7549675e	sha256:abe48a52f8c2a37551bd523da5725cc41d64a2002867d2efc0ff867e4d728a3e	contracts/core-field-origin-v0.1/records/query-nested-forall-003.jcs	sha256:519f7560f1a565469dda3b0409a1785d5cf660af290671c25e5a12cc401210f2	52	117	228	840	19062	0
query-nested-forall-004	contracts/map-filter-query-v0.1/inputs/nested-forall.jcs	sha256:dabe88f309a4244a654f96af5792a9e616e5009fe5d216a0fab5a7af7549675e	sha256:b52aac16d854736f9d3621d4154298dd4a2058df8ba487e144808528f0a528be	contracts/core-field-origin-v0.1/records/query-nested-forall-004.jcs	sha256:3cd11c479355737e0018ca7da9b754b353df27c23074b52722f825cd3f793fcc	52	117	228	840	19060	0
query-nested-forall-005	contracts/map-filter-query-v0.1/inputs/nested-forall.jcs	sha256:dabe88f309a4244a654f96af5792a9e616e5009fe5d216a0fab5a7af7549675e	sha256:df3f57ec625c62081ebddc7d7c7519800dba94e29f170e88a7dd1fd9c7478f23	contracts/core-field-origin-v0.1/records/query-nested-forall-005.jcs	sha256:c8b7b257957127a43ef3e1fa4eb420384c6520ab764e397029d6dc9396cb786d	52	117	228	840	19057	0
query-nested-forall-006	contracts/map-filter-query-v0.1/inputs/nested-forall.jcs	sha256:dabe88f309a4244a654f96af5792a9e616e5009fe5d216a0fab5a7af7549675e	sha256:e2291eb1b93f35ad62813b6e09caf53a2ec8cffdde4548d68efb289c1ad8fd93	contracts/core-field-origin-v0.1/records/query-nested-forall-006.jcs	sha256:583a25a8d2ebbfba464a1104c2b1867094adc9632993a4226892527da4c7ab27	52	117	228	840	19066	0
query-nested-forall-007	contracts/map-filter-query-v0.1/inputs/nested-forall.jcs	sha256:dabe88f309a4244a654f96af5792a9e616e5009fe5d216a0fab5a7af7549675e	sha256:ff4e33038be0919aa814ac67d9d277daeccfe60a89e03846ce27d7b2054732f2	contracts/core-field-origin-v0.1/records/query-nested-forall-007.jcs	sha256:fb6818deb73bf3e7287bab6dcd166f7f92c6183a2fbcda2902a04a7a6ee4560f	52	117	228	840	19064	0
query-big-integer-overflow-000	contracts/map-filter-query-v0.1/inputs/big-integer-overflow.jcs	sha256:52fe5c5430978d51ac365300b416fd9930638da8b180febe35d0a7306fca5a8b	sha256:078362748c04daf43b9c33965247bbcdf057a5440cf6a58268e291cfd1eaf93f	contracts/core-field-origin-v0.1/records/query-big-integer-overflow-000.jcs	sha256:e932a422b16f8011511bb7381cc26241d68fc26ecd1f8c771a69c2995b1ffddb	52	117	228	840	19062	0
query-big-integer-overflow-001	contracts/map-filter-query-v0.1/inputs/big-integer-overflow.jcs	sha256:52fe5c5430978d51ac365300b416fd9930638da8b180febe35d0a7306fca5a8b	sha256:7775c7a0b6c772d300d45573c9e8869b8d438257eb4c383c41259d7e305a8b39	contracts/core-field-origin-v0.1/records/query-big-integer-overflow-001.jcs	sha256:f0f0db3c36d4518d203636aafeb2ffc77f6abffc819fd792f28455a1b31387a0	52	117	228	840	19066	0
query-big-integer-overflow-002	contracts/map-filter-query-v0.1/inputs/big-integer-overflow.jcs	sha256:52fe5c5430978d51ac365300b416fd9930638da8b180febe35d0a7306fca5a8b	sha256:7823b7072ce3e70a4b4ce8acc9ed780ae26bf96a1cc834b474bd8c20cd061a3e	contracts/core-field-origin-v0.1/records/query-big-integer-overflow-002.jcs	sha256:b4a730a30994b2476283c84ace0c2b4696b03e2cfbbe7e9f01384d40f0156ce1	52	117	228	840	19066	0
query-big-integer-overflow-003	contracts/map-filter-query-v0.1/inputs/big-integer-overflow.jcs	sha256:52fe5c5430978d51ac365300b416fd9930638da8b180febe35d0a7306fca5a8b	sha256:a7058208d1fef09c7d3c408409b11910dc0f813b6065099c40c376fb1700402a	contracts/core-field-origin-v0.1/records/query-big-integer-overflow-003.jcs	sha256:41f4292f93287fb3c2815bd86c7f43ba3901f6e7d574529d56a92dee4eb777fc	52	117	228	840	19057	0
query-big-integer-overflow-004	contracts/map-filter-query-v0.1/inputs/big-integer-overflow.jcs	sha256:52fe5c5430978d51ac365300b416fd9930638da8b180febe35d0a7306fca5a8b	sha256:aedb5434a74829533a5b77c2cbbb5b41aee84d45ec739f79ba86450ad66d96fa	contracts/core-field-origin-v0.1/records/query-big-integer-overflow-004.jcs	sha256:d82fe6724f85fbaeb4b10db62f756c21520593d160a6cba637022d558a38ddfa	52	117	228	840	19060	0
query-big-integer-overflow-005	contracts/map-filter-query-v0.1/inputs/big-integer-overflow.jcs	sha256:52fe5c5430978d51ac365300b416fd9930638da8b180febe35d0a7306fca5a8b	sha256:bbecff6ef0f3d13296c4a68e2abf81eb9d20ac0fdb8980bffbe2110608014647	contracts/core-field-origin-v0.1/records/query-big-integer-overflow-005.jcs	sha256:72572d0bc0fad1b838738f15f89737cd799a973b9e274356eddb62d70ddc6c6c	52	117	228	840	19062	0
query-big-integer-overflow-006	contracts/map-filter-query-v0.1/inputs/big-integer-overflow.jcs	sha256:52fe5c5430978d51ac365300b416fd9930638da8b180febe35d0a7306fca5a8b	sha256:f85a2265d79cc7f66bd0c8a2ad1290bd91485ffc7ea7c5095904a2570a3b8896	contracts/core-field-origin-v0.1/records/query-big-integer-overflow-006.jcs	sha256:52ee5d2de037cf44d04a5c6271fa5c06e74287109743d13b81ee5dd6127533af	52	117	228	840	19062	0
query-big-integer-overflow-007	contracts/map-filter-query-v0.1/inputs/big-integer-overflow.jcs	sha256:52fe5c5430978d51ac365300b416fd9930638da8b180febe35d0a7306fca5a8b	sha256:fbded4ac3e055066bcb41d92657ac1992897524a38a6ec0e10d631068f4dffda	contracts/core-field-origin-v0.1/records/query-big-integer-overflow-007.jcs	sha256:0b98f1cf60dfc7a2f0892519d125c1eb2af5b6ddbdbdf6e7b987c9e6176383c2	52	117	228	840	19064	0
query-minimal-000	contracts/map-filter-query-v0.1/inputs/minimal.jcs	sha256:8ff1ed2f6edc8637d8e0f254e52229cca80efd94fd0f1b4ba2aea3eeb223acfc	sha256:6e1bb6b0f3c2e9afebb0ce9a0359a2665540a622f006f4d522d70b73a03b8847	contracts/core-field-origin-v0.1/records/query-minimal-000.jcs	sha256:2ef96d89f5d335ff1dd5ebd69e62d44eddb3904e1a774f9692a930ef3e208767	8	10	41	34	3077	0
query-no-guarantee-000	contracts/map-filter-query-v0.2/inputs/no-guarantee.jcs	sha256:b2cb0c845b7c3046aae5b0c374a88844f85ea25d1302dde97624f59e201fecb8	sha256:036c91fed21059769de02ad7f01e0ee543c3e355c06028229edec6fee171874d	contracts/core-field-origin-v0.1/records/query-no-guarantee-000.jcs	sha256:f57ffa2d45f8f70124b950ab05efe8064a06f4928c19933d1addc8582057a247	52	117	228	840	19066	0
query-no-guarantee-001	contracts/map-filter-query-v0.2/inputs/no-guarantee.jcs	sha256:b2cb0c845b7c3046aae5b0c374a88844f85ea25d1302dde97624f59e201fecb8	sha256:06ee827d5eb35a655eb3b6e47d7c476889bbb9b24b030265ea16b26acf808928	contracts/core-field-origin-v0.1/records/query-no-guarantee-001.jcs	sha256:dd68e39c60e2557f311a55f8178dfc13c84cd0d80be83824e1cfec9c12ce9a5a	52	117	228	840	19060	0
query-no-guarantee-002	contracts/map-filter-query-v0.2/inputs/no-guarantee.jcs	sha256:b2cb0c845b7c3046aae5b0c374a88844f85ea25d1302dde97624f59e201fecb8	sha256:1c410420d2d7086193d07f67d5bc45248bb9df3787865e05147b86ded53a71df	contracts/core-field-origin-v0.1/records/query-no-guarantee-002.jcs	sha256:05379a2a70e92bebf931ee23923c52cfd13884ce81493ce3a6f585a58d4cf20e	52	117	228	840	19064	0
query-no-guarantee-003	contracts/map-filter-query-v0.2/inputs/no-guarantee.jcs	sha256:b2cb0c845b7c3046aae5b0c374a88844f85ea25d1302dde97624f59e201fecb8	sha256:6bfb5cc1a1690be530bece641e74c08efea7adb7389f176497704a87c01ae33e	contracts/core-field-origin-v0.1/records/query-no-guarantee-003.jcs	sha256:caf3edfe7a9540d4a8b1025775d81c2c7511d517abfb91ecfb5d357d8ba489d9	52	117	228	840	19062	0
query-no-guarantee-004	contracts/map-filter-query-v0.2/inputs/no-guarantee.jcs	sha256:b2cb0c845b7c3046aae5b0c374a88844f85ea25d1302dde97624f59e201fecb8	sha256:6e3780e49ba309cc0cc1a6232a2e3db9b178181f096ddfa07c6af56bfc9801fb	contracts/core-field-origin-v0.1/records/query-no-guarantee-004.jcs	sha256:a0755f1fd727f83fdee050c1ca25d13d0badbff16ef629ba3b147a7134443b55	52	117	228	840	19062	0
query-no-guarantee-005	contracts/map-filter-query-v0.2/inputs/no-guarantee.jcs	sha256:b2cb0c845b7c3046aae5b0c374a88844f85ea25d1302dde97624f59e201fecb8	sha256:73ff09d4159e7f89a51c3ce26f059600c6193b924e2dc2ed84eae9a9f734c905	contracts/core-field-origin-v0.1/records/query-no-guarantee-005.jcs	sha256:a89fc28468521697775b4bd39611b215d9e4816f6bfe717cc9b471acd3449cee	52	117	228	840	19066	0
query-no-guarantee-006	contracts/map-filter-query-v0.2/inputs/no-guarantee.jcs	sha256:b2cb0c845b7c3046aae5b0c374a88844f85ea25d1302dde97624f59e201fecb8	sha256:77d984e293b598affd7a7412df084834012771ac11501660d5d081746ad55bca	contracts/core-field-origin-v0.1/records/query-no-guarantee-006.jcs	sha256:1d25d6f4d2d0a4fc2329d3a75e749d40c68b546fb8e80b072fde9d0d78aba004	52	117	228	840	19057	0
query-no-guarantee-007	contracts/map-filter-query-v0.2/inputs/no-guarantee.jcs	sha256:b2cb0c845b7c3046aae5b0c374a88844f85ea25d1302dde97624f59e201fecb8	sha256:abcab5e096c8d564f6ddb32c0fda9f92d37f71466ab2e95b49a8aa3e4d58e37d	contracts/core-field-origin-v0.1/records/query-no-guarantee-007.jcs	sha256:e0ada2efc3922032ff20c8001a6103f81fff78517921fe64d95e3b22010bd59f	52	117	228	840	19062	0
query-false-guarantee-000	contracts/map-filter-query-v0.2/inputs/false-guarantee.jcs	sha256:9684669739e54f46ee5ddf525b647ff2bfbf9e9c1add26979ea93cfe1e6a0127	sha256:0d682d56e9ef09cb7b710424017f77c0e3b9a618e72c99eaf68668e479b6cb24	contracts/core-field-origin-v0.1/records/query-false-guarantee-000.jcs	sha256:14053ed307e576d6ae3db21a29b0973e9fc81130a80b837d59a047832c051ffb	52	117	228	840	19062	0
query-false-guarantee-001	contracts/map-filter-query-v0.2/inputs/false-guarantee.jcs	sha256:9684669739e54f46ee5ddf525b647ff2bfbf9e9c1add26979ea93cfe1e6a0127	sha256:65a692c9f332868744285070c608ae9f4a76f48209264d19ee66c8ffbeb38905	contracts/core-field-origin-v0.1/records/query-false-guarantee-001.jcs	sha256:8bf922c0d7ba9f511dfeb745061087666bc1f7755942e6efd312018255424cce	52	117	228	840	19062	0
query-false-guarantee-002	contracts/map-filter-query-v0.2/inputs/false-guarantee.jcs	sha256:9684669739e54f46ee5ddf525b647ff2bfbf9e9c1add26979ea93cfe1e6a0127	sha256:76aa518b37f78ce60a3eb779840c309cc75ca84f7b4e297d4db5fc3ff153e67e	contracts/core-field-origin-v0.1/records/query-false-guarantee-002.jcs	sha256:4a468fd8f28de0a434ce46a7e57b72633e51861589d6fa9e5564862ad7b7a391	52	117	228	840	19057	0
query-false-guarantee-003	contracts/map-filter-query-v0.2/inputs/false-guarantee.jcs	sha256:9684669739e54f46ee5ddf525b647ff2bfbf9e9c1add26979ea93cfe1e6a0127	sha256:78fd1831a041f15d38c58bd16a1dbdabc8e6171d3cd69ef5060c511874a6f960	contracts/core-field-origin-v0.1/records/query-false-guarantee-003.jcs	sha256:3ed11ce70dbd029990b97e545a138bce85cfcb8abcc6019560f20cd75ba56d87	52	117	228	840	19064	0
query-false-guarantee-004	contracts/map-filter-query-v0.2/inputs/false-guarantee.jcs	sha256:9684669739e54f46ee5ddf525b647ff2bfbf9e9c1add26979ea93cfe1e6a0127	sha256:d9e68eb2bd2fda70468dd413afa90e83ae21cf80089cd89916df2e8a0a857ecd	contracts/core-field-origin-v0.1/records/query-false-guarantee-004.jcs	sha256:9ae598869650a0d7cb9e47d04f32dd2b0a772a46baae08ba5600c4f2a8ca5eee	52	117	228	840	19066	0
query-false-guarantee-005	contracts/map-filter-query-v0.2/inputs/false-guarantee.jcs	sha256:9684669739e54f46ee5ddf525b647ff2bfbf9e9c1add26979ea93cfe1e6a0127	sha256:f44d497311b0ab48b26d567a515d5fc960394752c7e38945e6251f5b2261ebe6	contracts/core-field-origin-v0.1/records/query-false-guarantee-005.jcs	sha256:26c17137288d0853d41a22d21e666114529f426695b8bd3db3e77e6a7acb906e	52	117	228	840	19066	0
query-false-guarantee-006	contracts/map-filter-query-v0.2/inputs/false-guarantee.jcs	sha256:9684669739e54f46ee5ddf525b647ff2bfbf9e9c1add26979ea93cfe1e6a0127	sha256:f602c4d48e48f34b9b6ec58e1c2e3ae9154fbe6bad8f6677f8b8dd449417973d	contracts/core-field-origin-v0.1/records/query-false-guarantee-006.jcs	sha256:e2934ed4feb37eb2cb6eb0783d2dae6db31ee93acd80ce80522210e457fcfc44	52	117	228	840	19062	0
query-false-guarantee-007	contracts/map-filter-query-v0.2/inputs/false-guarantee.jcs	sha256:9684669739e54f46ee5ddf525b647ff2bfbf9e9c1add26979ea93cfe1e6a0127	sha256:fde5bcfe695be0384ef9a5f2793acc66de281373458faa3126a0d4dc1e50c524	contracts/core-field-origin-v0.1/records/query-false-guarantee-007.jcs	sha256:3806515a34f872a5df784df54b91563c463d86144df2403c60fa666106ed6ed3	52	117	228	840	19060	0
query-node-strict-and-000	contracts/map-filter-query-v0.2/inputs/node-strict-and.jcs	sha256:c0054a8205870434e27ef9950d24dfab0baa7b1a18235876d7431e243cf38ec9	sha256:0c9d06559023025abd7fad9cf758066ee914ad6709d7d6e3c0c4a6f23fcd6552	contracts/core-field-origin-v0.1/records/query-node-strict-and-000.jcs	sha256:5efe4f92b8f4eec309239e1ec26426f290acb51e53f40f52185b0ece196cd30b	70	159	305	1086	24931	0
query-node-strict-and-001	contracts/map-filter-query-v0.2/inputs/node-strict-and.jcs	sha256:c0054a8205870434e27ef9950d24dfab0baa7b1a18235876d7431e243cf38ec9	sha256:3766aa83b2179b3e9fd28bbe1ce997825dc2cc284a383743e9de1cd603ac6876	contracts/core-field-origin-v0.1/records/query-node-strict-and-001.jcs	sha256:9c2f39f772e5e3fa5e83f0fc17c8a6a39ded9b40d81097f1607ac315d0f7d365	70	159	305	1086	24926	0
query-node-strict-and-002	contracts/map-filter-query-v0.2/inputs/node-strict-and.jcs	sha256:c0054a8205870434e27ef9950d24dfab0baa7b1a18235876d7431e243cf38ec9	sha256:381834e3b54965b0274ab707c8f820f0d8bb619dcb01e766f902ffb384313e3d	contracts/core-field-origin-v0.1/records/query-node-strict-and-002.jcs	sha256:a24ff0edc6e01f9028b7bb468cffd47b9940acf76d99a1b25d3d55b17569cd9b	70	159	305	1086	24931	0
query-node-strict-and-003	contracts/map-filter-query-v0.2/inputs/node-strict-and.jcs	sha256:c0054a8205870434e27ef9950d24dfab0baa7b1a18235876d7431e243cf38ec9	sha256:81f3d27727a9e91114ad56de4d0312fed047893f48c3ba7dd7e9e9e18ce6ea49	contracts/core-field-origin-v0.1/records/query-node-strict-and-003.jcs	sha256:8562ffa29b1a99b3c3e48d9d242a428c1a8dab628d7ba4b3dfd52a0fcecefc27	70	159	305	1086	24935	0
query-node-strict-and-004	contracts/map-filter-query-v0.2/inputs/node-strict-and.jcs	sha256:c0054a8205870434e27ef9950d24dfab0baa7b1a18235876d7431e243cf38ec9	sha256:90b461c179a531f12f38a2dd9470e191fb4bc2b4ba2e6df498003a0d0acd00da	contracts/core-field-origin-v0.1/records/query-node-strict-and-004.jcs	sha256:52f3563686425900ac99de631462acef1f2b1765479f316608f265091f7050f9	70	159	305	1086	24931	0
query-node-strict-and-005	contracts/map-filter-query-v0.2/inputs/node-strict-and.jcs	sha256:c0054a8205870434e27ef9950d24dfab0baa7b1a18235876d7431e243cf38ec9	sha256:c0763799f5fe421416a5dcf4d718d1740332e0a777a2542000db2d1cbac27522	contracts/core-field-origin-v0.1/records/query-node-strict-and-005.jcs	sha256:5063dc5f8f6d8066125c2503b621f3aeea0e62239a6ffa2ab67bf0294dcedb46	70	159	305	1086	24929	0
query-node-strict-and-006	contracts/map-filter-query-v0.2/inputs/node-strict-and.jcs	sha256:c0054a8205870434e27ef9950d24dfab0baa7b1a18235876d7431e243cf38ec9	sha256:cff85a130e1060942da537b0eb8d5976911623dac39b0297812932e151627c54	contracts/core-field-origin-v0.1/records/query-node-strict-and-006.jcs	sha256:fb736cc48b92ebfeeb85f4133e709a7185f2bfee5097dfdc2f81afc82dd0a28d	70	159	305	1086	24935	0
query-node-strict-and-007	contracts/map-filter-query-v0.2/inputs/node-strict-and.jcs	sha256:c0054a8205870434e27ef9950d24dfab0baa7b1a18235876d7431e243cf38ec9	sha256:e4aea4aa3cdb132605b0193a6e17c6246bb64a02309fc503de3cd4a245af2b52	contracts/core-field-origin-v0.1/records/query-node-strict-and-007.jcs	sha256:bb828a673a4d04013b8d654bb071599f1d20bf00f41870dba55a3dc480f81e38	70	159	305	1086	24933	0
query-node-strict-or-000	contracts/map-filter-query-v0.2/inputs/node-strict-or.jcs	sha256:8bd846cd5e098b59a8f50605e25f63927b383a9ab7009eeff339725a8dd83b45	sha256:12813941fd9d4a9ea03f2fdeb1a989f5804f65cf283e15ba9b8dd16da83b45e4	contracts/core-field-origin-v0.1/records/query-node-strict-or-000.jcs	sha256:18038b9125e1425539a65490fd2f7a3295966d97ba753f7c3286fa7888235b66	70	159	305	1086	24928	0
query-node-strict-or-001	contracts/map-filter-query-v0.2/inputs/node-strict-or.jcs	sha256:8bd846cd5e098b59a8f50605e25f63927b383a9ab7009eeff339725a8dd83b45	sha256:3d735b312293c713ed933c995e56218938449094ff180313463ee84236f47892	contracts/core-field-origin-v0.1/records/query-node-strict-or-001.jcs	sha256:09e954aa128d280b53be4fbcd4e9db51bb9bdc313e5c6ec9444b107ecc365a8c	70	159	305	1086	24934	0
query-node-strict-or-002	contracts/map-filter-query-v0.2/inputs/node-strict-or.jcs	sha256:8bd846cd5e098b59a8f50605e25f63927b383a9ab7009eeff339725a8dd83b45	sha256:54f4d29ef7a1d7182481b18bfa03bbb50cfb9e2ade10f1f34373f24c6a7ddd9c	contracts/core-field-origin-v0.1/records/query-node-strict-or-002.jcs	sha256:56b3f771ef2adfee527dabd998143e4235b88ba3eea4daf18ec0b72276a33cc1	70	159	305	1086	24934	0
query-node-strict-or-003	contracts/map-filter-query-v0.2/inputs/node-strict-or.jcs	sha256:8bd846cd5e098b59a8f50605e25f63927b383a9ab7009eeff339725a8dd83b45	sha256:5c3513dc6f618b8b39a520573c14d765b91eef2941db2dd9347d860ca031ba18	contracts/core-field-origin-v0.1/records/query-node-strict-or-003.jcs	sha256:39014c74b2ccb45590617648777cad18954a424d0292784c58ca2757d0308107	70	159	305	1086	24932	0
query-node-strict-or-004	contracts/map-filter-query-v0.2/inputs/node-strict-or.jcs	sha256:8bd846cd5e098b59a8f50605e25f63927b383a9ab7009eeff339725a8dd83b45	sha256:9d5c7e5009ffe37c5bba0cce389dcdfb85dff954df49427932e0e5332442eab8	contracts/core-field-origin-v0.1/records/query-node-strict-or-004.jcs	sha256:72ffcf4b662ed405e7718c35890d700126c1e8b8b10bdb3e03f1317a4cf227b8	70	159	305	1086	24930	0
query-node-strict-or-005	contracts/map-filter-query-v0.2/inputs/node-strict-or.jcs	sha256:8bd846cd5e098b59a8f50605e25f63927b383a9ab7009eeff339725a8dd83b45	sha256:a223283f44cbfb46fd5dc60ac675035ebc5fd2404763064f733261d9fc94d3d5	contracts/core-field-origin-v0.1/records/query-node-strict-or-005.jcs	sha256:3f57d84c1d99cc96d0b43124a35cf2136f1a68c672ba22b276d6c61a7eaf2c81	70	159	305	1086	24930	0
query-node-strict-or-006	contracts/map-filter-query-v0.2/inputs/node-strict-or.jcs	sha256:8bd846cd5e098b59a8f50605e25f63927b383a9ab7009eeff339725a8dd83b45	sha256:a72b7511a9b8aee83ecd4e972b56ac106006913bce74564b27a96deb77f42834	contracts/core-field-origin-v0.1/records/query-node-strict-or-006.jcs	sha256:532deea6916d4a62cd4ead32d4a047c7f226511e48bd7f765a7b01c8ecc24da6	70	159	305	1086	24930	0
query-node-strict-or-007	contracts/map-filter-query-v0.2/inputs/node-strict-or.jcs	sha256:8bd846cd5e098b59a8f50605e25f63927b383a9ab7009eeff339725a8dd83b45	sha256:f7c189382e02a3a7927748234db41ff6debc52354041936dbb3d52dc0256f2ee	contracts/core-field-origin-v0.1/records/query-node-strict-or-007.jcs	sha256:f2f60d886834b3e606d0a2d306c7ec8952363fe92046e67cbbdd5bb8bde6a9e3	70	159	305	1086	24925	0
query-node-match-option-000	contracts/map-filter-query-v0.2/inputs/node-match-option.jcs	sha256:79de76724f27c5717f9616fa7987bee85445598858f0b518b5a53f4bb1989589	sha256:4fbb42d0f1993a436a512368fd1d8f112293ebccedc427a4436e8beec4b88421	contracts/core-field-origin-v0.1/records/query-node-match-option-000.jcs	sha256:e907e9dcff32e8189c017dd8a59f9835895d827f892ae7024a1d9da4dec1f3ac	58	129	253	1083	20947	0
query-node-match-option-001	contracts/map-filter-query-v0.2/inputs/node-match-option.jcs	sha256:79de76724f27c5717f9616fa7987bee85445598858f0b518b5a53f4bb1989589	sha256:508fa591cdba50895d84f1075097664e8f5222237ff24537599ed9c14ae7a3b2	contracts/core-field-origin-v0.1/records/query-node-match-option-001.jcs	sha256:9c845fa84eb5c8af818691c1e7b4a46216c129cf4133edd3fc8d640b7bd29eaf	58	129	253	1083	20951	0
query-node-match-option-002	contracts/map-filter-query-v0.2/inputs/node-match-option.jcs	sha256:79de76724f27c5717f9616fa7987bee85445598858f0b518b5a53f4bb1989589	sha256:9c74a0755677060dd0b37af30fae038f07f0d2ac20acf9d1f7b9d0f591abe7d0	contracts/core-field-origin-v0.1/records/query-node-match-option-002.jcs	sha256:b5ca66c4e9a5afed4c39a6080eefbd0fe59db89b91b42d0c3ee7fc37f3c0a3ec	58	129	253	1083	20953	0
query-node-match-option-003	contracts/map-filter-query-v0.2/inputs/node-match-option.jcs	sha256:79de76724f27c5717f9616fa7987bee85445598858f0b518b5a53f4bb1989589	sha256:a79dd38718a2193ae1c5fea22e560944b1d053941bf101b4f116cf2cd2ca2ded	contracts/core-field-origin-v0.1/records/query-node-match-option-003.jcs	sha256:686607ed376eb0603243b2b49c8b6f21826df6aec1557dc55ed11aafafd9ab2b	58	129	253	1083	20949	0
query-node-match-option-004	contracts/map-filter-query-v0.2/inputs/node-match-option.jcs	sha256:79de76724f27c5717f9616fa7987bee85445598858f0b518b5a53f4bb1989589	sha256:afe9432f231520f36ac692bc74bbf5108b7d7e82722b93823476730b67026540	contracts/core-field-origin-v0.1/records/query-node-match-option-004.jcs	sha256:d9900e306166d9a7f56d5511688491255c3150098faade8a042197b12c67627e	58	129	253	1083	20953	0
query-node-match-option-005	contracts/map-filter-query-v0.2/inputs/node-match-option.jcs	sha256:79de76724f27c5717f9616fa7987bee85445598858f0b518b5a53f4bb1989589	sha256:c48d821ded47c4ce7087eb69ad809fc43394e138bef4b6c04313ad75c7b1cd0e	contracts/core-field-origin-v0.1/records/query-node-match-option-005.jcs	sha256:785b3c8a2ad562cc105783624ff1cc3cde00a1d0d7650a718c8b06d7c434b435	58	129	253	1083	20944	0
query-node-match-option-006	contracts/map-filter-query-v0.2/inputs/node-match-option.jcs	sha256:79de76724f27c5717f9616fa7987bee85445598858f0b518b5a53f4bb1989589	sha256:cfca1f76ebece0d3422ec02bf10b0d69198e7d83ff536e57bc22a00dd5a64d59	contracts/core-field-origin-v0.1/records/query-node-match-option-006.jcs	sha256:9b760a414932a84089dfed036a0a9dac725a677b1395032b14698826f095b731	58	129	253	1083	20949	0
query-node-match-option-007	contracts/map-filter-query-v0.2/inputs/node-match-option.jcs	sha256:79de76724f27c5717f9616fa7987bee85445598858f0b518b5a53f4bb1989589	sha256:f08bf515c9f5a4f86369a131c3570b8824e865cbbc8310557c363c5209fb5b80	contracts/core-field-origin-v0.1/records/query-node-match-option-007.jcs	sha256:566b77e1e8a8f0ea77d60c45d13bd0b04af08121de9dd7a49cda50caada7b627	58	129	253	1083	20949	0
query-downstream-fault-000	contracts/map-filter-query-v0.2/inputs/downstream-fault.jcs	sha256:2b37c67cc851226a28cf1695fb8675845d4d91e7d164e2e2cf97ee23048e1561	sha256:1346f03fd52e4f20ea320f9240235033976719443ded3237c653689ed132512d	contracts/core-field-origin-v0.1/records/query-downstream-fault-000.jcs	sha256:8b71be2327903e5be68aa333b247ebba46e46d717506e7e72e44283b7eb19b2f	65	146	285	919	23014	0
query-downstream-fault-001	contracts/map-filter-query-v0.2/inputs/downstream-fault.jcs	sha256:2b37c67cc851226a28cf1695fb8675845d4d91e7d164e2e2cf97ee23048e1561	sha256:19759b400440e86c16e0ac8a2a614c436bf9dafd177a999a2d343c441474522c	contracts/core-field-origin-v0.1/records/query-downstream-fault-001.jcs	sha256:27bb8f68ac9e8469029ac3b13698ed42446ef32b8f8b33fee9c7d852d9da611c	65	146	285	919	23019	0
query-downstream-fault-002	contracts/map-filter-query-v0.2/inputs/downstream-fault.jcs	sha256:2b37c67cc851226a28cf1695fb8675845d4d91e7d164e2e2cf97ee23048e1561	sha256:29ac44ccc871148cdf2885b5024f1c448b61bce4bb74328ff29c9593b69f3619	contracts/core-field-origin-v0.1/records/query-downstream-fault-002.jcs	sha256:b9c390d9ff8e8fe97618315872a358ada5fbb4256729d5411670d0e544cd4935	65	146	285	919	23019	0
query-downstream-fault-003	contracts/map-filter-query-v0.2/inputs/downstream-fault.jcs	sha256:2b37c67cc851226a28cf1695fb8675845d4d91e7d164e2e2cf97ee23048e1561	sha256:43d7ba04b878492f0793ccb4d0bbb396555d234fa9994168522325634adef0a2	contracts/core-field-origin-v0.1/records/query-downstream-fault-003.jcs	sha256:b96f36037a5aedcd463a1ca3c83c44176b27413627bd58faeee980ed9bf53fbc	65	146	285	919	23017	0
query-downstream-fault-004	contracts/map-filter-query-v0.2/inputs/downstream-fault.jcs	sha256:2b37c67cc851226a28cf1695fb8675845d4d91e7d164e2e2cf97ee23048e1561	sha256:66a4e818da58ddffbafdb53734313e064314cd056fb64311105d2f1a227c3758	contracts/core-field-origin-v0.1/records/query-downstream-fault-004.jcs	sha256:5b384954a623bef534276b073f8d287ed548fa0af92e9f4d4e20ab75d16c77df	65	146	285	919	23023	0
query-downstream-fault-005	contracts/map-filter-query-v0.2/inputs/downstream-fault.jcs	sha256:2b37c67cc851226a28cf1695fb8675845d4d91e7d164e2e2cf97ee23048e1561	sha256:b57be64ef5da1306f51df627cf8ecf02c894e28e9c7c8fbd35369b3511b1bf9d	contracts/core-field-origin-v0.1/records/query-downstream-fault-005.jcs	sha256:e8616fafccd2ed25f4639192ca9c5bfd73d9e5817ab6bc9f34f1ad2ab9e17954	65	146	285	919	23021	0
query-downstream-fault-006	contracts/map-filter-query-v0.2/inputs/downstream-fault.jcs	sha256:2b37c67cc851226a28cf1695fb8675845d4d91e7d164e2e2cf97ee23048e1561	sha256:fa681ce6c874110d6d4540b82b0243bdb425bd4ccc0c302a5f80f11b8d3032de	contracts/core-field-origin-v0.1/records/query-downstream-fault-006.jcs	sha256:94fe028af87c30b67db4d6f0ec42e72ea41732fc007b352ca52ac9c813c85195	65	146	285	919	23019	0
query-downstream-fault-007	contracts/map-filter-query-v0.2/inputs/downstream-fault.jcs	sha256:2b37c67cc851226a28cf1695fb8675845d4d91e7d164e2e2cf97ee23048e1561	sha256:fd11041698d4b6e1e9eaadfca174ec8c091d484b58a89c0cb8009741f069e7a2	contracts/core-field-origin-v0.1/records/query-downstream-fault-007.jcs	sha256:699bd7b2d6b0d4031b90e68f352838cbed0eb7d5ef7939152ceff5f5e63970ae	65	146	285	919	23023	0
query-capacity-unrestricted-000	contracts/map-filter-query-v0.2/inputs/capacity-unrestricted.jcs	sha256:e55048385d803776d8bbccc659384791e4ceb56895009ab12fda80c41d83998c	sha256:0d56b89e02d18ab250ec981fd6b78e83598a0aa40e3d4657cf44b82493fa9cc1	contracts/core-field-origin-v0.1/records/query-capacity-unrestricted-000.jcs	sha256:f3e044e72971ea705191883cb6baf1390d0cbfdfe9a8f461cb1cea0886610c0b	64	147	281	875	22730	0
query-capacity-unrestricted-001	contracts/map-filter-query-v0.2/inputs/capacity-unrestricted.jcs	sha256:e55048385d803776d8bbccc659384791e4ceb56895009ab12fda80c41d83998c	sha256:18d205fd70b305ded1f13c053536898f900a199969debf61dc53f1ad1c637dba	contracts/core-field-origin-v0.1/records/query-capacity-unrestricted-001.jcs	sha256:930412934ee8e52fb2e51b2918c1f3120baf5a146fab09018986f1bff369c2fe	64	147	281	875	22732	0
query-capacity-unrestricted-002	contracts/map-filter-query-v0.2/inputs/capacity-unrestricted.jcs	sha256:e55048385d803776d8bbccc659384791e4ceb56895009ab12fda80c41d83998c	sha256:1bd597f960f41ed834895867452f820a03844d03e1c39304b61f03eeebc07327	contracts/core-field-origin-v0.1/records/query-capacity-unrestricted-002.jcs	sha256:a93fea12f225f2e26408bfddc96c4acab67afbdec4b1763ababb605760074c1d	64	147	281	875	22728	0
query-capacity-unrestricted-003	contracts/map-filter-query-v0.2/inputs/capacity-unrestricted.jcs	sha256:e55048385d803776d8bbccc659384791e4ceb56895009ab12fda80c41d83998c	sha256:3040c0ac5e33f0ff868cb697e2dff648154b4b0c2ed819c35aa766ac08314b23	contracts/core-field-origin-v0.1/records/query-capacity-unrestricted-003.jcs	sha256:d2595107b732698543ae6eaaade9b24a9fa4c9df3a85925f67f3e8af5a0645da	64	147	281	875	22732	0
query-capacity-unrestricted-004	contracts/map-filter-query-v0.2/inputs/capacity-unrestricted.jcs	sha256:e55048385d803776d8bbccc659384791e4ceb56895009ab12fda80c41d83998c	sha256:7bc0fb8773da6aa20db0e19e93ff93c5d6b78ca3f0868d439b0b59ea406f5ec3	contracts/core-field-origin-v0.1/records/query-capacity-unrestricted-004.jcs	sha256:fc8d37e94b068204eb9ba7b2b926dc7422ae7be22c182c02bd5b70a24b134759	64	147	281	875	22728	0
query-capacity-unrestricted-005	contracts/map-filter-query-v0.2/inputs/capacity-unrestricted.jcs	sha256:e55048385d803776d8bbccc659384791e4ceb56895009ab12fda80c41d83998c	sha256:9320227367096eb15bef2d15dc36dede9dcfeeb20560e9654df0d445ec37813f	contracts/core-field-origin-v0.1/records/query-capacity-unrestricted-005.jcs	sha256:65ea8542d3ea3ce9708d1748c985b4b40b864ce6283f23eab5e9a61c339bbd2d	64	147	281	875	22726	0
query-capacity-unrestricted-006	contracts/map-filter-query-v0.2/inputs/capacity-unrestricted.jcs	sha256:e55048385d803776d8bbccc659384791e4ceb56895009ab12fda80c41d83998c	sha256:dd0f858a9f0dd133c7d6d0a0419e185ccd263fa62251d311255c61157e2aeebe	contracts/core-field-origin-v0.1/records/query-capacity-unrestricted-006.jcs	sha256:958f0a40843b9284b3f01082c0d8e385930a7a8d782bd3784c2ed6c553f4d75d	64	147	281	875	22728	0
query-capacity-unrestricted-007	contracts/map-filter-query-v0.2/inputs/capacity-unrestricted.jcs	sha256:e55048385d803776d8bbccc659384791e4ceb56895009ab12fda80c41d83998c	sha256:dd417d878f66bd68cf41df813efd3f1b639ba3caf2593663427b2a7cf373d568	contracts/core-field-origin-v0.1/records/query-capacity-unrestricted-007.jcs	sha256:fa17f36a7ab90065356f2f6d7c6a772fde7b38b95251e08158cb06957eb23d16	64	147	281	875	22723	0
query-renamed-key-000	contracts/map-filter-query-v0.2/inputs/renamed-key.jcs	sha256:9f755518c6f72aaa4a8cb5d051c50a3012fa3aca0d46c7ee8eedb70c3504008b	sha256:000d00269e938ace65940e09ee0a9eb03594f3ef38cb71601c1818c1d430ae15	contracts/core-field-origin-v0.1/records/query-renamed-key-000.jcs	sha256:19fc5adad80f7370ee2c2c9ff330800da75437238e1dde0f9c7f2ed689974be9	62	127	275	956	21469	0
query-renamed-key-001	contracts/map-filter-query-v0.2/inputs/renamed-key.jcs	sha256:9f755518c6f72aaa4a8cb5d051c50a3012fa3aca0d46c7ee8eedb70c3504008b	sha256:18b8321920ea7665449fae9aa422fbb334e6798d69c7417a1ed2b2a75efb2540	contracts/core-field-origin-v0.1/records/query-renamed-key-001.jcs	sha256:00de5a9cf2eda356345328d7be2c00959ed7c0d86b50f5bd3ae1286633ebe610	62	127	275	956	21473	0
query-renamed-key-002	contracts/map-filter-query-v0.2/inputs/renamed-key.jcs	sha256:9f755518c6f72aaa4a8cb5d051c50a3012fa3aca0d46c7ee8eedb70c3504008b	sha256:22cb157fa3b4722d9359be95d0c0527139eb5996b5bade5e0e530956d47fcf4f	contracts/core-field-origin-v0.1/records/query-renamed-key-002.jcs	sha256:60826df0f5a26e98e4c4a3ecb53e6a0f668b7c331fbbe9272aa6c8832f096fe8	62	127	275	956	21469	0
query-renamed-key-003	contracts/map-filter-query-v0.2/inputs/renamed-key.jcs	sha256:9f755518c6f72aaa4a8cb5d051c50a3012fa3aca0d46c7ee8eedb70c3504008b	sha256:256c60910dadfda267f32b4ee440f1379a06f48b165b32eec629c9c886939547	contracts/core-field-origin-v0.1/records/query-renamed-key-003.jcs	sha256:0cacaaab7bd2fb6ed2febab5cd2c1e1c15b480e9eef67628b389882cd2a44bdb	62	127	275	956	21469	0
query-renamed-key-004	contracts/map-filter-query-v0.2/inputs/renamed-key.jcs	sha256:9f755518c6f72aaa4a8cb5d051c50a3012fa3aca0d46c7ee8eedb70c3504008b	sha256:286a9e246c8644392cb6d01be5a322d107c4c5283c6f4663f1fd4611c9ae07c0	contracts/core-field-origin-v0.1/records/query-renamed-key-004.jcs	sha256:00b23f94f9a56e3d1fa12a0676e0d6a3322334b10fa87e9b1a8da7a8e5fbcc9e	62	127	275	956	21464	0
query-renamed-key-005	contracts/map-filter-query-v0.2/inputs/renamed-key.jcs	sha256:9f755518c6f72aaa4a8cb5d051c50a3012fa3aca0d46c7ee8eedb70c3504008b	sha256:459026d267a49374d93c1a8a78b04d22d4fe2652c3fc187c0c0867d392ca1349	contracts/core-field-origin-v0.1/records/query-renamed-key-005.jcs	sha256:6792e7eef2c583e5e510965fb13c5e24f57aaf92ad06e00eb0fd5457d6f16422	62	127	275	956	21473	0
query-renamed-key-006	contracts/map-filter-query-v0.2/inputs/renamed-key.jcs	sha256:9f755518c6f72aaa4a8cb5d051c50a3012fa3aca0d46c7ee8eedb70c3504008b	sha256:940264e17f721e25a9d537e4c18bf78664bdceaa4c8cc6bd3be7ae558d0d1cd5	contracts/core-field-origin-v0.1/records/query-renamed-key-006.jcs	sha256:b489028f3d8e9549ed70823a0325bf52a5dde97b631bf123e95a67f3b829b35b	62	127	275	956	21483	0
query-renamed-key-007	contracts/map-filter-query-v0.2/inputs/renamed-key.jcs	sha256:9f755518c6f72aaa4a8cb5d051c50a3012fa3aca0d46c7ee8eedb70c3504008b	sha256:ccd76f933b5b3d485d41926655420f0531038a604cff21fbfea525c71da8881e	contracts/core-field-origin-v0.1/records/query-renamed-key-007.jcs	sha256:a4570dc8a0273fa4a751b9f7ba287e3505c8344437df99a7cd2078ce18519caf	62	127	275	956	21471	0
query-renamed-interface-000	contracts/map-filter-query-v0.2/inputs/renamed-interface.jcs	sha256:298c4dfa5fbce35b7d9a4a1ff626a5eadda49e351606b275953813b6fc147059	sha256:28bbe1411ca5ef3eadf1fc563774454041a16cdbbf3c95553e39f1af0cd0c175	contracts/core-field-origin-v0.1/records/query-renamed-interface-000.jcs	sha256:8bc032b54c81e0e5b4e7b591709a182a2c42dfc0498af3d894daef42c37ec876	54	121	236	933	19826	0
query-renamed-interface-001	contracts/map-filter-query-v0.2/inputs/renamed-interface.jcs	sha256:298c4dfa5fbce35b7d9a4a1ff626a5eadda49e351606b275953813b6fc147059	sha256:31066b9abaae3f056070626baf0163190c9003ae2b0a12a67a765afb88fe705c	contracts/core-field-origin-v0.1/records/query-renamed-interface-001.jcs	sha256:c1191d161c315f420b528937bea03f356a07409730d52e152bba4454e39396ef	54	121	236	933	19824	0
query-renamed-interface-002	contracts/map-filter-query-v0.2/inputs/renamed-interface.jcs	sha256:298c4dfa5fbce35b7d9a4a1ff626a5eadda49e351606b275953813b6fc147059	sha256:3278df2276d5154ffe2faa11400abcca5e33bd4ea40823aba997c0f9d54b8d75	contracts/core-field-origin-v0.1/records/query-renamed-interface-002.jcs	sha256:7aeabd94dd1fc5872dd208c18b34983b90f917e04aac065d589b638ea14745ff	54	121	236	933	19822	0
query-renamed-interface-003	contracts/map-filter-query-v0.2/inputs/renamed-interface.jcs	sha256:298c4dfa5fbce35b7d9a4a1ff626a5eadda49e351606b275953813b6fc147059	sha256:58c0294eafb88178546439acb4573a6440587a08d352ed451f50e77a0f573ab0	contracts/core-field-origin-v0.1/records/query-renamed-interface-003.jcs	sha256:64231d4684b87721ce0e877832d54ec7bf2deb407797c8d9a75f65593b8a5e03	54	121	236	933	19820	0
query-renamed-interface-004	contracts/map-filter-query-v0.2/inputs/renamed-interface.jcs	sha256:298c4dfa5fbce35b7d9a4a1ff626a5eadda49e351606b275953813b6fc147059	sha256:5eba5187e05a8ea798adc33bd269568e8a183d216ceb3f624adaa6223e84bcb8	contracts/core-field-origin-v0.1/records/query-renamed-interface-004.jcs	sha256:9a7815a666c96a0bdb6908b6d0ec85f66e02c0c9ac22d98b207433d6ca4ed0c8	54	121	236	933	19817	0
query-renamed-interface-005	contracts/map-filter-query-v0.2/inputs/renamed-interface.jcs	sha256:298c4dfa5fbce35b7d9a4a1ff626a5eadda49e351606b275953813b6fc147059	sha256:63fcece7f10d1adb846da16546b866c136659b2a4768d55e6be4133f1fb1bbd3	contracts/core-field-origin-v0.1/records/query-renamed-interface-005.jcs	sha256:612eb79895d7100e0b6e57c9a82a96ada54889b704deaca831ba3bf468b35271	54	121	236	933	19822	0
query-renamed-interface-006	contracts/map-filter-query-v0.2/inputs/renamed-interface.jcs	sha256:298c4dfa5fbce35b7d9a4a1ff626a5eadda49e351606b275953813b6fc147059	sha256:72c85c7eb41a3e1f68d031fc9e81430a42e2f82c250cbf16b7fbc184cca18c86	contracts/core-field-origin-v0.1/records/query-renamed-interface-006.jcs	sha256:1c0b9945abce4c51b01aff41148018f8ebeca99104626156f3b785cfd7ed010e	54	121	236	933	19826	0
query-renamed-interface-007	contracts/map-filter-query-v0.2/inputs/renamed-interface.jcs	sha256:298c4dfa5fbce35b7d9a4a1ff626a5eadda49e351606b275953813b6fc147059	sha256:9b9881835048818ebb5d41f5c05defbe93a24ca341291252e1abcaa4a2ca694c	contracts/core-field-origin-v0.1/records/query-renamed-interface-007.jcs	sha256:65fa1b9c39f9d59c5a2e565771231543d2ebfd517720c6352c71c9af0fd61309	54	121	236	933	19822	0
query-node-record-sibling-000	contracts/map-filter-query-v0.2/inputs/node-record-sibling.jcs	sha256:3aaf02c720e84792a35c9e3f0a0961f231d1f94aa9ffe9f35693e01d33ff7324	sha256:2e334d79a21d076ef03298be35b0b031ac68c5f348a94e27f82ac1a01d1c40d1	contracts/core-field-origin-v0.1/records/query-node-record-sibling-000.jcs	sha256:e8b59e5bbad77af49bf2f9ae9ce771ecc17f4759a876f34fa6db471523b175f9	61	134	266	1467	22679	0
query-node-record-sibling-001	contracts/map-filter-query-v0.2/inputs/node-record-sibling.jcs	sha256:3aaf02c720e84792a35c9e3f0a0961f231d1f94aa9ffe9f35693e01d33ff7324	sha256:312b7a15ce7755ba849c5411f7c04c0ea639bdaa4718bac1cdb6c0a7e8a50e76	contracts/core-field-origin-v0.1/records/query-node-record-sibling-001.jcs	sha256:4c340cb871d037047904c3a39fe883390640b74ab019e260775424a4d9a5fb4b	61	134	266	1467	22670	0
query-node-record-sibling-002	contracts/map-filter-query-v0.2/inputs/node-record-sibling.jcs	sha256:3aaf02c720e84792a35c9e3f0a0961f231d1f94aa9ffe9f35693e01d33ff7324	sha256:77e1383e64b26a3f41f28f835e6674976f7fc61298707ec200fee9281b5c9e21	contracts/core-field-origin-v0.1/records/query-node-record-sibling-002.jcs	sha256:e419011796668ec52b6c64ca85b42292b20b0baed9b8e580311accc1315712b3	61	134	266	1467	22677	0
query-node-record-sibling-003	contracts/map-filter-query-v0.2/inputs/node-record-sibling.jcs	sha256:3aaf02c720e84792a35c9e3f0a0961f231d1f94aa9ffe9f35693e01d33ff7324	sha256:80c3df18d1254b0cdffbbdc077535ebab91b3611152bb414125ec5ea3f50ab5e	contracts/core-field-origin-v0.1/records/query-node-record-sibling-003.jcs	sha256:85aa424f9e55287d0356bd99bdab88e207e830f090693b1a4e0b9e4b4aec2c0e	61	134	266	1467	22679	0
query-node-record-sibling-004	contracts/map-filter-query-v0.2/inputs/node-record-sibling.jcs	sha256:3aaf02c720e84792a35c9e3f0a0961f231d1f94aa9ffe9f35693e01d33ff7324	sha256:81eab64fb0598728af93f1fc3a283779ed0811c108e338e5e0551bc6c518e096	contracts/core-field-origin-v0.1/records/query-node-record-sibling-004.jcs	sha256:83e6de82877930b1479eebbb1189e34dd61935a66586311bf0d4da0a9f53ed34	61	134	266	1467	22675	0
query-node-record-sibling-005	contracts/map-filter-query-v0.2/inputs/node-record-sibling.jcs	sha256:3aaf02c720e84792a35c9e3f0a0961f231d1f94aa9ffe9f35693e01d33ff7324	sha256:9904ba0862e46c184298c6ba600e3012c05ab5e50ea137c1a8ce3ef33d91731c	contracts/core-field-origin-v0.1/records/query-node-record-sibling-005.jcs	sha256:0e8d0d59da8f56d0d8e030d89727090536dd97657826d93dacd3e9128448c0d4	61	134	266	1467	22675	0
query-node-record-sibling-006	contracts/map-filter-query-v0.2/inputs/node-record-sibling.jcs	sha256:3aaf02c720e84792a35c9e3f0a0961f231d1f94aa9ffe9f35693e01d33ff7324	sha256:aff37a151110f7f96bc7adab6fd6b0376afcd71fe3acae444b8b6ab6dbc5304d	contracts/core-field-origin-v0.1/records/query-node-record-sibling-006.jcs	sha256:6e83c97677f9415ffec3931583942b79ba9549972350e4e497fd2812778a293b	61	134	266	1467	22675	0
query-node-record-sibling-007	contracts/map-filter-query-v0.2/inputs/node-record-sibling.jcs	sha256:3aaf02c720e84792a35c9e3f0a0961f231d1f94aa9ffe9f35693e01d33ff7324	sha256:f15431cc95395ccc2e46c13bb5f1f0062526a36a9156f37d5597bf9893ad2a1e	contracts/core-field-origin-v0.1/records/query-node-record-sibling-007.jcs	sha256:5c225122972712a40cb3e74127b9b7436b57d8ff632c778a376659a983c0807d	61	134	266	1467	22673	0
query-capacity-zero-000	contracts/map-filter-query-v0.3/inputs/capacity-zero.jcs	sha256:ddf6e5b843927e807035fdec008d89c0135c3120c34eb1a6bb8b5feda84e1b69	sha256:012784a8eeb0c0bf69260a6ffe746fa0d6f2b3996b5c2bf91c8c67b5c707b7a1	contracts/core-field-origin-v0.1/records/query-capacity-zero-000.jcs	sha256:411d52eec09b16ded6add9b20c913179d31cdebd7d9653345660ed8212e2a7ae	65	148	286	877	23039	0
query-capacity-zero-001	contracts/map-filter-query-v0.3/inputs/capacity-zero.jcs	sha256:ddf6e5b843927e807035fdec008d89c0135c3120c34eb1a6bb8b5feda84e1b69	sha256:090d66a54eb0042377d87d94a595bc0790036d7fbf61fc89f680f0e6a54c8d3c	contracts/core-field-origin-v0.1/records/query-capacity-zero-001.jcs	sha256:cec572702d84bc4468a6e9217f4e16a8f22c23af477d9899cd83b4c8ce03335a	65	148	286	877	23032	0
query-capacity-zero-002	contracts/map-filter-query-v0.3/inputs/capacity-zero.jcs	sha256:ddf6e5b843927e807035fdec008d89c0135c3120c34eb1a6bb8b5feda84e1b69	sha256:18dc6d8a09f2269c80bb95afc60d7c555938ef95807f1d74cc50025e0a7349e8	contracts/core-field-origin-v0.1/records/query-capacity-zero-002.jcs	sha256:31c1a073afeee182df075b03b7f608154610533fb6034b047718a5ca691bddcf	65	148	286	877	23041	0
query-capacity-zero-003	contracts/map-filter-query-v0.3/inputs/capacity-zero.jcs	sha256:ddf6e5b843927e807035fdec008d89c0135c3120c34eb1a6bb8b5feda84e1b69	sha256:4791e4dc6aee6c6ae306d2c63907ebd79f1d06d32d6dc806dbf67207336f430e	contracts/core-field-origin-v0.1/records/query-capacity-zero-003.jcs	sha256:8ca696da99b16c4f5d665e7edd8c2c3d5014bebea34ded7bbc6e3531c278cb94	65	148	286	877	23037	0
query-capacity-zero-004	contracts/map-filter-query-v0.3/inputs/capacity-zero.jcs	sha256:ddf6e5b843927e807035fdec008d89c0135c3120c34eb1a6bb8b5feda84e1b69	sha256:882fbed0215c271c7b303395a16c4e436a7b357bcf04fd4cbaa9a3ea31247452	contracts/core-field-origin-v0.1/records/query-capacity-zero-004.jcs	sha256:2052c77253920064bcc63fe862ab87513bca595f59ac278307e7eff8f3d01fe3	65	148	286	877	23037	0
query-capacity-zero-005	contracts/map-filter-query-v0.3/inputs/capacity-zero.jcs	sha256:ddf6e5b843927e807035fdec008d89c0135c3120c34eb1a6bb8b5feda84e1b69	sha256:968250312fb806100f6d1efd480142844f6b2b44c004a64fc7459233e1f0d471	contracts/core-field-origin-v0.1/records/query-capacity-zero-005.jcs	sha256:c955f02cd74ea329b15669dfb1ad3f0fb9eb64559321babe28f2b83aa894b1c5	65	148	286	877	23041	0
query-capacity-zero-006	contracts/map-filter-query-v0.3/inputs/capacity-zero.jcs	sha256:ddf6e5b843927e807035fdec008d89c0135c3120c34eb1a6bb8b5feda84e1b69	sha256:d1c6e08b4a386aae4bda1324fbb90b1b8731fd855687849b1271197c148340fe	contracts/core-field-origin-v0.1/records/query-capacity-zero-006.jcs	sha256:cad607d6862a4fd4d7a6bbb4756521af24939965108e54b82557a658d124488a	65	148	286	877	23035	0
query-capacity-zero-007	contracts/map-filter-query-v0.3/inputs/capacity-zero.jcs	sha256:ddf6e5b843927e807035fdec008d89c0135c3120c34eb1a6bb8b5feda84e1b69	sha256:d220310a12ae20b65249557ec52edc6432c5f1ceaf097123d44dfae88afc1bb4	contracts/core-field-origin-v0.1/records/query-capacity-zero-007.jcs	sha256:65324050402443f3d9adcfbaeb2874faaada1f4f698c753f7194c7a4f566877d	65	148	286	877	23037	0
query-capacity-sparse-000	contracts/map-filter-query-v0.3/inputs/capacity-sparse.jcs	sha256:e04a7517d5403b930be4c7a5ede3fe592e3c99a81855d23946f96f461f26485b	sha256:0ef70ee16fd94e74744983893690bf06778b03c5b69546bfbbaac0f1a41dd62e	contracts/core-field-origin-v0.1/records/query-capacity-sparse-000.jcs	sha256:e5599437efda379b91011666da8008b26408c1522155e22c3347d03ccf877dba	66	153	290	899	24049	0
query-capacity-sparse-001	contracts/map-filter-query-v0.3/inputs/capacity-sparse.jcs	sha256:e04a7517d5403b930be4c7a5ede3fe592e3c99a81855d23946f96f461f26485b	sha256:5d1907663f1366f3597941ff76c571970104d712b959156559192e9e4d4c6d8b	contracts/core-field-origin-v0.1/records/query-capacity-sparse-001.jcs	sha256:783fa206dac567d09722554b4e91db62acb783e0f948a7b0b325371673e6fc25	66	153	290	899	24047	0
query-capacity-sparse-002	contracts/map-filter-query-v0.3/inputs/capacity-sparse.jcs	sha256:e04a7517d5403b930be4c7a5ede3fe592e3c99a81855d23946f96f461f26485b	sha256:8fb979fef573fb2c4a02aaf2d71cad83d6035ba09b6cbec952530ddb0308f5a4	contracts/core-field-origin-v0.1/records/query-capacity-sparse-002.jcs	sha256:5a31f5fc76e96eb8ed787ff47b81166dfdea2addbef172531f873d424de19b22	66	153	290	899	24045	0
query-capacity-sparse-003	contracts/map-filter-query-v0.3/inputs/capacity-sparse.jcs	sha256:e04a7517d5403b930be4c7a5ede3fe592e3c99a81855d23946f96f461f26485b	sha256:a65918ad0fc6f1818c90ab2f838f859ef6e7d34d5cbb285f3d5cb45575c93a7f	contracts/core-field-origin-v0.1/records/query-capacity-sparse-003.jcs	sha256:8e72fff3adc9447565a432088bdbe4a0aacf4dc27f1da8a6093c5da09ebc738d	66	153	290	899	24051	0
query-capacity-sparse-004	contracts/map-filter-query-v0.3/inputs/capacity-sparse.jcs	sha256:e04a7517d5403b930be4c7a5ede3fe592e3c99a81855d23946f96f461f26485b	sha256:c145ab0e39a9f342ef7a6b0aad93c2419ddc43c18c2fde52678bea3b9dc46edb	contracts/core-field-origin-v0.1/records/query-capacity-sparse-004.jcs	sha256:be54689c271e4fd3ef17a969ccca8d3e534bd74eeb1a518add27c190aadbdf3d	66	153	290	899	24047	0
query-capacity-sparse-005	contracts/map-filter-query-v0.3/inputs/capacity-sparse.jcs	sha256:e04a7517d5403b930be4c7a5ede3fe592e3c99a81855d23946f96f461f26485b	sha256:c639d517366f74b50a1423cfadfb0f1f95e65c6af58e9b90c67f902d3c4e95ec	contracts/core-field-origin-v0.1/records/query-capacity-sparse-005.jcs	sha256:fd6b61620479550061761e405b5bdf05a387c2b4a91bd34788291490b07e2dd3	66	153	290	899	24051	0
query-capacity-sparse-006	contracts/map-filter-query-v0.3/inputs/capacity-sparse.jcs	sha256:e04a7517d5403b930be4c7a5ede3fe592e3c99a81855d23946f96f461f26485b	sha256:ce6f38c31693f0b67447e70c6b19b6c046754ade57d2fae5367dd46a3d6995f3	contracts/core-field-origin-v0.1/records/query-capacity-sparse-006.jcs	sha256:8ade8db8a210b3ac3e60773f831606bffdd0bf6b32ff28a8315f6a07db5bed97	66	153	290	899	24042	0
query-capacity-sparse-007	contracts/map-filter-query-v0.3/inputs/capacity-sparse.jcs	sha256:e04a7517d5403b930be4c7a5ede3fe592e3c99a81855d23946f96f461f26485b	sha256:e6e61ea073ccdda2c5c4e094a94c9020939aa87c11ffa73c2ff5dee807437468	contracts/core-field-origin-v0.1/records/query-capacity-sparse-007.jcs	sha256:b76663b0b2189b7b72abb37fc16803bbc447f29650c8784106e9c3aa1e12cdb5	66	153	290	899	24047	0
query-predicate-fault-capacity-000	contracts/map-filter-query-v0.3/inputs/predicate-fault-capacity.jcs	sha256:8529023f4f6a67a7a50d3c4a60aac23cdc56c598b9015c8aee22a7abb27a4745	sha256:0818de7b32efec0f325a0cca208d68987ffee31273de712e7d8915e19175ef67	contracts/core-field-origin-v0.1/records/query-predicate-fault-capacity-000.jcs	sha256:6997555673ef708dd2f383f9f1430bef250755b4bafe9e6cca7e1f283f92cbd6	71	160	310	1088	25239	0
query-predicate-fault-capacity-001	contracts/map-filter-query-v0.3/inputs/predicate-fault-capacity.jcs	sha256:8529023f4f6a67a7a50d3c4a60aac23cdc56c598b9015c8aee22a7abb27a4745	sha256:1bafa862bda0dfd9b0bc606a623f2a50fdfd598c51bafbba70710eb932fe796a	contracts/core-field-origin-v0.1/records/query-predicate-fault-capacity-001.jcs	sha256:49685e639fcb445a5a53ba50c80bdc55d1559200076952fc9308f90739e6e67e	71	160	310	1088	25243	0
query-predicate-fault-capacity-002	contracts/map-filter-query-v0.3/inputs/predicate-fault-capacity.jcs	sha256:8529023f4f6a67a7a50d3c4a60aac23cdc56c598b9015c8aee22a7abb27a4745	sha256:1eacd944fde58709b95b2eb6c47d95c1219264079627d0b633e8c99650e67b74	contracts/core-field-origin-v0.1/records/query-predicate-fault-capacity-002.jcs	sha256:f43abb2987892bf41dabb6bb103057b1fed81900eac477e8a4c92bfb205d2a27	71	160	310	1088	25239	0
query-predicate-fault-capacity-003	contracts/map-filter-query-v0.3/inputs/predicate-fault-capacity.jcs	sha256:8529023f4f6a67a7a50d3c4a60aac23cdc56c598b9015c8aee22a7abb27a4745	sha256:2e6f19cf0846180697547cbf01bc3c001be6fbdd2948fe295ce8d29aad686977	contracts/core-field-origin-v0.1/records/query-predicate-fault-capacity-003.jcs	sha256:da30b3814a412bb6a4e985eb35adcd8299508674ac7bea0453b0e01956bd5def	71	160	310	1088	25239	0
query-predicate-fault-capacity-004	contracts/map-filter-query-v0.3/inputs/predicate-fault-capacity.jcs	sha256:8529023f4f6a67a7a50d3c4a60aac23cdc56c598b9015c8aee22a7abb27a4745	sha256:2f8ee80c4c8346c01cdf21ce6ac156271814966a9fc54ab5944e3164019ce5e9	contracts/core-field-origin-v0.1/records/query-predicate-fault-capacity-004.jcs	sha256:0c97d94a7ecc83e3ec07d38f4979d688e3ed96f850cc325a9d7a7cb7ec16f78d	71	160	310	1088	25237	0
query-predicate-fault-capacity-005	contracts/map-filter-query-v0.3/inputs/predicate-fault-capacity.jcs	sha256:8529023f4f6a67a7a50d3c4a60aac23cdc56c598b9015c8aee22a7abb27a4745	sha256:92e20cd6fe8c427f79921f0740ad654652b1c7ad136feac2f9656e7661e93d7b	contracts/core-field-origin-v0.1/records/query-predicate-fault-capacity-005.jcs	sha256:131513fa5104302916e9d8dafbfae806c711fd8305e411b37d77160c562e924d	71	160	310	1088	25234	0
query-predicate-fault-capacity-006	contracts/map-filter-query-v0.3/inputs/predicate-fault-capacity.jcs	sha256:8529023f4f6a67a7a50d3c4a60aac23cdc56c598b9015c8aee22a7abb27a4745	sha256:de70a7f7061c6a4a3271b07a00fffe64a810b1629f141577687eeb8c26d2c05f	contracts/core-field-origin-v0.1/records/query-predicate-fault-capacity-006.jcs	sha256:399d2aebf17427fe46d7f3ddb754430805ae8dc96d760414e4c81824bef53c66	71	160	310	1088	25243	0
query-predicate-fault-capacity-007	contracts/map-filter-query-v0.3/inputs/predicate-fault-capacity.jcs	sha256:8529023f4f6a67a7a50d3c4a60aac23cdc56c598b9015c8aee22a7abb27a4745	sha256:fb85f95320a3eb2da1293e7d41a7b7df3259fa8601c3f5d6d8285e01c8949844	contracts/core-field-origin-v0.1/records/query-predicate-fault-capacity-007.jcs	sha256:d165fb5a0b5077f6d376f04789fe4b53499c168cdfc8b23c0bd69b9075da1fd4	71	160	310	1088	25241	0
query-capacity-pre-false-000	contracts/map-filter-query-v0.3/inputs/capacity-pre-false.jcs	sha256:aae0f852c661a83898ac5de0f51a7ca14374f882ee55a4e8460e83cdff2abb85	sha256:1ec71aca8276baca5ec42627553957bc99cea6931e8496d4568bc3f105b6a258	contracts/core-field-origin-v0.1/records/query-capacity-pre-false-000.jcs	sha256:6de09cce80559d487f9ac3f503bbfbab2799fa7a70ae6c17c5572e7addc357c1	65	148	286	877	23032	0
query-capacity-pre-false-001	contracts/map-filter-query-v0.3/inputs/capacity-pre-false.jcs	sha256:aae0f852c661a83898ac5de0f51a7ca14374f882ee55a4e8460e83cdff2abb85	sha256:31cab3173ca49d9adc18c35ef4305b73a919a492e92cc5cf8b87b314e6e37d34	contracts/core-field-origin-v0.1/records/query-capacity-pre-false-001.jcs	sha256:e8a5e42e77d84a04d25c20ab9f1808b84df373f1594859a854e8c24beeceb91c	65	148	286	877	23035	0
query-capacity-pre-false-002	contracts/map-filter-query-v0.3/inputs/capacity-pre-false.jcs	sha256:aae0f852c661a83898ac5de0f51a7ca14374f882ee55a4e8460e83cdff2abb85	sha256:4b1aea5b8ee7a5fdbfb274409a85a56ea7fc10fb7ff980bf378e2433babb6d3b	contracts/core-field-origin-v0.1/records/query-capacity-pre-false-002.jcs	sha256:b2ff6cbf90ec05685dfe71526fdb6d5686f15ce091050375086f135263e1c19d	65	148	286	877	23037	0
query-capacity-pre-false-003	contracts/map-filter-query-v0.3/inputs/capacity-pre-false.jcs	sha256:aae0f852c661a83898ac5de0f51a7ca14374f882ee55a4e8460e83cdff2abb85	sha256:5e4aaa476ce74f19a7218c1798535cfff7307de9ee1dfbc2d8431fd64488ea80	contracts/core-field-origin-v0.1/records/query-capacity-pre-false-003.jcs	sha256:ee99689f48f3dcf38e5d1f82df37ea38342cb65af130ec294307b3572f03eef6	65	148	286	877	23041	0
query-capacity-pre-false-004	contracts/map-filter-query-v0.3/inputs/capacity-pre-false.jcs	sha256:aae0f852c661a83898ac5de0f51a7ca14374f882ee55a4e8460e83cdff2abb85	sha256:6a5270d2d18a139c0f0e7494751f0f37c96ec39a072337f48571f8537ae4ca49	contracts/core-field-origin-v0.1/records/query-capacity-pre-false-004.jcs	sha256:c042b89336367e51b43776aa01b5f6823daadb3b3ce202df75184cbf2f87ab20	65	148	286	877	23039	0
query-capacity-pre-false-005	contracts/map-filter-query-v0.3/inputs/capacity-pre-false.jcs	sha256:aae0f852c661a83898ac5de0f51a7ca14374f882ee55a4e8460e83cdff2abb85	sha256:6e47e41bd028d2537c315d6ae8ba1d1237f0108b9b50b8cb22af4dd0fc0f59d1	contracts/core-field-origin-v0.1/records/query-capacity-pre-false-005.jcs	sha256:aaaaffbf46f022b4981907234ce024ca58c88f357293967583616ea80ac289c2	65	148	286	877	23037	0
query-capacity-pre-false-006	contracts/map-filter-query-v0.3/inputs/capacity-pre-false.jcs	sha256:aae0f852c661a83898ac5de0f51a7ca14374f882ee55a4e8460e83cdff2abb85	sha256:ab0250ac3028756794bcd1b48bcf9f22ac664e2d9176249e9dbdcff57833df0a	contracts/core-field-origin-v0.1/records/query-capacity-pre-false-006.jcs	sha256:5be44fde00e8d39eae6463078375179b565d838cce5274048790c924f2e1640d	65	148	286	877	23041	0
query-capacity-pre-false-007	contracts/map-filter-query-v0.3/inputs/capacity-pre-false.jcs	sha256:aae0f852c661a83898ac5de0f51a7ca14374f882ee55a4e8460e83cdff2abb85	sha256:b70166e70508d13ba7b9e98d100fb7b9ff9684053e449153c40bf5cb8f0d226c	contracts/core-field-origin-v0.1/records/query-capacity-pre-false-007.jcs	sha256:724bd080e8f31efd12e29480442cfc653c4303ac0f896122bfb4bccc85abd1bc	65	148	286	877	23037	0
query-capacity-pre-fault-000	contracts/map-filter-query-v0.3/inputs/capacity-pre-fault.jcs	sha256:5f2fe4deaf14278868c13367dc60b7361457052fb7dbb6ca8599bb63aec2cfe4	sha256:1929ca7cafd53a0fe74c42c76229a39a897402c0c42b403266cf2d6854b1b3c0	contracts/core-field-origin-v0.1/records/query-capacity-pre-fault-000.jcs	sha256:a791c22c58a5bec5d7565b023885ec6181b6bf2b27729639216384480d7e4cab	65	148	286	877	23037	0
query-capacity-pre-fault-001	contracts/map-filter-query-v0.3/inputs/capacity-pre-fault.jcs	sha256:5f2fe4deaf14278868c13367dc60b7361457052fb7dbb6ca8599bb63aec2cfe4	sha256:32c1710b9168606de42b374b5bb17852f09bcedca5d473af8c77d8f58f1748e3	contracts/core-field-origin-v0.1/records/query-capacity-pre-fault-001.jcs	sha256:24442bdcb5e4252302bce6ccfbf660a10e533fdd9972fbb4121db2369bfc9203	65	148	286	877	23037	0
query-capacity-pre-fault-002	contracts/map-filter-query-v0.3/inputs/capacity-pre-fault.jcs	sha256:5f2fe4deaf14278868c13367dc60b7361457052fb7dbb6ca8599bb63aec2cfe4	sha256:3667a6c09aa116f26dbb30b08ffa4a77171d773c2e2eee83af3aabffece5deb2	contracts/core-field-origin-v0.1/records/query-capacity-pre-fault-002.jcs	sha256:d4a3b49bd892de912bdb44c1770c6b2e977f8c9d0bf878985dfba90e3ab889ed	65	148	286	877	23032	0
query-capacity-pre-fault-003	contracts/map-filter-query-v0.3/inputs/capacity-pre-fault.jcs	sha256:5f2fe4deaf14278868c13367dc60b7361457052fb7dbb6ca8599bb63aec2cfe4	sha256:40737c9f90d7a1384e8e576005948c9e056ee5d32faceb23450d09dc17833c9b	contracts/core-field-origin-v0.1/records/query-capacity-pre-fault-003.jcs	sha256:d2fcf067ab821160eea0cd48160abc2fb350a16c60ee75da30365a1cbe6b2015	65	148	286	877	23041	0
query-capacity-pre-fault-004	contracts/map-filter-query-v0.3/inputs/capacity-pre-fault.jcs	sha256:5f2fe4deaf14278868c13367dc60b7361457052fb7dbb6ca8599bb63aec2cfe4	sha256:6619d4158805cbbc5ecf6e263960dbf857b195b92d82ce47c0ee46600e2dd849	contracts/core-field-origin-v0.1/records/query-capacity-pre-fault-004.jcs	sha256:f96a7c2c2606891b0aadbe6b51df40b8204f650e70d7e13ae4051d64a6041426	65	148	286	877	23041	0
query-capacity-pre-fault-005	contracts/map-filter-query-v0.3/inputs/capacity-pre-fault.jcs	sha256:5f2fe4deaf14278868c13367dc60b7361457052fb7dbb6ca8599bb63aec2cfe4	sha256:6d681dffd7f0e748fd0132f7108bd60389c1131e2dd08b676126b160d7ca8238	contracts/core-field-origin-v0.1/records/query-capacity-pre-fault-005.jcs	sha256:1ba61d07592336e4a2b06934b9e5eb8c28c2e3572774676ff5a0aaec89854ac3	65	148	286	877	23035	0
query-capacity-pre-fault-006	contracts/map-filter-query-v0.3/inputs/capacity-pre-fault.jcs	sha256:5f2fe4deaf14278868c13367dc60b7361457052fb7dbb6ca8599bb63aec2cfe4	sha256:9cd8cf26cfa4d9457ffda77d9f6eb81608c043fb890200362c646fbbe000804e	contracts/core-field-origin-v0.1/records/query-capacity-pre-fault-006.jcs	sha256:36e643f6c7611c2aa6b47fad316a8856c57f838b6f49bacd93e18f28a32c6b8f	65	148	286	877	23039	0
query-capacity-pre-fault-007	contracts/map-filter-query-v0.3/inputs/capacity-pre-fault.jcs	sha256:5f2fe4deaf14278868c13367dc60b7361457052fb7dbb6ca8599bb63aec2cfe4	sha256:ccbed0ac7734753b6e082f340283b9411e76592cc4ccca00de10e58c6587f1b5	contracts/core-field-origin-v0.1/records/query-capacity-pre-fault-007.jcs	sha256:d17739116db3d237cd6662385b965118066eb708fb9987f29a4c80fd097540bf	65	148	286	877	23037	0
query-capacity-unrelated-fault-000	contracts/map-filter-query-v0.3/inputs/capacity-unrelated-fault.jcs	sha256:182929d9eef9451e86f4876f4bc729435554a807b797abdf005ad3265a6393b1	sha256:0ef616163c1fe4437995dee88e1043a4c1b2e4bc10d24d919079016107bf022d	contracts/core-field-origin-v0.1/records/query-capacity-unrelated-fault-000.jcs	sha256:522a2e605bff1fd09b50e16346c9fb5f86c80c8f57880e0403e6b1f1e59707b1	93	223	403	1543	23037	0
query-capacity-unrelated-fault-001	contracts/map-filter-query-v0.3/inputs/capacity-unrelated-fault.jcs	sha256:182929d9eef9451e86f4876f4bc729435554a807b797abdf005ad3265a6393b1	sha256:10b5433ecc0552bf474801138f6185175ffb3d8c21888098be0079c026b11d59	contracts/core-field-origin-v0.1/records/query-capacity-unrelated-fault-001.jcs	sha256:867919d09abf789f0ce149262260428f61b38401288df856402d1b7c195c38b8	93	223	403	1543	19355	0
query-capacity-unrelated-fault-002	contracts/map-filter-query-v0.3/inputs/capacity-unrelated-fault.jcs	sha256:182929d9eef9451e86f4876f4bc729435554a807b797abdf005ad3265a6393b1	sha256:43918560369e8a7084abef8f7630895fe7255b471d386ef12c3d46e757e7b78c	contracts/core-field-origin-v0.1/records/query-capacity-unrelated-fault-002.jcs	sha256:fc25521daffb769f8fba42e9aa60ffd2c4f4515affb18812f4fcd11e8ed81a18	93	223	403	1543	23041	0
query-capacity-unrelated-fault-003	contracts/map-filter-query-v0.3/inputs/capacity-unrelated-fault.jcs	sha256:182929d9eef9451e86f4876f4bc729435554a807b797abdf005ad3265a6393b1	sha256:459d60117d7399323a471846325ba7d9a8581aac0d6031e4bef0ce4a48781903	contracts/core-field-origin-v0.1/records/query-capacity-unrelated-fault-003.jcs	sha256:a5c2e6a6680a0f865301447a427cc4e8c77ba5a5821994a340d1392bb32a7e51	93	223	403	1543	19361	0
query-capacity-unrelated-fault-004	contracts/map-filter-query-v0.3/inputs/capacity-unrelated-fault.jcs	sha256:182929d9eef9451e86f4876f4bc729435554a807b797abdf005ad3265a6393b1	sha256:63fdd87ba4c38d443fcdfaceed928d09a210802431842e39e711c4d724ef9026	contracts/core-field-origin-v0.1/records/query-capacity-unrelated-fault-004.jcs	sha256:efac028afd25a7a6f22f203ca9288689d122c52dc5ef09339ef277b3a74e4cc0	93	223	403	1543	19357	0
query-capacity-unrelated-fault-005	contracts/map-filter-query-v0.3/inputs/capacity-unrelated-fault.jcs	sha256:182929d9eef9451e86f4876f4bc729435554a807b797abdf005ad3265a6393b1	sha256:67047a9722c76266e759546b6af0a141b49612bc267b7d49e4376f48a34e7d74	contracts/core-field-origin-v0.1/records/query-capacity-unrelated-fault-005.jcs	sha256:9f9fec667677e67c4a7bb56e6d0a5e788a658567b2810a391f76073d4d7fb45e	93	223	403	1543	23039	0
query-capacity-unrelated-fault-006	contracts/map-filter-query-v0.3/inputs/capacity-unrelated-fault.jcs	sha256:182929d9eef9451e86f4876f4bc729435554a807b797abdf005ad3265a6393b1	sha256:6bf968cb8e53cf85926ac1a9b0405dad38e67100713743df6129fc4236e00f31	contracts/core-field-origin-v0.1/records/query-capacity-unrelated-fault-006.jcs	sha256:8104baed7713aaa0c3e3a32265989725c72c674f92f758cc27ae5401104c4963	93	223	403	1543	23041	0
query-capacity-unrelated-fault-007	contracts/map-filter-query-v0.3/inputs/capacity-unrelated-fault.jcs	sha256:182929d9eef9451e86f4876f4bc729435554a807b797abdf005ad3265a6393b1	sha256:8ad0df493e990d1f647c66a65730981cc6b91602733c11f9f87762b440074eea	contracts/core-field-origin-v0.1/records/query-capacity-unrelated-fault-007.jcs	sha256:2195543a80c74d3c279a6ccdb6edd75459a90b918128e698b8cb56bf5f18a9c9	93	223	403	1543	23037	0
query-capacity-unrelated-fault-008	contracts/map-filter-query-v0.3/inputs/capacity-unrelated-fault.jcs	sha256:182929d9eef9451e86f4876f4bc729435554a807b797abdf005ad3265a6393b1	sha256:8f8fe43eb77a9f86f4eac31adcce6c9a779fee1588e85be2c588555fb0b673cd	contracts/core-field-origin-v0.1/records/query-capacity-unrelated-fault-008.jcs	sha256:2c55cb10ed54b189bd937003ebf6a7c4368fe3ffca7cbd509276ec952c495aaf	93	223	403	1543	23032	0
query-capacity-unrelated-fault-009	contracts/map-filter-query-v0.3/inputs/capacity-unrelated-fault.jcs	sha256:182929d9eef9451e86f4876f4bc729435554a807b797abdf005ad3265a6393b1	sha256:9c9474f99127cfcf266c9da06932a0c24688a26f76d61d870f055871dbfeb7c8	contracts/core-field-origin-v0.1/records/query-capacity-unrelated-fault-009.jcs	sha256:e36cb9460f1d7a4a5b73b818e1dfa0b8b8433b50b72444114f2a06d7fb6f63ca	93	223	403	1543	19357	0
query-capacity-unrelated-fault-010	contracts/map-filter-query-v0.3/inputs/capacity-unrelated-fault.jcs	sha256:182929d9eef9451e86f4876f4bc729435554a807b797abdf005ad3265a6393b1	sha256:bb21f3951c9b588dd3b454d130a8deefa9673f186467dc7bf2845eb0c02f8c0e	contracts/core-field-origin-v0.1/records/query-capacity-unrelated-fault-010.jcs	sha256:cec28358f381475d05213e4ddbeffb0549b3b54b16cf753ed0b0abc15b0fe21d	93	223	403	1543	19359	0
query-capacity-unrelated-fault-011	contracts/map-filter-query-v0.3/inputs/capacity-unrelated-fault.jcs	sha256:182929d9eef9451e86f4876f4bc729435554a807b797abdf005ad3265a6393b1	sha256:c3d8ca776617f483b7ae4795c863761595aad144ac80000439ef2983a15bde25	contracts/core-field-origin-v0.1/records/query-capacity-unrelated-fault-011.jcs	sha256:1cc296ab026ec0d0434649bbcc0cce368a63b91841f474ce1a92b8f78fa08285	93	223	403	1543	19361	0
query-capacity-unrelated-fault-012	contracts/map-filter-query-v0.3/inputs/capacity-unrelated-fault.jcs	sha256:182929d9eef9451e86f4876f4bc729435554a807b797abdf005ad3265a6393b1	sha256:c79f440a4053530504a0134d7d48f388c41cde09ad44de19210ee1dd396a23bf	contracts/core-field-origin-v0.1/records/query-capacity-unrelated-fault-012.jcs	sha256:a01be6a222eebbb75e6f1ea82577cb2509037813b461d37c9e475c2ad624ea1f	93	223	403	1543	23037	0
query-capacity-unrelated-fault-013	contracts/map-filter-query-v0.3/inputs/capacity-unrelated-fault.jcs	sha256:182929d9eef9451e86f4876f4bc729435554a807b797abdf005ad3265a6393b1	sha256:c8864f4efb9e44ad4427bfd7234b5c9e0fff5300199540374ef3329195e7a0ca	contracts/core-field-origin-v0.1/records/query-capacity-unrelated-fault-013.jcs	sha256:b109b9f5d0a7898e09e80808e1c1828fbcdd2c32f241a64c1903c8e2034e2b28	93	223	403	1543	19357	0
query-capacity-unrelated-fault-014	contracts/map-filter-query-v0.3/inputs/capacity-unrelated-fault.jcs	sha256:182929d9eef9451e86f4876f4bc729435554a807b797abdf005ad3265a6393b1	sha256:f5fb5ba3433b0e6bd026e3c7d50d2f7922294abcb4690941f773225e2e03a349	contracts/core-field-origin-v0.1/records/query-capacity-unrelated-fault-014.jcs	sha256:6c7960ba081c553a84e6ffb8069f3858a26188fdde32f7592ffd80351e5bc1b5	93	223	403	1543	23035	0
query-capacity-unrelated-fault-015	contracts/map-filter-query-v0.3/inputs/capacity-unrelated-fault.jcs	sha256:182929d9eef9451e86f4876f4bc729435554a807b797abdf005ad3265a6393b1	sha256:f6d79125cd905051942acbfa47fc9110b237cf97f213a5c9f043f153308a450e	contracts/core-field-origin-v0.1/records/query-capacity-unrelated-fault-015.jcs	sha256:79d630db20911eb7396d919b769986c7b5618b145aac2bc5a5ada2c52ea91918	93	223	403	1543	19352	0
query-composite-unicode-000	contracts/map-filter-query-v0.3/inputs/composite-unicode.jcs	sha256:aefe691372266a237702a58f55be2c03a39d49ac74e983f3344a68cf4a6c446d	sha256:1e336ef366178a3eb669918921e1c63b9078a166320317ff707deb3a76779602	contracts/core-field-origin-v0.1/records/query-composite-unicode-000.jcs	sha256:463a0ec7fad7ff0c90f55df55e68c3e4b9953903cabb18e020a745c36244c32e	65	148	286	877	23041	0
query-composite-unicode-001	contracts/map-filter-query-v0.3/inputs/composite-unicode.jcs	sha256:aefe691372266a237702a58f55be2c03a39d49ac74e983f3344a68cf4a6c446d	sha256:2834141da3dc21dc5b56da28f8a06c792a1377e1a82571b5f141d421c4859201	contracts/core-field-origin-v0.1/records/query-composite-unicode-001.jcs	sha256:de4ff3d7b65680f217b39db9cf2cf2e8efdb854ab2e27be650c7bdd30df8813d	65	148	286	877	23032	0
query-composite-unicode-002	contracts/map-filter-query-v0.3/inputs/composite-unicode.jcs	sha256:aefe691372266a237702a58f55be2c03a39d49ac74e983f3344a68cf4a6c446d	sha256:2f1a0fa13713a21f57565087fd212c6cc63ea7e0eb205d4c6bd24dc991dc78cf	contracts/core-field-origin-v0.1/records/query-composite-unicode-002.jcs	sha256:2e88827e7143ffcc4b7e4a6408c091ab2c5dff2d00f329dde25303eb7b4b56eb	65	148	286	877	23041	0
query-composite-unicode-003	contracts/map-filter-query-v0.3/inputs/composite-unicode.jcs	sha256:aefe691372266a237702a58f55be2c03a39d49ac74e983f3344a68cf4a6c446d	sha256:66716018f373b406528d70ed1efe8891ca179ddd1e57449c98fb5ceada9bd730	contracts/core-field-origin-v0.1/records/query-composite-unicode-003.jcs	sha256:5a5b4b5d0d67f88dcbe752b25966c7188980fbc845c8a4fa8c57e53b55608ac3	65	148	286	877	23035	0
query-composite-unicode-004	contracts/map-filter-query-v0.3/inputs/composite-unicode.jcs	sha256:aefe691372266a237702a58f55be2c03a39d49ac74e983f3344a68cf4a6c446d	sha256:8f7d03271b38983a64ca7bc2d529fa19814194488045038f4809cf8e2533a796	contracts/core-field-origin-v0.1/records/query-composite-unicode-004.jcs	sha256:ab02debafc9fe113c4cfa78a7aa3ca282d6d1aee422b1e6f2bebb56d4b80c495	65	148	286	877	23037	0
query-composite-unicode-005	contracts/map-filter-query-v0.3/inputs/composite-unicode.jcs	sha256:aefe691372266a237702a58f55be2c03a39d49ac74e983f3344a68cf4a6c446d	sha256:c56811b533a3be92840c1639b6365c198a33f21af944e78a74e84744137359ce	contracts/core-field-origin-v0.1/records/query-composite-unicode-005.jcs	sha256:c69ebf93957d1260a827305fd6300ed56f77a7e3e03429e6ee83ce08a80cfee4	65	148	286	877	23037	0
query-composite-unicode-006	contracts/map-filter-query-v0.3/inputs/composite-unicode.jcs	sha256:aefe691372266a237702a58f55be2c03a39d49ac74e983f3344a68cf4a6c446d	sha256:cb521aba0cdb252f833854b9c376fedb117559b7cde824906d705caeaf632099	contracts/core-field-origin-v0.1/records/query-composite-unicode-006.jcs	sha256:cb79897634a7207c8e057ee1e342a99ccd6110073c4adb1c4217a3dea5d04da8	65	148	286	877	23037	0
query-composite-unicode-007	contracts/map-filter-query-v0.3/inputs/composite-unicode.jcs	sha256:aefe691372266a237702a58f55be2c03a39d49ac74e983f3344a68cf4a6c446d	sha256:fc7a3d9b5cef698d35194b8f2e18e0525e2f106163604493c514a791a141b3b4	contracts/core-field-origin-v0.1/records/query-composite-unicode-007.jcs	sha256:bdee67d4135cf6bc5c7ecbe3edfe9a3540b3795d6e970a1da6f9a39b070f0df8	65	148	286	877	23039	0
query-select-none-000	contracts/map-filter-query-v0.4/inputs/select-none.jcs	sha256:6a5910fe0f30ea3a3161229bbfca4454e455999726f98d47ecabeab8566b1574	sha256:2c24c6a0a99f1114298850d26579945059d17e820871554c0643f0807c72e000	contracts/core-field-origin-v0.1/records/query-select-none-000.jcs	sha256:88eb6e7b807344aed1b026b69d15bf0b0d472612855b5c6d3d58172dbcbff592	65	148	286	877	23032	0
query-select-none-001	contracts/map-filter-query-v0.4/inputs/select-none.jcs	sha256:6a5910fe0f30ea3a3161229bbfca4454e455999726f98d47ecabeab8566b1574	sha256:580686ea4501bda68e856bad4d4dd8b75fe65f53a75bd8295e53be45881cda40	contracts/core-field-origin-v0.1/records/query-select-none-001.jcs	sha256:55f9295bd095b299449a512f6ad1f786a5ecd06bebc1bad7259247036d7e5370	65	148	286	877	23041	0
query-select-none-002	contracts/map-filter-query-v0.4/inputs/select-none.jcs	sha256:6a5910fe0f30ea3a3161229bbfca4454e455999726f98d47ecabeab8566b1574	sha256:959efa87b3d643830f8438e46a43c9ddc12dd215a7708add4252ef1846c66399	contracts/core-field-origin-v0.1/records/query-select-none-002.jcs	sha256:9e6fb0140d67998e710cab0770dc9d68e86607b01b0df95837a2670e14cafb9f	65	148	286	877	23037	0
query-select-none-003	contracts/map-filter-query-v0.4/inputs/select-none.jcs	sha256:6a5910fe0f30ea3a3161229bbfca4454e455999726f98d47ecabeab8566b1574	sha256:979c0e7a2dd22d7f3f22ea653c1a98846dd818f4946e68b1c2a6a702dc51b55b	contracts/core-field-origin-v0.1/records/query-select-none-003.jcs	sha256:b3e11db5fd99c48e27e7c116beec7b8049638bed75cb2b3807109b9bbb8da8a0	65	148	286	877	23037	0
query-select-none-004	contracts/map-filter-query-v0.4/inputs/select-none.jcs	sha256:6a5910fe0f30ea3a3161229bbfca4454e455999726f98d47ecabeab8566b1574	sha256:9d228ce772a17349d8e2511ea8585f06b63576789bd016a458199d8135eab94e	contracts/core-field-origin-v0.1/records/query-select-none-004.jcs	sha256:e3aa98f4465f8bd9735f1332259eecf1ee69c10ca27f0ccefa5383974659aa68	65	148	286	877	23039	0
query-select-none-005	contracts/map-filter-query-v0.4/inputs/select-none.jcs	sha256:6a5910fe0f30ea3a3161229bbfca4454e455999726f98d47ecabeab8566b1574	sha256:dc9de5ef572c7ee3da6922c447a221a226aead3ef4502e5a9e43fba113f9da7e	contracts/core-field-origin-v0.1/records/query-select-none-005.jcs	sha256:0df7c1fb813e4ad94bb61a12fb01740019d779b525e5b021d282e21aeacf8522	65	148	286	877	23037	0
query-select-none-006	contracts/map-filter-query-v0.4/inputs/select-none.jcs	sha256:6a5910fe0f30ea3a3161229bbfca4454e455999726f98d47ecabeab8566b1574	sha256:e5ad773eb3916f5f554ea7880d85d3664a634e8c85bd6939fee8bb8346796c0c	contracts/core-field-origin-v0.1/records/query-select-none-006.jcs	sha256:155736116195c744485ca779eea16bfe6df0d807f69df8a1a404f44de5c8425c	65	148	286	877	23041	0
query-select-none-007	contracts/map-filter-query-v0.4/inputs/select-none.jcs	sha256:6a5910fe0f30ea3a3161229bbfca4454e455999726f98d47ecabeab8566b1574	sha256:ff4a25f45e109060e47152492a8b08da7e4fadc9b43e9a7577056abfb8534ff8	contracts/core-field-origin-v0.1/records/query-select-none-007.jcs	sha256:dadd873dbf82b34463fb4ff99e0f0687165f6258c7f8587414d8b2763ce669bc	65	148	286	877	23035	0
query-wrong-business-predicate-000	contracts/map-filter-query-v0.4/inputs/wrong-business-predicate.jcs	sha256:6e879e607cbdc0382f8e40d38b76e94073f0991ba9ef2ad8023d7ae40b8a4cbd	sha256:0656aba3a3b920082009641bd3e4e9ed33bd44cd59f597524caa12ed2d412676	contracts/core-field-origin-v0.1/records/query-wrong-business-predicate-000.jcs	sha256:25cf77e348d18a5872a62188783d1a96896a7f83de46493b88c6ecaef2ca6ece	67	156	293	945	24447	0
query-wrong-business-predicate-001	contracts/map-filter-query-v0.4/inputs/wrong-business-predicate.jcs	sha256:6e879e607cbdc0382f8e40d38b76e94073f0991ba9ef2ad8023d7ae40b8a4cbd	sha256:1839c11e4e5cb7f3a808b57e2fda563f9ab37ab32cebe8f050d6e425ba306957	contracts/core-field-origin-v0.1/records/query-wrong-business-predicate-001.jcs	sha256:4b26e722fb81df5fb99c2502a5ce83ff679487654e4aa06411722f756e2c71c5	67	156	293	945	24451	0
query-wrong-business-predicate-002	contracts/map-filter-query-v0.4/inputs/wrong-business-predicate.jcs	sha256:6e879e607cbdc0382f8e40d38b76e94073f0991ba9ef2ad8023d7ae40b8a4cbd	sha256:1c68cfaf6e02c5d788dd35f95e30943b8127c2e2ade7ea1fb670d41c5da768f6	contracts/core-field-origin-v0.1/records/query-wrong-business-predicate-002.jcs	sha256:965c8cf8167be96fdcc2219f043a8c49445935111cdec33a8dd0a1c79d3af76f	67	156	293	945	24449	0
query-wrong-business-predicate-003	contracts/map-filter-query-v0.4/inputs/wrong-business-predicate.jcs	sha256:6e879e607cbdc0382f8e40d38b76e94073f0991ba9ef2ad8023d7ae40b8a4cbd	sha256:21ec67d151c9cac321aab9c62b6585bb9708e0edab98f831024ad7787247c18c	contracts/core-field-origin-v0.1/records/query-wrong-business-predicate-003.jcs	sha256:08a2b3fd05e673ed26d079ed940095ce0091d66d7071e6ee8800dde2a21e8131	67	156	293	945	24453	0
query-wrong-business-predicate-004	contracts/map-filter-query-v0.4/inputs/wrong-business-predicate.jcs	sha256:6e879e607cbdc0382f8e40d38b76e94073f0991ba9ef2ad8023d7ae40b8a4cbd	sha256:4ff4d1ac8c46d599de233d9a52415f469b65441af51ced40e687d093d8dda1e7	contracts/core-field-origin-v0.1/records/query-wrong-business-predicate-004.jcs	sha256:1a1207216caa5b9bc56310ab4df08c56e5e4f719655e56a92c155fa6b0a1cace	67	156	293	945	24449	0
query-wrong-business-predicate-005	contracts/map-filter-query-v0.4/inputs/wrong-business-predicate.jcs	sha256:6e879e607cbdc0382f8e40d38b76e94073f0991ba9ef2ad8023d7ae40b8a4cbd	sha256:5c5bfe51157cc878465ce7e2c0b57475aff18245eb71f47aca851de925db9f47	contracts/core-field-origin-v0.1/records/query-wrong-business-predicate-005.jcs	sha256:dfe36ff71e37e50dd1062dc64e07bfee8d948a05867f9241262e489b665e82d7	67	156	293	945	24444	0
query-wrong-business-predicate-006	contracts/map-filter-query-v0.4/inputs/wrong-business-predicate.jcs	sha256:6e879e607cbdc0382f8e40d38b76e94073f0991ba9ef2ad8023d7ae40b8a4cbd	sha256:64a32b1e9d9dd74e2d0625557715abc7dc8bb2fca2de96b150bd02cc8114e46d	contracts/core-field-origin-v0.1/records/query-wrong-business-predicate-006.jcs	sha256:bda79cdc54ccbd7679a10c4eb9d5c9236cb797db141b1dad7ff194469b6ba4ec	67	156	293	945	24449	0
query-wrong-business-predicate-007	contracts/map-filter-query-v0.4/inputs/wrong-business-predicate.jcs	sha256:6e879e607cbdc0382f8e40d38b76e94073f0991ba9ef2ad8023d7ae40b8a4cbd	sha256:cf33fb592cf034664c96d14aff4162ff79e74fdfdb1a38695e8ffcd87b90a097	contracts/core-field-origin-v0.1/records/query-wrong-business-predicate-007.jcs	sha256:939a9c69b30a6a0c5d852ff46e6167d6159c8d7e59715ef1e08a634ea58fac4c	67	156	293	945	24453	0
query-composite-key-permutation-000	contracts/map-filter-query-v0.4/inputs/composite-key-permutation.jcs	sha256:37dd4c60f8965e62c9cb415e1e9d92163da27ff6e045d1c35f49ed31ebeb0fbf	sha256:1c58a35d9e77522abad4f9abdfa998625bd8cc299a8ae03c4e833c7fb14de2a7	contracts/core-field-origin-v0.1/records/query-composite-key-permutation-000.jcs	sha256:631e555f15b14773d41f40cf78ba28292240b1afcae4a83172206d39e732cf5d	62	127	275	956	21473	0
query-composite-key-permutation-001	contracts/map-filter-query-v0.4/inputs/composite-key-permutation.jcs	sha256:37dd4c60f8965e62c9cb415e1e9d92163da27ff6e045d1c35f49ed31ebeb0fbf	sha256:393a408e34668bfe6654e8c48f51c5c6d1ccd88ec7d2383298904c4d569a737c	contracts/core-field-origin-v0.1/records/query-composite-key-permutation-001.jcs	sha256:e362cfd57e8ecc9990dfde48b641e464ea2c4dae1d34229ee399c791752dac13	62	127	275	956	21471	0
query-composite-key-permutation-002	contracts/map-filter-query-v0.4/inputs/composite-key-permutation.jcs	sha256:37dd4c60f8965e62c9cb415e1e9d92163da27ff6e045d1c35f49ed31ebeb0fbf	sha256:83f2ee007213c0eb775e3ca8412199cf9c0aa2bd2b14f488db6caf56464689fd	contracts/core-field-origin-v0.1/records/query-composite-key-permutation-002.jcs	sha256:df697dd796de068fac87b33fb1b32fcb7e8b2af70d1ba27540e91ad8e5c3b3f3	62	127	275	956	21469	0
query-composite-key-permutation-003	contracts/map-filter-query-v0.4/inputs/composite-key-permutation.jcs	sha256:37dd4c60f8965e62c9cb415e1e9d92163da27ff6e045d1c35f49ed31ebeb0fbf	sha256:914da11c7c7aaac8d6a43d0631676cc015a61206647faa9bf9f4d7c615ab2d13	contracts/core-field-origin-v0.1/records/query-composite-key-permutation-003.jcs	sha256:afefad565c044accb43f8845a88a9c4cab0dc4698696b26d5c5eee7bf26b10b7	62	127	275	956	21469	0
query-composite-key-permutation-004	contracts/map-filter-query-v0.4/inputs/composite-key-permutation.jcs	sha256:37dd4c60f8965e62c9cb415e1e9d92163da27ff6e045d1c35f49ed31ebeb0fbf	sha256:c2597a08ff3b5e921b4f2e93a068070fb5e6184ab6c755443d2dac7ccb471dbc	contracts/core-field-origin-v0.1/records/query-composite-key-permutation-004.jcs	sha256:1d0625a4f1badfc76eadd82cc1033d421a7b7e2f7973fff118e59f704259af0f	62	127	275	956	21464	0
query-composite-key-permutation-005	contracts/map-filter-query-v0.4/inputs/composite-key-permutation.jcs	sha256:37dd4c60f8965e62c9cb415e1e9d92163da27ff6e045d1c35f49ed31ebeb0fbf	sha256:d2af40f02f1148c8ab35596c8ed5d2a6b6455607ac623100629677b1a7272e8b	contracts/core-field-origin-v0.1/records/query-composite-key-permutation-005.jcs	sha256:d133ef162163f5c1beed3ea4456973ffdab076b51771a690a72d1ae1ef083be3	62	127	275	956	21483	0
query-composite-key-permutation-006	contracts/map-filter-query-v0.4/inputs/composite-key-permutation.jcs	sha256:37dd4c60f8965e62c9cb415e1e9d92163da27ff6e045d1c35f49ed31ebeb0fbf	sha256:e377dd9c259e7255da3748bfbc45dd1a4b2cd4f7861d95c2d6bed06c042a6b20	contracts/core-field-origin-v0.1/records/query-composite-key-permutation-006.jcs	sha256:541a92d298263c4d859ef26e4911d54488d6ee861f8a11822714de85d5d8f47f	62	127	275	956	21473	0
query-composite-key-permutation-007	contracts/map-filter-query-v0.4/inputs/composite-key-permutation.jcs	sha256:37dd4c60f8965e62c9cb415e1e9d92163da27ff6e045d1c35f49ed31ebeb0fbf	sha256:ffb22442cc3aa3cd75dc9e40ab70887e507ca29b1342412130ee2f1e6862db6c	contracts/core-field-origin-v0.1/records/query-composite-key-permutation-007.jcs	sha256:343a3373ac60d34c12e4831107fac279292fc568a8ed8bd676ed61df0ca02f87	62	127	275	956	21469	0
resource-count_where-000	contracts/map-filter-query-v0.2/resource-inputs/count_where.jcs	sha256:3eacb21aea7764492ff7c0e413ecd77de2c2a9fb2e711da6181b70179fd1aa04	sha256:1183a0d6f6d48a4fbf00e53457cab0aaa757752aaf1cf2b160aa31b9425287ac	contracts/core-field-origin-v0.1/records/resource-count_where-000.jcs	sha256:9cdef17c67bf924a9019a6f3059628d5281e5824b28a8a9d563122746fd8b7a3	52	117	228	840	19062	0
resource-count_where-001	contracts/map-filter-query-v0.2/resource-inputs/count_where.jcs	sha256:3eacb21aea7764492ff7c0e413ecd77de2c2a9fb2e711da6181b70179fd1aa04	sha256:14287cadfc2797e530fcb682e429d28f4820368dc8e0fc0a835dbc3e0228bd31	contracts/core-field-origin-v0.1/records/resource-count_where-001.jcs	sha256:0c6f80878929ae319cc2fd011092e4277a03a436cc10c73642b8f8983beb2ab5	52	117	228	840	19064	0
resource-count_where-002	contracts/map-filter-query-v0.2/resource-inputs/count_where.jcs	sha256:3eacb21aea7764492ff7c0e413ecd77de2c2a9fb2e711da6181b70179fd1aa04	sha256:398463db1afcd75dc5c0332a0f544c6b46026547ad8fc442dcbcef6ed58d18e7	contracts/core-field-origin-v0.1/records/resource-count_where-002.jcs	sha256:a41e7d5d98c33d79ffbd996c8110be54933d28af41421c80c25809b872ef3b1e	52	117	228	840	19057	0
resource-count_where-003	contracts/map-filter-query-v0.2/resource-inputs/count_where.jcs	sha256:3eacb21aea7764492ff7c0e413ecd77de2c2a9fb2e711da6181b70179fd1aa04	sha256:81bd0977c2eed5c5697e3dbacb93df77c41235d0fa968e10a75a2917919dede5	contracts/core-field-origin-v0.1/records/resource-count_where-003.jcs	sha256:6a80d80078f92955f7373ebb619b9491d27cc18742548aec854e05ec76a4ecf4	52	117	228	840	19062	0
resource-count_where-004	contracts/map-filter-query-v0.2/resource-inputs/count_where.jcs	sha256:3eacb21aea7764492ff7c0e413ecd77de2c2a9fb2e711da6181b70179fd1aa04	sha256:90b8ce6b6039ef4c8686dfdf42d44ad046f9603603abf22965754b0c563cb5dc	contracts/core-field-origin-v0.1/records/resource-count_where-004.jcs	sha256:a6d779a078d8b1ff18a0cd44d58a469e8ce5b3c6a3dfee50cccbe86263a5e8df	52	117	228	840	19066	0
resource-count_where-005	contracts/map-filter-query-v0.2/resource-inputs/count_where.jcs	sha256:3eacb21aea7764492ff7c0e413ecd77de2c2a9fb2e711da6181b70179fd1aa04	sha256:b7c3dd95a359eab4f388167df82ce73febfc9484de69515e35e5b7be6553593c	contracts/core-field-origin-v0.1/records/resource-count_where-005.jcs	sha256:16b77a94fe8951d2a410fa12039e192d18a388555268e8c2c632ff4c5d796893	52	117	228	840	19066	0
resource-count_where-006	contracts/map-filter-query-v0.2/resource-inputs/count_where.jcs	sha256:3eacb21aea7764492ff7c0e413ecd77de2c2a9fb2e711da6181b70179fd1aa04	sha256:be01f80ba898886bc05411a85bcb9c75f07e86f67a21a219a7d8f071847e833a	contracts/core-field-origin-v0.1/records/resource-count_where-006.jcs	sha256:1dc8811fc9d34a09d345a188eceba727f3dc744d24fb6f2182640bae439b272a	52	117	228	840	19062	0
resource-count_where-007	contracts/map-filter-query-v0.2/resource-inputs/count_where.jcs	sha256:3eacb21aea7764492ff7c0e413ecd77de2c2a9fb2e711da6181b70179fd1aa04	sha256:c4eb842291ec223f2bf96323bcca570b375e32d7e9bdba230894fb4d4b004676	contracts/core-field-origin-v0.1/records/resource-count_where-007.jcs	sha256:7d519906f8af25317cc2d86e6ab5be182a11772e1dadbf6a56830a73dd7f3daa	52	117	228	840	19060	0
resource-exists_rows-000	contracts/map-filter-query-v0.2/resource-inputs/exists_rows.jcs	sha256:fc85b623ace32f9765bd601daad54904ba7c45bac42d99bdc79823dff19ff0de	sha256:227b6341d779d925da0edb07bc31252bd44ab5155639243981040f3e6d8a37b9	contracts/core-field-origin-v0.1/records/resource-exists_rows-000.jcs	sha256:f80cdfc689314bee68d4cc80066d4b012f461aaf7ffab6295eb7f8a5c9e03bf0	52	117	228	840	19062	0
resource-exists_rows-001	contracts/map-filter-query-v0.2/resource-inputs/exists_rows.jcs	sha256:fc85b623ace32f9765bd601daad54904ba7c45bac42d99bdc79823dff19ff0de	sha256:29b50cd79ed736407239620aef7a31975dea1475d540bec2d4498f9891ad6528	contracts/core-field-origin-v0.1/records/resource-exists_rows-001.jcs	sha256:8e7ede170a224c32f305be141d79e40627fda7ee3681f167524c2f94e0cb3a10	52	117	228	840	19062	0
resource-exists_rows-002	contracts/map-filter-query-v0.2/resource-inputs/exists_rows.jcs	sha256:fc85b623ace32f9765bd601daad54904ba7c45bac42d99bdc79823dff19ff0de	sha256:535c65472591c5717ccd2e0ff08199fcdbbf3be67c2963f65a92f307d5933be9	contracts/core-field-origin-v0.1/records/resource-exists_rows-002.jcs	sha256:2cfa2c81bc5c58a6f252715b701dd1847d631dda4ee0e41ff72138d86333fc38	52	117	228	840	19060	0
resource-exists_rows-003	contracts/map-filter-query-v0.2/resource-inputs/exists_rows.jcs	sha256:fc85b623ace32f9765bd601daad54904ba7c45bac42d99bdc79823dff19ff0de	sha256:5fcb460b8b0846c27616f9f381e3a9f6b979a1a472f59330a76ffec609ccc406	contracts/core-field-origin-v0.1/records/resource-exists_rows-003.jcs	sha256:82ba236a535761b3eaa04534fe5553bc429610a5f2a9b0e47494bb420ba5ff80	52	117	228	840	19066	0
resource-exists_rows-004	contracts/map-filter-query-v0.2/resource-inputs/exists_rows.jcs	sha256:fc85b623ace32f9765bd601daad54904ba7c45bac42d99bdc79823dff19ff0de	sha256:7e3709f9a5a298ede8cbb7d7f97d4fc118cdd0828141f6966c9dc7c75cca9aba	contracts/core-field-origin-v0.1/records/resource-exists_rows-004.jcs	sha256:ab14192211a7608e20006c39298c6a05098539a4f860097acd330e59eb291bdd	52	117	228	840	19064	0
resource-exists_rows-005	contracts/map-filter-query-v0.2/resource-inputs/exists_rows.jcs	sha256:fc85b623ace32f9765bd601daad54904ba7c45bac42d99bdc79823dff19ff0de	sha256:91cc93beeb71cd7943b533928bb1e7ea2e3f44e1ed0b34a9588fd245efcd1095	contracts/core-field-origin-v0.1/records/resource-exists_rows-005.jcs	sha256:c78b2f90bc25a9a7838d8ce95cf6e399037c434b77c67e3778aefc233b5dd638	52	117	228	840	19066	0
resource-exists_rows-006	contracts/map-filter-query-v0.2/resource-inputs/exists_rows.jcs	sha256:fc85b623ace32f9765bd601daad54904ba7c45bac42d99bdc79823dff19ff0de	sha256:d89856bd5e724d66d696c87b814bd11b8a3de1758d2fa5c2ffbb036cb4e991fc	contracts/core-field-origin-v0.1/records/resource-exists_rows-006.jcs	sha256:53dbc2638eb19c6b8ba7ae71d7fd684629db16889052a92e339dc20a8d12258a	52	117	228	840	19062	0
resource-exists_rows-007	contracts/map-filter-query-v0.2/resource-inputs/exists_rows.jcs	sha256:fc85b623ace32f9765bd601daad54904ba7c45bac42d99bdc79823dff19ff0de	sha256:e326f42db180af0bc3560bd1802223ea6d58fbcf50b467c2d8f5d6cd199500a6	contracts/core-field-origin-v0.1/records/resource-exists_rows-007.jcs	sha256:cf4af5af1637cf9afff1c6f20eea095d0f158290d8a5edc85a2067def7f0ef8d	52	117	228	840	19057	0
resource-huge-input-000	contracts/map-filter-query-v0.2/resource-inputs/huge-input.jcs	sha256:7ddedb4418b5ab18a56d36e1aa013908571daa95c4cd6306c5b49888911d26d0	sha256:103b3ce19a2794a799ce26dad73842948d1957eabd2dbf37a8c7f57db64544fb	contracts/core-field-origin-v0.1/records/resource-huge-input-000.jcs	sha256:7e61a5168581d5d7a191c4b567439e9b6c355e47d38ab4bac0a9a67b89f8f703	52	117	228	840	19057	0
resource-huge-input-001	contracts/map-filter-query-v0.2/resource-inputs/huge-input.jcs	sha256:7ddedb4418b5ab18a56d36e1aa013908571daa95c4cd6306c5b49888911d26d0	sha256:2daa0825868e71756ee0cbd889176d5fa2b653b7cbeedf19053a48e35ffb8399	contracts/core-field-origin-v0.1/records/resource-huge-input-001.jcs	sha256:7263603c8f15b24a50114e396e34638d93bb7aeaa28bf5a95cfe396d1fa9c80e	52	117	228	840	19060	0
resource-huge-input-002	contracts/map-filter-query-v0.2/resource-inputs/huge-input.jcs	sha256:7ddedb4418b5ab18a56d36e1aa013908571daa95c4cd6306c5b49888911d26d0	sha256:311cb1ef42fdd440e16f257e15305a0edd5f91eb8b04dd74faf871d8767605c5	contracts/core-field-origin-v0.1/records/resource-huge-input-002.jcs	sha256:46ccb7d4a15e9dc931ba7a0b5a1f73dbeca1f15257c008bb572d368812ddddee	52	117	228	840	19064	0
resource-huge-input-003	contracts/map-filter-query-v0.2/resource-inputs/huge-input.jcs	sha256:7ddedb4418b5ab18a56d36e1aa013908571daa95c4cd6306c5b49888911d26d0	sha256:7c71565f9d30e2443a380c37fbfbc25917f59489000e92bb533790a673104b55	contracts/core-field-origin-v0.1/records/resource-huge-input-003.jcs	sha256:be8c8fb893cad629560e14edab8d5c722e2d9b97046c2602422336a8e5ce03c9	52	117	228	840	19062	0
resource-huge-input-004	contracts/map-filter-query-v0.2/resource-inputs/huge-input.jcs	sha256:7ddedb4418b5ab18a56d36e1aa013908571daa95c4cd6306c5b49888911d26d0	sha256:a4f4aa4915b49a1f65f03a13f653803cc1ade84bdb70a879c801f34cac7c67f9	contracts/core-field-origin-v0.1/records/resource-huge-input-004.jcs	sha256:c0a530c03b3063d1dd2cf9f36a818c7fcec9daaa20305fd447852c4b19d4a198	52	117	228	840	19066	0
resource-huge-input-005	contracts/map-filter-query-v0.2/resource-inputs/huge-input.jcs	sha256:7ddedb4418b5ab18a56d36e1aa013908571daa95c4cd6306c5b49888911d26d0	sha256:b7e1a7783073187fc73435461bb05300ea250e7035562d5c518526b43090b56f	contracts/core-field-origin-v0.1/records/resource-huge-input-005.jcs	sha256:b53e9ad137def47ffddfc2d2ee674a67503d11de7d619f86c746369c2ad13b66	52	117	228	840	19066	0
resource-huge-input-006	contracts/map-filter-query-v0.2/resource-inputs/huge-input.jcs	sha256:7ddedb4418b5ab18a56d36e1aa013908571daa95c4cd6306c5b49888911d26d0	sha256:bf4f7be09f158884e5b67c0ee5ba3d204bc3d04448a9925ef264141d7bb05a14	contracts/core-field-origin-v0.1/records/resource-huge-input-006.jcs	sha256:4e544772ac449a5f405212d500a45b5a10c58f07ff606dc2d5660c150ea05bc4	52	117	228	840	19062	0
resource-huge-input-007	contracts/map-filter-query-v0.2/resource-inputs/huge-input.jcs	sha256:7ddedb4418b5ab18a56d36e1aa013908571daa95c4cd6306c5b49888911d26d0	sha256:d09bd2fce1c4e8f0ea00966f078d11b3f1448763b114f33609b48c4eef95da7e	contracts/core-field-origin-v0.1/records/resource-huge-input-007.jcs	sha256:4f0cd2b3e02e127fd519d94e8b5aec790a5ffec099ad69d140b4a3b129f3301e	52	117	228	840	19062	0
resource-sum_where-000	contracts/map-filter-query-v0.2/resource-inputs/sum_where.jcs	sha256:6dd51a10060e4bd764931c5765860db4317e69e9291ac473ccb31da803b25cc4	sha256:027671d35e49dc6ccedafae5c72590753323ddaaeae3645f0dee94a666f6a14f	contracts/core-field-origin-v0.1/records/resource-sum_where-000.jcs	sha256:6ff43fdedd165e1a4aff4d6cd9bee0baae80aa8e09ac191594766b82d86e64ab	52	117	228	840	19062	0
resource-sum_where-001	contracts/map-filter-query-v0.2/resource-inputs/sum_where.jcs	sha256:6dd51a10060e4bd764931c5765860db4317e69e9291ac473ccb31da803b25cc4	sha256:11309f92109e34a926d20c27edf4c032ba24ca36eb5db25a4671ec527fce1f3d	contracts/core-field-origin-v0.1/records/resource-sum_where-001.jcs	sha256:dcb2a61e3c216e2e5a239772531b3d59fcb8834e77594a11e80205172781f789	52	117	228	840	19057	0
resource-sum_where-002	contracts/map-filter-query-v0.2/resource-inputs/sum_where.jcs	sha256:6dd51a10060e4bd764931c5765860db4317e69e9291ac473ccb31da803b25cc4	sha256:33e0ee2910bd959b983999819b91f5b0dd208ad9fb72ca363aa1c3acadc0a847	contracts/core-field-origin-v0.1/records/resource-sum_where-002.jcs	sha256:94fca3cb3fba787c84cc1767d253215e6024f6e4f944463c365b0e5401a2e614	52	117	228	840	19060	0
resource-sum_where-003	contracts/map-filter-query-v0.2/resource-inputs/sum_where.jcs	sha256:6dd51a10060e4bd764931c5765860db4317e69e9291ac473ccb31da803b25cc4	sha256:3e82f58c3c37df84b612935c7b813b59c85247d8eb6b19c9c589ce2dd9a1fa11	contracts/core-field-origin-v0.1/records/resource-sum_where-003.jcs	sha256:3cf2dbd19ca371e063c31fcec05eeb8a603b6f822bea230413d4c9eadaf0fee0	52	117	228	840	19066	0
resource-sum_where-004	contracts/map-filter-query-v0.2/resource-inputs/sum_where.jcs	sha256:6dd51a10060e4bd764931c5765860db4317e69e9291ac473ccb31da803b25cc4	sha256:541c733cd81df190fc0b41aaa8ca442d87dc3b6ec65378961d5a0face24d4fc9	contracts/core-field-origin-v0.1/records/resource-sum_where-004.jcs	sha256:cf7fe713f85deb45916e81ec24809fcf7ce4d8afad4297b48663a6ff8132f495	52	117	228	840	19064	0
resource-sum_where-005	contracts/map-filter-query-v0.2/resource-inputs/sum_where.jcs	sha256:6dd51a10060e4bd764931c5765860db4317e69e9291ac473ccb31da803b25cc4	sha256:7d701aee31b381051d184c433f839d8c1ee8eb54d7c8276463b30d42ac43fd90	contracts/core-field-origin-v0.1/records/resource-sum_where-005.jcs	sha256:8a688260e433d0f3529df90296952bd1e54497eb688480e2d2e35c8926c02a3c	52	117	228	840	19066	0
resource-sum_where-006	contracts/map-filter-query-v0.2/resource-inputs/sum_where.jcs	sha256:6dd51a10060e4bd764931c5765860db4317e69e9291ac473ccb31da803b25cc4	sha256:7f30f7870d0cd0400df24d2ddff17afa1ec472d8155b8357978b3c6f0ed28a9d	contracts/core-field-origin-v0.1/records/resource-sum_where-006.jcs	sha256:6cf9ff8b893fd135a3cf8c22f6a814bc0800d0d03c699c53db0854e937e55efa	52	117	228	840	19062	0
resource-sum_where-007	contracts/map-filter-query-v0.2/resource-inputs/sum_where.jcs	sha256:6dd51a10060e4bd764931c5765860db4317e69e9291ac473ccb31da803b25cc4	sha256:a048e82754c5649c5a474b636048de8c4a58f4597b06717b72df8cc8b37c0502	contracts/core-field-origin-v0.1/records/resource-sum_where-007.jcs	sha256:a0929bb05dd825b49f37b15c95aef4549aac983c1d27317c47c4d9eea84524f2	52	117	228	840	19062	0
nested-expansion-000	contracts/map-filter-query-v0.1/resource-inputs/nested-expansion.jcs	sha256:bc141011a85abc32b29a26a4ab9320b9fef4eb639d1ab45ea3a3c0e38b5e031f	sha256:3071d8d7ac9921c96822ac3fa3a153b5801bb0515b78dd7db4739d22dc540e6e	contracts/core-field-origin-v0.1/records/nested-expansion-000.jcs	sha256:2617f55a264b551721543f7ed55482bd630ee96a93d9dde9e31b64e764ff093f	52	117	228	840	19060	0
nested-expansion-001	contracts/map-filter-query-v0.1/resource-inputs/nested-expansion.jcs	sha256:bc141011a85abc32b29a26a4ab9320b9fef4eb639d1ab45ea3a3c0e38b5e031f	sha256:61a767be0a5b84db2783e1cc575349ed2192d6adaa96bb20b63958bd3e4e33e2	contracts/core-field-origin-v0.1/records/nested-expansion-001.jcs	sha256:f2ed881c3f8feca79f584643d69aedb598e79c8b59112422dd33bf1197fd700c	52	117	228	840	19066	0
nested-expansion-002	contracts/map-filter-query-v0.1/resource-inputs/nested-expansion.jcs	sha256:bc141011a85abc32b29a26a4ab9320b9fef4eb639d1ab45ea3a3c0e38b5e031f	sha256:62a819cc70a0cc11ce65136905562f64aa02d3346fc0ebcd9bcf7aa1f0e80c54	contracts/core-field-origin-v0.1/records/nested-expansion-002.jcs	sha256:c25528e781ba2c69f51d159c625f151240f733f90c09403b57dd31eed4cd56e3	52	117	228	840	19057	0
nested-expansion-003	contracts/map-filter-query-v0.1/resource-inputs/nested-expansion.jcs	sha256:bc141011a85abc32b29a26a4ab9320b9fef4eb639d1ab45ea3a3c0e38b5e031f	sha256:68679c447a92f4e588283f3c1b3980bb6b00c7b7345c727c20c37442adcee44f	contracts/core-field-origin-v0.1/records/nested-expansion-003.jcs	sha256:8663b8ea3545def431e61d1f6893d1c3c95d51902a10a9c6659ae500ae606f97	52	117	228	840	19062	0
nested-expansion-004	contracts/map-filter-query-v0.1/resource-inputs/nested-expansion.jcs	sha256:bc141011a85abc32b29a26a4ab9320b9fef4eb639d1ab45ea3a3c0e38b5e031f	sha256:93a1a9689b7145fbfb1ae7c63a3f37c6fa73d1c677772ba41a5f4ee105e99e46	contracts/core-field-origin-v0.1/records/nested-expansion-004.jcs	sha256:927ee2a5023c1bf7fba64e8cb72040f992f4be94f22c9b0c185a99abfb144407	52	117	228	840	19062	0
nested-expansion-005	contracts/map-filter-query-v0.1/resource-inputs/nested-expansion.jcs	sha256:bc141011a85abc32b29a26a4ab9320b9fef4eb639d1ab45ea3a3c0e38b5e031f	sha256:98e17c500f2e7750fea6f9ce72001b120f4b4f15cb503f1e9f0e3b7d6b26c359	contracts/core-field-origin-v0.1/records/nested-expansion-005.jcs	sha256:12117b38a7e6d5a4bada6caa76e300af04339dcde56a95bac65a1b6452e77ff7	52	117	228	840	19066	0
nested-expansion-006	contracts/map-filter-query-v0.1/resource-inputs/nested-expansion.jcs	sha256:bc141011a85abc32b29a26a4ab9320b9fef4eb639d1ab45ea3a3c0e38b5e031f	sha256:a8c00a35ff4c5b1841146a7fb94823e351c2cdfdafcd4aaed0e1661565537a5e	contracts/core-field-origin-v0.1/records/nested-expansion-006.jcs	sha256:868102afa5a9ca149062f6c6206867498cb8e64cefba7d544273c5eede70965a	52	117	228	840	19062	0
nested-expansion-007	contracts/map-filter-query-v0.1/resource-inputs/nested-expansion.jcs	sha256:bc141011a85abc32b29a26a4ab9320b9fef4eb639d1ab45ea3a3c0e38b5e031f	sha256:bebab78296662661ca31dda63dfad2137e055af914d85b02f87c39666fdcc2fe	contracts/core-field-origin-v0.1/records/nested-expansion-007.jcs	sha256:1a300e2382976efd0fe854a085c8489d23b2b70b826635e650424284323dd80a	52	117	228	840	19064	0
origin-constant-000	contracts/core-field-origin-v0.1/inputs/constant.jcs	sha256:8e03a49ae4aa49f9eb5755e6a3d90c59a559dc586859a2542ef71095e3968d19	sha256:3d15c840f69ed875bf550811013dd205bd5d9b730655130133cc1de06a2908a3	contracts/core-field-origin-v0.1/records/origin-constant-000.jcs	sha256:cf5306fd700af3b0a68c661e6a15307e06998c1affba5f8584a44ec2e3df887e	39	66	183	396	13203	0
origin-constant-001	contracts/core-field-origin-v0.1/inputs/constant.jcs	sha256:8e03a49ae4aa49f9eb5755e6a3d90c59a559dc586859a2542ef71095e3968d19	sha256:95d560862c2459e574151d66dc0413e43cc46faabe3355006c3b9f9364734603	contracts/core-field-origin-v0.1/records/origin-constant-001.jcs	sha256:e9b264c3f4dbc96faf4236f01dfffd58e731223814e15ba8e2ed60cfe3d99720	39	66	183	396	13211	0
origin-direct-secret-000	contracts/core-field-origin-v0.1/inputs/direct-secret.jcs	sha256:6d015f1a83a6020ca04fd5178f04f29deefb167b684c854be89e87bce11acdfc	sha256:72decaa13734dd4d4373087bcfdb15c992f863a62751a46dab86b57337ceb458	contracts/core-field-origin-v0.1/records/origin-direct-secret-000.jcs	sha256:0267eff0d47fd8b5d9a54c16165279fa5a7f51528feb687262d2fd0598a16dcc	40	71	187	432	13693	1
origin-direct-secret-001	contracts/core-field-origin-v0.1/inputs/direct-secret.jcs	sha256:6d015f1a83a6020ca04fd5178f04f29deefb167b684c854be89e87bce11acdfc	sha256:e10ca0ef884419b3ac1d869f233b1e3d6132d1b52ffbe59a45e34b7f06a6fe1d	contracts/core-field-origin-v0.1/records/origin-direct-secret-001.jcs	sha256:f111c097fcc7861f6c828f0b3efccdc8fed48bee617fd78f92dd7f205f5aa070	40	71	187	432	13679	1
origin-same-branches-000	contracts/core-field-origin-v0.1/inputs/same-branches.jcs	sha256:9a4c9a6baee5ef755a4cd40a794c0d65e4130547ec5b93bb581de55e98aa877d	sha256:489ac1c268da0dbc19b59a2bcee945425a88361921bcf5d08a7c289123ea552a	contracts/core-field-origin-v0.1/records/origin-same-branches-000.jcs	sha256:d67ccf0b11251015cbf7adf972efd53b377e01157d3b639b159fa6a6dd9e67a0	45	81	207	651	15589	1
origin-same-branches-001	contracts/core-field-origin-v0.1/inputs/same-branches.jcs	sha256:9a4c9a6baee5ef755a4cd40a794c0d65e4130547ec5b93bb581de55e98aa877d	sha256:c30af3a20e5baf27cbcd863a09c10d1fec76f9f1fb9531d1fa3ed7e89d913ffc	contracts/core-field-origin-v0.1/records/origin-same-branches-001.jcs	sha256:63b27e64311a04059de365f2947eef1c884c95d85a341840b46c72fb64befc8d	45	81	207	651	15575	1
origin-dead-branch-000	contracts/core-field-origin-v0.1/inputs/dead-branch.jcs	sha256:4eeb6b2864b09d2f3297056d19f01abcaf0c6e78b55a3b6f4b5d1207a8efc792	sha256:273bd7b429ce5ee0e9c169f48559def5ef9133ca36fea775fe43861537c2a0b9	contracts/core-field-origin-v0.1/records/origin-dead-branch-000.jcs	sha256:f036f692c793e6f9215b128e1dfda1c8077cbe50d3ce6063f5138423e1c404a4	43	77	199	546	14802	1
origin-dead-branch-001	contracts/core-field-origin-v0.1/inputs/dead-branch.jcs	sha256:4eeb6b2864b09d2f3297056d19f01abcaf0c6e78b55a3b6f4b5d1207a8efc792	sha256:8974342945e3c03af7edbacfaf00df712fba057a52803567cdd666d70602aeb8	contracts/core-field-origin-v0.1/records/origin-dead-branch-001.jcs	sha256:7a7d676e1250e6a286ff30afabba23bb773392ce1c09777c6d76c2c0d5be07a9	43	77	199	546	14816	1
origin-x-minus-x-000	contracts/core-field-origin-v0.1/inputs/x-minus-x.jcs	sha256:5abcf7e5f30f21157002caf48356f3604ba22da67d6bf7b853d9fbc4c250e3ab	sha256:4294238e804043e9140690ad49ccbaac5fbe67c8d41df727a18ae12c6ecb69d9	contracts/core-field-origin-v0.1/records/origin-x-minus-x-000.jcs	sha256:0655cc42bcf86159645cc7e082bab5d116600ff7c91c2fedfe072c1fc7f65a24	43	80	199	552	14918	1
origin-x-minus-x-001	contracts/core-field-origin-v0.1/inputs/x-minus-x.jcs	sha256:5abcf7e5f30f21157002caf48356f3604ba22da67d6bf7b853d9fbc4c250e3ab	sha256:92040c6d06dcaa29e6ef5bdaf4f34095c85065046c710aae319a8c7911a49a43	contracts/core-field-origin-v0.1/records/origin-x-minus-x-001.jcs	sha256:873111f23cc4a3e5286942e7bf4d38854906e1fade676e9291233b2d76df1baa	43	80	199	552	14904	1
origin-strict-and-000	contracts/core-field-origin-v0.1/inputs/strict-and.jcs	sha256:677505b436208498a89306c42cd6e653a0fbc0ac47813924ceaecc3c61cc65a0	sha256:820c35501ca089f54a21a875c2d357c48861ba0bf8b41694c469d98eb622b8e4	contracts/core-field-origin-v0.1/records/origin-strict-and-000.jcs	sha256:ea7f44a6273220af47aa92bf53811bbe0cec535d91f62d42f6ddcb3cbdc1c3bf	44	79	203	627	15227	1
origin-strict-and-001	contracts/core-field-origin-v0.1/inputs/strict-and.jcs	sha256:677505b436208498a89306c42cd6e653a0fbc0ac47813924ceaecc3c61cc65a0	sha256:bb5aa39ae452a41993a054e067582a9f31a182a7e72601371b479006c39b6c7b	contracts/core-field-origin-v0.1/records/origin-strict-and-001.jcs	sha256:fd990ff59fdeba6c3ee1dc89107a6cfff47664860992703f6f15cd34c9759eeb	44	79	203	627	15213	1
origin-strict-or-000	contracts/core-field-origin-v0.1/inputs/strict-or.jcs	sha256:7da9129d621765ec5cce47bb238fafb73c13ee701c8fce76aff646f60a408a2b	sha256:8f76002b6cf91dfa518908db7716175e83bcd8f6616b2f8a90006bd6df4f529c	contracts/core-field-origin-v0.1/records/origin-strict-or-000.jcs	sha256:85b113a47d5f84d274a955cb9c78daed996462b61af8562d572a3082cc1f6cc3	44	79	203	627	15212	1
origin-strict-or-001	contracts/core-field-origin-v0.1/inputs/strict-or.jcs	sha256:7da9129d621765ec5cce47bb238fafb73c13ee701c8fce76aff646f60a408a2b	sha256:ee28f8159278ebebac7feb415f7038cfcb260d6037808ddf7a057661ca09fc18	contracts/core-field-origin-v0.1/records/origin-strict-or-001.jcs	sha256:cf52dd41a132867f17fafe76055c4814479b02423b127cf07263a9a642bed2dd	44	79	203	627	15226	1
origin-not-secret-000	contracts/core-field-origin-v0.1/inputs/not-secret.jcs	sha256:09bc9052b625252972966723761ea158682c0c143293a5b52a3235a7d848bca7	sha256:1dac00b8ee462d6918f655cd903bfff64eb93017064a8a9094bba863c5c0b512	contracts/core-field-origin-v0.1/records/origin-not-secret-000.jcs	sha256:77bdaf570efcf21dd28cffd52769d26f225df8159607977878acd0f2c865db9b	43	77	199	567	14830	1
origin-not-secret-001	contracts/core-field-origin-v0.1/inputs/not-secret.jcs	sha256:09bc9052b625252972966723761ea158682c0c143293a5b52a3235a7d848bca7	sha256:9cdd67e188009e43e8e3841128ec0d7ca026dbfed5f529aa63976d8020bc1dca	contracts/core-field-origin-v0.1/records/origin-not-secret-001.jcs	sha256:7428ab3f947ff599943649cebfb5b9a43554cb10e646130e8a2e068646079ba5	43	77	199	567	14816	1
origin-compare-eq-000	contracts/core-field-origin-v0.1/inputs/compare-eq.jcs	sha256:b3cd43b081bb90ac4aba5078b0758c19d8f67103eceff8e18d472d1f58e7fafb	sha256:566a01ba238466ddb6fe8e62cffbcf56fc33712c36f1b45842ad3f95d8af869c	contracts/core-field-origin-v0.1/records/origin-compare-eq-000.jcs	sha256:5f9c67136c38de50984085f8d4f9c836a11e660eef18ce939591ff8e29376a39	42	75	195	508	14437	1
origin-compare-eq-001	contracts/core-field-origin-v0.1/inputs/compare-eq.jcs	sha256:b3cd43b081bb90ac4aba5078b0758c19d8f67103eceff8e18d472d1f58e7fafb	sha256:f1a76cc494740717cadd9acc4ea8ae8351aaf4bb00f0cfec7ad524d5b4cf9ead	contracts/core-field-origin-v0.1/records/origin-compare-eq-001.jcs	sha256:4426b67bce0ea017cbc385403588da52ce24f5611d41cbf30679406d7de89f8f	42	75	195	508	14423	1
origin-compare-lt-000	contracts/core-field-origin-v0.1/inputs/compare-lt.jcs	sha256:e6b9f3ed1a5a83edec4c945b5e08c2b041e609d6905ded5d33666c6711ad353a	sha256:709519a1ba9d552f5cfc9240fc33d08003c7ee0c47518507b4d46769d084c37f	contracts/core-field-origin-v0.1/records/origin-compare-lt-000.jcs	sha256:d77a9314eee9a694249ba1887891c45a88a0b16f2b005f9a55d890db52117fbf	42	75	195	508	14437	1
origin-compare-lt-001	contracts/core-field-origin-v0.1/inputs/compare-lt.jcs	sha256:e6b9f3ed1a5a83edec4c945b5e08c2b041e609d6905ded5d33666c6711ad353a	sha256:9e499f8d5831fc90ea0b9d9a0ab3728c831c2335d5e053315e18b4e3cc098856	contracts/core-field-origin-v0.1/records/origin-compare-lt-001.jcs	sha256:24fa9fd510aea30c30ed2a7ccfeea16305a67bf34e2b2ae149f50c566bc072a1	42	75	195	508	14423	1
origin-compare-le-000	contracts/core-field-origin-v0.1/inputs/compare-le.jcs	sha256:2d06f221d8b80a135626ed4d55ebe62b369c5d93aed007a0791d99a863ddad8e	sha256:a276e43ef0cecb0c2cc18785bb20e1baf9c414db8323a259e290f4947b9ca3d9	contracts/core-field-origin-v0.1/records/origin-compare-le-000.jcs	sha256:731843e4a904ebc16d116c50b5ba79d887c924f7c5f16b22ab464804998b70fa	42	75	195	508	14423	1
origin-compare-le-001	contracts/core-field-origin-v0.1/inputs/compare-le.jcs	sha256:2d06f221d8b80a135626ed4d55ebe62b369c5d93aed007a0791d99a863ddad8e	sha256:e50b93b8b21eec92749d29fcb2873f9af645d1bb16fab74f03546217db0c2624	contracts/core-field-origin-v0.1/records/origin-compare-le-001.jcs	sha256:6e070febc955fb2325411b35a1b1396d35505d70e933c8abf88a3aed5ed795d4	42	75	195	508	14437	1
origin-compare-gt-000	contracts/core-field-origin-v0.1/inputs/compare-gt.jcs	sha256:e7a4eddc8e16521c450e9996f26d0e5e882f3268e03e4ea39d48e19c92123878	sha256:106b640cf0b5ac7469bd6de7c52b3c4b09e816a9bcccb7a7e5f30674212a7039	contracts/core-field-origin-v0.1/records/origin-compare-gt-000.jcs	sha256:133d08fad24ee09236db657b82f852650ff6c965a58a3fe4b25a4805a78ae55a	42	75	195	508	14437	1
origin-compare-gt-001	contracts/core-field-origin-v0.1/inputs/compare-gt.jcs	sha256:e7a4eddc8e16521c450e9996f26d0e5e882f3268e03e4ea39d48e19c92123878	sha256:92b6fb07c851db40dc1d7871ca49a93cb5c0e958fbd03170bde3a2ca1efc4fdb	contracts/core-field-origin-v0.1/records/origin-compare-gt-001.jcs	sha256:a60c3027ff2e7ec838b03d0c5bd2a20892b1e4d266bdcbea26eecc95aa4d373f	42	75	195	508	14423	1
origin-compare-ge-000	contracts/core-field-origin-v0.1/inputs/compare-ge.jcs	sha256:ad9259d51fe044658c7cbc9f34edbda71704364daec1b0b9446a4dbd0b606b9a	sha256:87ae4bdae82fa166a1978f89ffa4f73bcbf98f8c9a6986042e8a814341d86c3c	contracts/core-field-origin-v0.1/records/origin-compare-ge-000.jcs	sha256:10c57cddb226714782dfebbc0a7366ef5a61953d06a6e916b580d94ac512347d	42	75	195	508	14437	1
origin-compare-ge-001	contracts/core-field-origin-v0.1/inputs/compare-ge.jcs	sha256:ad9259d51fe044658c7cbc9f34edbda71704364daec1b0b9446a4dbd0b606b9a	sha256:fb51f51b59e6a24f3307a7c241dde88a5d85bd387b95bdb310bd1c551a527b34	contracts/core-field-origin-v0.1/records/origin-compare-ge-001.jcs	sha256:e221d0e5e0c85dcf9ed12819351eab37031aa7652890cb1dc488982691b04ac6	42	75	195	508	14423	1
origin-int_add-000	contracts/core-field-origin-v0.1/inputs/int_add.jcs	sha256:06e1cc3e1f6523b85f2367611ed3a014e4cdc9a2a7af222761b0e29899f42b23	sha256:087243c5fcad2ddde46aca387bf99ac2c1c735fa48cdd7fe162bcab3ebdffefc	contracts/core-field-origin-v0.1/records/origin-int_add-000.jcs	sha256:20c7083955026cf486763fecba095bedacd4405124cb916e2916ae710556b845	43	80	199	574	14940	1
origin-int_add-001	contracts/core-field-origin-v0.1/inputs/int_add.jcs	sha256:06e1cc3e1f6523b85f2367611ed3a014e4cdc9a2a7af222761b0e29899f42b23	sha256:8bc4113c73025cfc2600583dbd47ffe0c71b492c0e57489232328e3d2c4db0e0	contracts/core-field-origin-v0.1/records/origin-int_add-001.jcs	sha256:597920b9ca165a3e9766997ee59ccf158328454c06c236cfb033683806030c0f	43	80	199	574	14926	1
origin-fixed_add-000	contracts/core-field-origin-v0.1/inputs/fixed_add.jcs	sha256:3c59d2c0fbeccdee8c250b58c3b062159e1a717df6791552158a3459b6220e2f	sha256:70663469c698e95f09a2d8ddca9f3efcf4bb1a79123139ac31b891e8464d5523	contracts/core-field-origin-v0.1/records/origin-fixed_add-000.jcs	sha256:50d497646163b49e2c08460b9471292570b7026425b993b0fdb65ecb084db2a9	43	80	199	574	14926	1
origin-fixed_add-001	contracts/core-field-origin-v0.1/inputs/fixed_add.jcs	sha256:3c59d2c0fbeccdee8c250b58c3b062159e1a717df6791552158a3459b6220e2f	sha256:aa577055518ff7a173bc22b510616cdb3b74bd0d33831dec7a66388bbd940aef	contracts/core-field-origin-v0.1/records/origin-fixed_add-001.jcs	sha256:07c1fe6516cdfa4e0d4ab9b6629e2433a2edda64c958c4f822c07eae4ff9802e	43	80	199	574	14940	1
origin-fixed_sub-000	contracts/core-field-origin-v0.1/inputs/fixed_sub.jcs	sha256:91c01ea437e2029ab6cf31e12fcc136c4819bc1452b9bea17a6489f283ff87ea	sha256:26bfe609644e25dea879482529209181c2230ab39bc706756b2937d59ad8b6de	contracts/core-field-origin-v0.1/records/origin-fixed_sub-000.jcs	sha256:e5a301aeff43fd0542fd249978ebdd0968a204fcb5d93bb146d89259ca61f268	43	80	199	552	14918	1
origin-fixed_sub-001	contracts/core-field-origin-v0.1/inputs/fixed_sub.jcs	sha256:91c01ea437e2029ab6cf31e12fcc136c4819bc1452b9bea17a6489f283ff87ea	sha256:36c18d417cd8e6909d6fa125872a6572dc8a27ca105ab55f84fa20bd647e7865	contracts/core-field-origin-v0.1/records/origin-fixed_sub-001.jcs	sha256:e823ffcee60b25880b8352671220ab7d6e0993d00b3c838658331a5bbe150ac5	43	80	199	552	14904	1
origin-pre-false-000	contracts/core-field-origin-v0.1/inputs/pre-false.jcs	sha256:9638c043883ce68d2d182525dd74eca752f397f0a9717c7d2c2f149541b05c8a	sha256:4243bd9ac075ae79b5045a7df9e7d6389462c8c69e20b8ff5c88e0d90de72ee1	contracts/core-field-origin-v0.1/records/origin-pre-false-000.jcs	sha256:88f8d78aab8281c6fdf0a719b5508048f85580c3de0e5d2ad5b327f3ac998ba1	40	71	187	432	13693	1
origin-pre-false-001	contracts/core-field-origin-v0.1/inputs/pre-false.jcs	sha256:9638c043883ce68d2d182525dd74eca752f397f0a9717c7d2c2f149541b05c8a	sha256:694a3bbdf72640ffc1d3a2f4d518579b9303b301f1a15405c1886d069c291857	contracts/core-field-origin-v0.1/records/origin-pre-false-001.jcs	sha256:7c0642b9997c4cb3d99fcc2d94bd07855f4a43d25aad025e5ee8540ae2f68e68	40	71	187	432	13679	1
origin-zero-capacity-000	contracts/core-field-origin-v0.1/inputs/zero-capacity.jcs	sha256:85ccd3e0055a2f50822e68d1c79f04b90402dc821b9f22007b1eb4e17952b4a4	sha256:3f726eb1652d7279448e176e3019676ac31150a14368c33331e0e25d02c8cc05	contracts/core-field-origin-v0.1/records/origin-zero-capacity-000.jcs	sha256:294b29a784d50a46e2310148020893b1dbc2063318c7877e227c55b628cd978e	40	71	187	432	13679	1
origin-zero-capacity-001	contracts/core-field-origin-v0.1/inputs/zero-capacity.jcs	sha256:85ccd3e0055a2f50822e68d1c79f04b90402dc821b9f22007b1eb4e17952b4a4	sha256:69ee554655b482c005c5ac90af41400b6e1178c0647e54e8d353c1afba811990	contracts/core-field-origin-v0.1/records/origin-zero-capacity-001.jcs	sha256:fbbe9824052c9e90a6ebe7bf1826e30c9069cb2f9638fc269726872cfcc52a42	40	71	187	432	13693	1
origin-huge-capacity-000	contracts/core-field-origin-v0.1/inputs/huge-capacity.jcs	sha256:b3d57117f0135088ff85a248eb9f119fb2c2ce10c5f4ccb1aa20287f309af1c2	sha256:343070f1e308fa07ebf07830bd96c34d7aa9fe3ad74af3b7fd2e5630bac11d62	contracts/core-field-origin-v0.1/records/origin-huge-capacity-000.jcs	sha256:f64a1212663dd1b0d232902111e77e601ed04455411293107809367bfd46a04e	40	71	187	432	13693	1
origin-huge-capacity-001	contracts/core-field-origin-v0.1/inputs/huge-capacity.jcs	sha256:b3d57117f0135088ff85a248eb9f119fb2c2ce10c5f4ccb1aa20287f309af1c2	sha256:5540a0d6b3b2447518298494a6569bc8c02bed7cc4db15e2a23cda1eaaa44b9d	contracts/core-field-origin-v0.1/records/origin-huge-capacity-001.jcs	sha256:3869cc1aea20b4da6d684fd9f1230ef403282878e42d8e5ab71222b08422f32d	40	71	187	432	13679	1
origin-aliases-000	contracts/core-field-origin-v0.1/inputs/aliases.jcs	sha256:9c33b1ed70cb0e517ed713d0f6386d13be2f0f86562f2e64da11bd6add466d24	sha256:10506fd0c9fadbae553e371f97d240133b23adf6529c1e59f61fd15ea118eda0	contracts/core-field-origin-v0.1/records/origin-aliases-000.jcs	sha256:ad3ed5798d012f8f2289a8dd387196578a1c31062069a1ca5b45c4a7993b000f	40	71	187	432	13679	1
origin-aliases-001	contracts/core-field-origin-v0.1/inputs/aliases.jcs	sha256:9c33b1ed70cb0e517ed713d0f6386d13be2f0f86562f2e64da11bd6add466d24	sha256:79f338953ca8713158a9e450566c3871ce5825bbf0f2cca377ee8d2186dd426b	contracts/core-field-origin-v0.1/records/origin-aliases-001.jcs	sha256:077dd9b32a535dd012af88f4c75604fb996cbd238243c69426ecbc95b589bd16	40	71	187	432	13711	1
origin-aliases-002	contracts/core-field-origin-v0.1/inputs/aliases.jcs	sha256:9c33b1ed70cb0e517ed713d0f6386d13be2f0f86562f2e64da11bd6add466d24	sha256:94afe2029c2c821327b76369be6afd770a92249aa2a1ed50b5a8713bd05ae122	contracts/core-field-origin-v0.1/records/origin-aliases-002.jcs	sha256:265317754cab9f3be5ef52c097924bbc557d33c78a4f7bdd53a889eca5efaa98	40	71	187	432	13697	1
origin-aliases-003	contracts/core-field-origin-v0.1/inputs/aliases.jcs	sha256:9c33b1ed70cb0e517ed713d0f6386d13be2f0f86562f2e64da11bd6add466d24	sha256:97af08c61271fc5cd4e276be2d9eefb24e163165b709703aa990d4d6f15638fd	contracts/core-field-origin-v0.1/records/origin-aliases-003.jcs	sha256:842417ab019602f9dd56a4b9dcd04f9452d6e85e43a8ac6ddc019a264a83e655	40	71	187	432	13693	1
origin-constant-after-gap-000	contracts/core-field-origin-v0.1/inputs/constant-after-gap.jcs	sha256:c3f7f1aa767bf30a01bd33b3fba4de7449c99de88daf633151b7a6b965548baa	sha256:ae01464611fa2274cd11ef6cbf164ce9363a7e7bff4d180bcdd05bcd4b6c14eb	contracts/core-field-origin-v0.1/records/origin-constant-after-gap-000.jcs	sha256:9d5bf5b5c2fcf45ecbef8eac9960395b2238742e99cd0d2d231d051785b745ac	52	91	246	588	17776	1
origin-constant-after-gap-001	contracts/core-field-origin-v0.1/inputs/constant-after-gap.jcs	sha256:c3f7f1aa767bf30a01bd33b3fba4de7449c99de88daf633151b7a6b965548baa	sha256:fb7b1e15666b9172127a09f17ed9fbd747b057479c31447f47b52f16efcb2a11	contracts/core-field-origin-v0.1/records/origin-constant-after-gap-001.jcs	sha256:7325b63b9a46de1469d1c00d97b7cdc1595c982f326dedebc3ebe6cfc26c0cea	52	91	246	588	17768	1
origin-sensitive-relabel-after-gap-000	contracts/core-field-origin-v0.1/inputs/sensitive-relabel-after-gap.jcs	sha256:8d2baff468fddc312c92856b0c497c5e5128b728b59a1c11083dae2e19ee3715	sha256:107dd8549bfa5de6c0d346fc3326e3db92c549d88c5cf99902aa5299bc8dbab5	contracts/core-field-origin-v0.1/records/origin-sensitive-relabel-after-gap-000.jcs	sha256:968eb6092ebef02de2bacd3d9868525776db882c1f94d0081b0749d0ed6336cd	53	96	250	624	18241	1
origin-sensitive-relabel-after-gap-001	contracts/core-field-origin-v0.1/inputs/sensitive-relabel-after-gap.jcs	sha256:8d2baff468fddc312c92856b0c497c5e5128b728b59a1c11083dae2e19ee3715	sha256:124de3646d47f7eac99665caaa142e43f0c71f1f88d86d669675212835ba5d06	contracts/core-field-origin-v0.1/records/origin-sensitive-relabel-after-gap-001.jcs	sha256:66b47944e5a45c2cb80b314915ee3cff409c2f91a14e3a588bfede1f2746139e	53	96	250	624	18255	1
origin-declared-sensitive-constant-000	contracts/core-field-origin-v0.1/inputs/declared-sensitive-constant.jcs	sha256:15a1bc4af5990aa8f9ed13dc0fe59f103de39e5984f2032408312a826fe9cea5	sha256:2491f8320d79231b2a588a396c459e9c351b5bec3c7f6d8620e829d5c636ce60	contracts/core-field-origin-v0.1/records/origin-declared-sensitive-constant-000.jcs	sha256:d900a168a9b39778cd5c1854358acc8b9259e414ee5bfb327ea8e472f2ac6126	52	91	246	588	17791	1
origin-declared-sensitive-constant-001	contracts/core-field-origin-v0.1/inputs/declared-sensitive-constant.jcs	sha256:15a1bc4af5990aa8f9ed13dc0fe59f103de39e5984f2032408312a826fe9cea5	sha256:f6b216eaf06a3119c0578eb48706a88d7265c2a06a4e04b4716813e24df96606	contracts/core-field-origin-v0.1/records/origin-declared-sensitive-constant-001.jcs	sha256:aaa246e609c8058c9ba6b9885d2f39354a4b32ef13e0b19840514c9100063eb6	52	91	246	588	17777	1
origin-unrelated-gap-000	contracts/core-field-origin-v0.1/inputs/unrelated-gap.jcs	sha256:c9e77d3472bd9efd00edd51c995f7e2b360598031b7ad1ccccee4538c4146b3a	sha256:0a180690e3a955ab55c09911459327598098f2b5087598fa87f9d594e257d8a9	contracts/core-field-origin-v0.1/records/origin-unrelated-gap-000.jcs	sha256:eee485ae7796d59a6fd569ffb344eaf4af1b725f78c7a8aaa86ba4bfeabaa65c	48	88	224	556	13683	1
origin-unrelated-gap-001	contracts/core-field-origin-v0.1/inputs/unrelated-gap.jcs	sha256:c9e77d3472bd9efd00edd51c995f7e2b360598031b7ad1ccccee4538c4146b3a	sha256:657ea79ca0fcfd9578902c9a8f7d11a3d389adf7e8162f4c1be1aa294006993b	contracts/core-field-origin-v0.1/records/origin-unrelated-gap-001.jcs	sha256:9fc3c7f181b07ab4cd6a76c6ec8bb3bdaacced4a09a32a9c2bbf3c37afbaf23d	48	88	224	556	13697	1
origin-unrelated-gap-002	contracts/core-field-origin-v0.1/inputs/unrelated-gap.jcs	sha256:c9e77d3472bd9efd00edd51c995f7e2b360598031b7ad1ccccee4538c4146b3a	sha256:bc3ff3e631bb10ffe18eaa540a6409650f8445679c3d9d6f3c3ceeefb6286208	contracts/core-field-origin-v0.1/records/origin-unrelated-gap-002.jcs	sha256:eb5686e11261da85f8164e61fac6b17a3e6a19147dd197120d8550acf67dfb40	48	88	224	556	13203	0
origin-unrelated-gap-003	contracts/core-field-origin-v0.1/inputs/unrelated-gap.jcs	sha256:c9e77d3472bd9efd00edd51c995f7e2b360598031b7ad1ccccee4538c4146b3a	sha256:d69285f368da4947b370798b7a1fab3c85085aa42844bdc64c0e5d6d3d3bd4ba	contracts/core-field-origin-v0.1/records/origin-unrelated-gap-003.jcs	sha256:aad382a560b2479beb8f1fd203c56d495896910624519b667798fcc6310bdd39	48	88	224	556	13211	0
origin-sensitive-filter-000	contracts/core-field-origin-v0.1/inputs/sensitive-filter.jcs	sha256:8b5d95d698d54085efaebc2a0110fc8606f116f57960e8786ed7f3da8f5a47a3	sha256:c7a715a203e2719fe9bd9aae595c84dcdc3a1a5e61ce9fb6185be74fb7c5e6b4	contracts/core-field-origin-v0.1/records/origin-sensitive-filter-000.jcs	sha256:6b5171aeedd5a9e3f02f45a410cbd7e71183fbc89d21b2333d2036526ba20c45	55	108	252	503	19050	0
origin-sensitive-filter-001	contracts/core-field-origin-v0.1/inputs/sensitive-filter.jcs	sha256:8b5d95d698d54085efaebc2a0110fc8606f116f57960e8786ed7f3da8f5a47a3	sha256:f7a0cc35a91f2c908bc456bdf1c657a86580d4ec4a76658e0b373bf8ea69befe	contracts/core-field-origin-v0.1/records/origin-sensitive-filter-001.jcs	sha256:27cdfde9719c7ac1ee51290fde6e41cc97421e354a33ac97ae6b8b4cf95a4413	55	108	252	503	19058	0
origin-nested-parent-summary-000	contracts/core-field-origin-v0.1/inputs/nested-parent-summary.jcs	sha256:e9e9c12802e143f6e379979b1acf69a00ed69ae63570456ee822f64800e01e84	sha256:a2761c60421963c7e1e471cd050006c4fed86a0fe75326007fff139a53232e7f	contracts/core-field-origin-v0.1/records/origin-nested-parent-summary-000.jcs	sha256:78c150fcb594896c6c7cd78b5d285eb59e677623ad523eac4276671879f892c2	41	75	191	477	14128	1
origin-nested-parent-summary-001	contracts/core-field-origin-v0.1/inputs/nested-parent-summary.jcs	sha256:e9e9c12802e143f6e379979b1acf69a00ed69ae63570456ee822f64800e01e84	sha256:d9c9a3c07776c223e89a951453d73778fd557ac3d45be81cdb9af55deb26c6d1	contracts/core-field-origin-v0.1/records/origin-nested-parent-summary-001.jcs	sha256:b2e7772d83a74e863876e65c3c47309cf14f5b79391d1b42df14348cc88b3fba	41	75	191	477	14142	1
origin-none-record-000	contracts/core-field-origin-v0.1/inputs/none-record.jcs	sha256:698eee597c38112348f59af4e93b744f0f0c0dc4d7a0124282628f562d24a541	sha256:9ea671c64157fc614c44acbe7f1d58ce4a6341e7cdffac499f851a07a5f19ebf	contracts/core-field-origin-v0.1/records/origin-none-record-000.jcs	sha256:9f561b86e75e9f9f57186fbb661b198bf0fa043c1bb9f77db1a2fc3b9e470e71	39	67	184	396	13254	0
origin-none-record-001	contracts/core-field-origin-v0.1/inputs/none-record.jcs	sha256:698eee597c38112348f59af4e93b744f0f0c0dc4d7a0124282628f562d24a541	sha256:b18d37130ece3ece70b36035d28f8929ca76344cb3cb09cbba4c58d3d9f6761a	contracts/core-field-origin-v0.1/records/origin-none-record-001.jcs	sha256:8db41166bded0eef3bd537495cffe5c10afc126d8156d9e7b48f615ad17f5518	39	67	184	396	13240	0
origin-match-none-000	contracts/core-field-origin-v0.1/inputs/match-none.jcs	sha256:5a0c57769aff8ee57b4271777542d28a82d45a58651f087d048d5f85736c74d8	sha256:6898b36d85e34ab0404d0b8c35eebd15a3f7773e48150c8ec88b49b977804fb6	contracts/core-field-origin-v0.1/records/origin-match-none-000.jcs	sha256:1e46d1414ac4f1950f4df14ec6d4bd50aa06adf0319b1bf0e0c02e3ea3927613	44	79	204	578	15159	1
origin-match-none-001	contracts/core-field-origin-v0.1/inputs/match-none.jcs	sha256:5a0c57769aff8ee57b4271777542d28a82d45a58651f087d048d5f85736c74d8	sha256:f6bbcbad18a57fd05f4cc562868664c06c71f69c3a62e871b24ce80fbb20aea2	contracts/core-field-origin-v0.1/records/origin-match-none-001.jcs	sha256:cf3a911faf377c11849198010ad73d282fe7911b2129b62d7411feac11bcc7e6	44	79	204	578	15173	1
origin-shifted-binding-000	contracts/core-field-origin-v0.1/inputs/shifted-binding.jcs	sha256:a30465a2476c6114c7754254d0f46867afa5216fe04e368f7f87902dafebe143	sha256:3ea9081f9e2c358430085b83d03df4f8dcc7e568373473e96511c91b92b6f303	contracts/core-field-origin-v0.1/records/origin-shifted-binding-000.jcs	sha256:fe944166f125642c58a4c1483213d73e94a473512549ac589025527ecaad95c1	47	84	217	713	15943	1
origin-shifted-binding-001	contracts/core-field-origin-v0.1/inputs/shifted-binding.jcs	sha256:a30465a2476c6114c7754254d0f46867afa5216fe04e368f7f87902dafebe143	sha256:63e0bca008179e938fcc2689d3d4f7d4bf06581c6ce9290dc948ad828dba720e	contracts/core-field-origin-v0.1/records/origin-shifted-binding-001.jcs	sha256:e84f913b621682792d8a22fdae5bfad16ea94b969cd1272047ed06ff79258218	47	84	217	713	15957	1
origin-nested-binding-000	contracts/core-field-origin-v0.1/inputs/nested-binding.jcs	sha256:d1ef6e36da221da0653cfc1f0abed94bc6200688daf340f517b5320c963a202c	sha256:2d2716990cca3f9284a98f89bb5386f3db733447e63d7316b315ec4b5c9c5e93	contracts/core-field-origin-v0.1/records/origin-nested-binding-000.jcs	sha256:ccdda00df7cdc49ef738a88542df176ffc235b22b9699beb68a0d568d33ee603	52	93	239	953	17504	1
origin-nested-binding-001	contracts/core-field-origin-v0.1/inputs/nested-binding.jcs	sha256:d1ef6e36da221da0653cfc1f0abed94bc6200688daf340f517b5320c963a202c	sha256:f7b9dd2929b5647b656fc27646eb9df1e7922de39e7a301db4c8125d5c8984d1	contracts/core-field-origin-v0.1/records/origin-nested-binding-001.jcs	sha256:661d29d1d1270c55dcfbc226c2a664bc892f39709db6687b895601438c1e91d7	52	93	239	953	17490	1
origin-whole-subject-000	contracts/core-field-origin-v0.1/inputs/whole-subject.jcs	sha256:7961e6e2c75e1437c3f299bdec4881d0e6c06d3e050f274ca3f22919da28e575	sha256:005414c3bb67b5f202750f605d076b3753e8288debeb3ee547452cc2d5c77b67	contracts/core-field-origin-v0.1/records/origin-whole-subject-000.jcs	sha256:3d7978e94d64528c5bc412d5f42f9d2326e681f4e096bcbab80adf037ebdcd3f	45	83	209	623	15614	1
origin-whole-subject-001	contracts/core-field-origin-v0.1/inputs/whole-subject.jcs	sha256:7961e6e2c75e1437c3f299bdec4881d0e6c06d3e050f274ca3f22919da28e575	sha256:5e201da6ea68bd566906e9c3118bdcccaa6862cd140102d3f04cbc3607b2eecd	contracts/core-field-origin-v0.1/records/origin-whole-subject-001.jcs	sha256:20c1b2fdf9245783e6a7dbf34c01cd3cf7549ba354f8728ce9900a050b9576a4	45	83	209	623	15628	1
origin-conditional-record-000	contracts/core-field-origin-v0.1/inputs/conditional-record.jcs	sha256:f6dfcce4178074d6059c113cd6c70016670e290eb015e6e1e32222a97c366a56	sha256:36d8a6042ffa58644a0a3b729db4dbb9c93be0523e581ee280e02bf24434d9f8	contracts/core-field-origin-v0.1/records/origin-conditional-record-000.jcs	sha256:aac0d0c39e11509e8f5f738c7abe39edf5e0c360fc3007ea014cdb2c3f95d5f0	48	95	219	845	17040	1
origin-conditional-record-001	contracts/core-field-origin-v0.1/inputs/conditional-record.jcs	sha256:f6dfcce4178074d6059c113cd6c70016670e290eb015e6e1e32222a97c366a56	sha256:a74fca94f862006cd8a5dbfca16298278f73dfcaddbec00aa40969aa9552359a	contracts/core-field-origin-v0.1/records/origin-conditional-record-001.jcs	sha256:284f96e78e4c6441713d00ef28923379ddde50d31ea361ddda82b6b222cd3b85	48	95	219	845	17054	1
origin-record-sibling-000	contracts/core-field-origin-v0.1/inputs/record-sibling.jcs	sha256:48d429f76fbbc02da40b4582d26eabb11c998896d228650f9773e2c1e7b770f8	sha256:8918e5fc102633e6908eaa9eb33298aea61571b5fc588c5b9240d1d14cf848b5	contracts/core-field-origin-v0.1/records/origin-record-sibling-000.jcs	sha256:ae22493fa8f867ee2cea3afe6e771235b1b46e6470ecaecc949bd632d6f548d7	47	87	216	871	16539	0
origin-record-sibling-001	contracts/core-field-origin-v0.1/inputs/record-sibling.jcs	sha256:48d429f76fbbc02da40b4582d26eabb11c998896d228650f9773e2c1e7b770f8	sha256:f4511e5eb02edf245762a9c7dccb18e07e9d9042dbaa14d62fc74d1b194f5bf4	contracts/core-field-origin-v0.1/records/origin-record-sibling-001.jcs	sha256:a3ad49d30b50bbeab2a14813e1e15d16b0429adaa4b26eb07bfc2760cd355882	47	87	216	871	16547	0
origin-record-local-gap-000	contracts/core-field-origin-v0.1/inputs/record-local-gap.jcs	sha256:5641be61c16e93e746c7be51709b11096677ae426c15f61a076398680658e37a	sha256:2b3ea70c6a7ced059fe26bbc7a20584249832b933ef7c44a4c3eefdb953b08c3	contracts/core-field-origin-v0.1/records/origin-record-local-gap-000.jcs	sha256:9f6ce1ec044aca24f1b25ef00876c41e0f36d88596493f46e86ec726f480c7ad	50	96	228	1088	17881	2
origin-record-local-gap-001	contracts/core-field-origin-v0.1/inputs/record-local-gap.jcs	sha256:5641be61c16e93e746c7be51709b11096677ae426c15f61a076398680658e37a	sha256:d66ff17b949a51c3b3517dbb52cf1980f44d993fe1f99b1566a638ededd872df	contracts/core-field-origin-v0.1/records/origin-record-local-gap-001.jcs	sha256:b2572886268a670aa4bf24c529ec75faf128b57230bddda3bd64db9041e572bb	50	96	228	1088	17895	2
origin-unread-sibling-fault-000	contracts/core-field-origin-v0.1/inputs/unread-sibling-fault.jcs	sha256:006dc996d1d7534d0a0870f9b1e2a5de923e56959cd8747aa7d8f496a49140c9	sha256:b9e43bf774caba584865bab72223e87846aa737c2b74f119f381678b6e8da5a2	contracts/core-field-origin-v0.1/records/origin-unread-sibling-fault-000.jcs	sha256:1834b86508edf6a5050add8f590d8b5d6e639a686afa0c8aa87b26b45eab8d0f	51	88	237	987	17781	0
origin-unread-sibling-fault-001	contracts/core-field-origin-v0.1/inputs/unread-sibling-fault.jcs	sha256:006dc996d1d7534d0a0870f9b1e2a5de923e56959cd8747aa7d8f496a49140c9	sha256:fefcca0980fbe80a9adb45e02eeb91d38d3686ea7f897d10720c3b0d2183192f	contracts/core-field-origin-v0.1/records/origin-unread-sibling-fault-001.jcs	sha256:3d97f0d35f52d2f8752f082ddb5c9d66fb44bc1f04b54059db2b25aeeb5939b1	51	88	237	987	17773	0
origin-join-public-000	contracts/core-field-origin-v0.1/inputs/join-public.jcs	sha256:c4a479e0be062f3b4a4c9ebe5f755897101ce8605db343b3bd9b5f6197f5a18b	sha256:757d909f08b5ec6300db4ab6a743f59f959684647439d15b45963fce46a28f22	contracts/core-field-origin-v0.1/records/origin-join-public-000.jcs	sha256:df1637b8338942062fef877802244e6cf02f668184a0a9ffae68480fb0664ee7	54	110	246	525	18864	0
origin-join-public-001	contracts/core-field-origin-v0.1/inputs/join-public.jcs	sha256:c4a479e0be062f3b4a4c9ebe5f755897101ce8605db343b3bd9b5f6197f5a18b	sha256:efd60169864ad526ceacee801ea6c81e44f85d575ac59377dde33afa788fc6bc	contracts/core-field-origin-v0.1/records/origin-join-public-001.jcs	sha256:c30aed397cc486b607c01d9afcc986592dbb86814f5179092000b780b23b2dd1	54	110	246	525	18872	0
origin-join-secret-pairs-000	contracts/core-field-origin-v0.1/inputs/join-secret-pairs.jcs	sha256:8b79930bcf39860d36a403a714040ffa472ed2cd92dd15191e17fae15f4a1edb	sha256:2fcd0b76533c9f76c8211585172507aae1f4336a2347d588b1248ba2f39a6147	contracts/core-field-origin-v0.1/records/origin-join-secret-pairs-000.jcs	sha256:71f250a4f4d06872d1e5738edf29c32ada0fa8c5d8304d8406f6a0e6f45c1ad7	54	110	246	525	18907	2
origin-join-secret-pairs-001	contracts/core-field-origin-v0.1/inputs/join-secret-pairs.jcs	sha256:8b79930bcf39860d36a403a714040ffa472ed2cd92dd15191e17fae15f4a1edb	sha256:c8992b848ae46d446b5e7f31a10f7c3168a324eb71ac22a7c050f8bb9b87506a	contracts/core-field-origin-v0.1/records/origin-join-secret-pairs-001.jcs	sha256:808a61189f5d3f7f9ff51f73416ae3f97f7af6b039a17d80cda5e4c8ba36be95	54	110	246	525	18915	2
origin-join-right-filter-000	contracts/core-field-origin-v0.1/inputs/join-right-filter.jcs	sha256:781e5f0a669ab56b2899a63f00c87ad6aa2c838d84a4f1931ea0cecb1226b17b	sha256:0999a7c2073cf6b2788ef471ded37c356c911c8c5c16db22cb99fd04a57bac80	contracts/core-field-origin-v0.1/records/origin-join-right-filter-000.jcs	sha256:1e7a5b240ed7055a2045d4be4517ab174a5c7b9dce3e63ac2d5411702ddf4971	70	152	315	632	24742	2
origin-join-right-filter-001	contracts/core-field-origin-v0.1/inputs/join-right-filter.jcs	sha256:781e5f0a669ab56b2899a63f00c87ad6aa2c838d84a4f1931ea0cecb1226b17b	sha256:c2c2db01068dfe23e823b0c9d3d7d60c993211c3166e4613dd948cc208779d54	contracts/core-field-origin-v0.1/records/origin-join-right-filter-001.jcs	sha256:907d5d8b3e762c8df0532db8a2e78b41dc4f05cff254385566521906af15317d	70	152	315	632	24750	2
origin-group-public-000	contracts/core-field-origin-v0.1/inputs/group-public.jcs	sha256:541e72615701cdcae0f7cf9eb59f22036c0004828f06156165052ae433babd20	sha256:affd6799a3903c814ff6d215dda2e2bfed2212ef9a02bcf15f711a0cb42e53f9	contracts/core-field-origin-v0.1/records/origin-group-public-000.jcs	sha256:fe48170d341c62c5207adbe67f3b882432cfd9aeba7dae7df5befac2e75232af	38	68	179	340	9817	0
origin-group-public-001	contracts/core-field-origin-v0.1/inputs/group-public.jcs	sha256:541e72615701cdcae0f7cf9eb59f22036c0004828f06156165052ae433babd20	sha256:b610733dbfbdfa57cb55e15471ee319c88c9308fe82acebfd63e3783b3892b77	contracts/core-field-origin-v0.1/records/origin-group-public-001.jcs	sha256:67151170af19998bb44117757b0f9cf63be1dd826454b1bfd8b6c3140c955d33	38	68	179	340	9807	0
origin-group-public-002	contracts/core-field-origin-v0.1/inputs/group-public.jcs	sha256:541e72615701cdcae0f7cf9eb59f22036c0004828f06156165052ae433babd20	sha256:e562f4efc6863d53587f14d9d64bbd457363a49ea4554205a9be7ea9a7e5105e	contracts/core-field-origin-v0.1/records/origin-group-public-002.jcs	sha256:38efd1050c6e31a2267c5d61833ea1e0b16ca2c99d2703cce9ce49caa8fdc963	38	68	179	340	9809	0
origin-group-filtered-000	contracts/core-field-origin-v0.1/inputs/group-filtered.jcs	sha256:7d2450073cf7867ade29491d7c43636e0a90f20a5aab553794554beae8844d0e	sha256:0c070554b514748a84ef0fb385a464bbeedf93d5fa796042b321897447708301	contracts/core-field-origin-v0.1/records/origin-group-filtered-000.jcs	sha256:f5d47f86214772a6277d0de110902f4e8a42673272244fb4cacd753a3513c025	54	110	248	447	15738	2
origin-group-filtered-001	contracts/core-field-origin-v0.1/inputs/group-filtered.jcs	sha256:7d2450073cf7867ade29491d7c43636e0a90f20a5aab553794554beae8844d0e	sha256:135e5d510426ac1356a8cc22c167d7e6593b6b59dcdd8a9ed4c41a64b11c8282	contracts/core-field-origin-v0.1/records/origin-group-filtered-001.jcs	sha256:57b35b8567b11dfccd0d4ceedba487d23b160aff736a7d7bd487efc2bf063547	54	110	248	447	15742	2
origin-group-filtered-002	contracts/core-field-origin-v0.1/inputs/group-filtered.jcs	sha256:7d2450073cf7867ade29491d7c43636e0a90f20a5aab553794554beae8844d0e	sha256:d3f6644e2b98373d58b3c8a884285373ad6cd1a55c2c66e64b4c2d154d832ab6	contracts/core-field-origin-v0.1/records/origin-group-filtered-002.jcs	sha256:aedf48dbb14bd729a8ed125af9bc939f7cd93b59c1959e4da08566affe11e6e4	54	110	248	447	15752	2
origin-group-key-gap-000	contracts/core-field-origin-v0.1/inputs/group-key-gap.jcs	sha256:e2a3e40d6be8be4797fd7daf5e0cc00a0ec9975f71e497f22cae11b51185746d	sha256:75466125a3319e424bdf8cce422f093c80f24a81961147b0f0bbc05d8b8d653e	contracts/core-field-origin-v0.1/records/origin-group-key-gap-000.jcs	sha256:9e62d30f6c00c749f4cd436bcc42c37b46dcac270dce5c65e505e64a0ba87ca5	68	153	304	1039	23957	5
origin-group-key-gap-001	contracts/core-field-origin-v0.1/inputs/group-key-gap.jcs	sha256:e2a3e40d6be8be4797fd7daf5e0cc00a0ec9975f71e497f22cae11b51185746d	sha256:841f0dbf9ac8d0d624c4532362146fb92f466ca828d596298fea46df399fa538	contracts/core-field-origin-v0.1/records/origin-group-key-gap-001.jcs	sha256:b30569748c8dca733de47e6705d36d8660d7f2f6b5752cdb89ba5118693c657f	68	153	304	1039	23967	5
origin-group-key-gap-002	contracts/core-field-origin-v0.1/inputs/group-key-gap.jcs	sha256:e2a3e40d6be8be4797fd7daf5e0cc00a0ec9975f71e497f22cae11b51185746d	sha256:ba93610550e852dc4bec7bb640b6bcd6df93c99d0513a68da36c286b0bd7ea28	contracts/core-field-origin-v0.1/records/origin-group-key-gap-002.jcs	sha256:dd9199f240200869f02ef12c349be9ec2d449c7602e952faa8653116bc2c8caa	68	153	304	1039	23959	5
origin-group-sum-gap-000	contracts/core-field-origin-v0.1/inputs/group-sum-gap.jcs	sha256:763c5bd487527fe182316a187c9816b984f1893759c36405bf84a031223c424b	sha256:1b05c99528b230c03b46736b9e539a3941def124f0d2cda862ecce877703022d	contracts/core-field-origin-v0.1/records/origin-group-sum-gap-000.jcs	sha256:bd5b90aaa2b15f7d66beafae5eeddffa113c0379c0e4b1e04390bf20ad4b2b69	68	153	304	1039	23926	3
origin-group-sum-gap-001	contracts/core-field-origin-v0.1/inputs/group-sum-gap.jcs	sha256:763c5bd487527fe182316a187c9816b984f1893759c36405bf84a031223c424b	sha256:93821d855162d24e7a4c1b0c77f3d5f1e4083bb0bfc9bac0a84cf9b4dcd21a59	contracts/core-field-origin-v0.1/records/origin-group-sum-gap-001.jcs	sha256:cc5ff1685ad08bf4e0e4e050cb5bf6bff48b2e0458d44cb2f927e4cddff0d58e	68	153	304	1039	23940	3
origin-group-sum-gap-002	contracts/core-field-origin-v0.1/inputs/group-sum-gap.jcs	sha256:763c5bd487527fe182316a187c9816b984f1893759c36405bf84a031223c424b	sha256:ff3017f7887af171402269d316175e0645612e872be412a89599ce8dadfb97a1	contracts/core-field-origin-v0.1/records/origin-group-sum-gap-002.jcs	sha256:12a02b641016f243f5bcbd3b4602c14e5dc69c51fc82511bd2051032c3db3552	68	153	304	1039	23924	3
