ax-b01-correct	sha256:1dcc3305a589ba2161b387d07e4425a6e1a7034c69243f1746e1222c96bd16e1	{"expectation":"prove","kind":"totality","subject":{"id":"sha256:32341b1fcdb1400c14c52a43929a6abf4eebc50b4206db9373f4432e42e96003","ir_document_digest":"sha256:90d876b9fdd533944e09f4274ba4aaa313d179454427e60eca81575707054f0b","kind":"node"}}
ax-b01-correct	sha256:34666d2deebb7e41afbddac07401ca9a5fdbdaca16e90269bec3e161f607a782	{"expectation":"prove","kind":"numeric-range","subject":{"id":"sha256:32341b1fcdb1400c14c52a43929a6abf4eebc50b4206db9373f4432e42e96003","ir_document_digest":"sha256:90d876b9fdd533944e09f4274ba4aaa313d179454427e60eca81575707054f0b","kind":"node-path","path":["fields","0","expression"]}}
ax-b01-correct	sha256:4b054af797c1b1120822d43785d28047b9983cbde862d3cbcea13580ac7ffaba	{"expectation":"prove","kind":"numeric-range","subject":{"id":"sha256:91ff1d1c06d594d86f83689e7b8184b0f0bb05a27431aa3c8f71f558f6264fc2","ir_document_digest":"sha256:90d876b9fdd533944e09f4274ba4aaa313d179454427e60eca81575707054f0b","kind":"contract-path","path":["expression","body","then","some","right"]}}
ax-b01-correct	sha256:4f97f098d0782f88070ab89ced9749d603fe316f79c826f828b3561ce51711f5	{"expectation":"prove","kind":"field-origin","subject":{"direction":"output","interface":"net_orders","ir_document_digest":"sha256:90d876b9fdd533944e09f4274ba4aaa313d179454427e60eca81575707054f0b","kind":"field","name":"order_id"}}
ax-b01-correct	sha256:64bd44f0489b89d0912ce46e659f393de494341a5c960cf23f9efb7698308a70	{"expectation":"prove","kind":"effect-empty","subject":{"ir_document_digest":"sha256:90d876b9fdd533944e09f4274ba4aaa313d179454427e60eca81575707054f0b","kind":"program"}}
ax-b01-correct	sha256:75e9b6af0c3b16aa52e86368827296be09f8cf62a7ce5f591e678537d7fc268a	{"expectation":"prove","kind":"row-coverage","subject":{"id":"sha256:1a67481ef28d92e2411419301fb6569dfd188ec609863d74c1c5298143c76d37","ir_document_digest":"sha256:90d876b9fdd533944e09f4274ba4aaa313d179454427e60eca81575707054f0b","kind":"node"}}
ax-b01-correct	sha256:8a608c25a3ced58efe17ffb31da0530567f983433216e35d36e2d59018b89139	{"expectation":"prove","kind":"key-cardinality","subject":{"id":"sha256:1a67481ef28d92e2411419301fb6569dfd188ec609863d74c1c5298143c76d37","ir_document_digest":"sha256:90d876b9fdd533944e09f4274ba4aaa313d179454427e60eca81575707054f0b","kind":"node"}}
ax-b01-correct	sha256:a00fdcf35d10acef443b7eb69e523c18c58a01eabd51276149a76836b4e73c43	{"expectation":"prove","kind":"key-cardinality","subject":{"id":"sha256:32341b1fcdb1400c14c52a43929a6abf4eebc50b4206db9373f4432e42e96003","ir_document_digest":"sha256:90d876b9fdd533944e09f4274ba4aaa313d179454427e60eca81575707054f0b","kind":"node"}}
ax-b01-correct	sha256:b0f12d6e03c05cac501416db5ca46057516deac9424b67e0fc6daebdee7a37b2	{"expectation":"prove","kind":"totality","subject":{"id":"sha256:1a67481ef28d92e2411419301fb6569dfd188ec609863d74c1c5298143c76d37","ir_document_digest":"sha256:90d876b9fdd533944e09f4274ba4aaa313d179454427e60eca81575707054f0b","kind":"node"}}
ax-b01-correct	sha256:b4ad73cf180f6a36803686d8b04f1449131f8650314d0d8fb23f0362cb94c759	{"expectation":"prove","kind":"contract-guarantee","subject":{"id":"sha256:91ff1d1c06d594d86f83689e7b8184b0f0bb05a27431aa3c8f71f558f6264fc2","ir_document_digest":"sha256:90d876b9fdd533944e09f4274ba4aaa313d179454427e60eca81575707054f0b","kind":"contract"}}
ax-b01-correct	sha256:b804c9369a2c23dec3b1459599f8ef81561d47ee8655cb19e002bfc87a70c61c	{"expectation":"check","kind":"ir-structure","subject":{"ir_document_digest":"sha256:90d876b9fdd533944e09f4274ba4aaa313d179454427e60eca81575707054f0b","kind":"document"}}
ax-b01-correct	sha256:c088c2a05d5c0930521fcacf0815478872eba324a619b57402e15e2f36a923f1	{"expectation":"prove","kind":"row-coverage","subject":{"id":"sha256:32341b1fcdb1400c14c52a43929a6abf4eebc50b4206db9373f4432e42e96003","ir_document_digest":"sha256:90d876b9fdd533944e09f4274ba4aaa313d179454427e60eca81575707054f0b","kind":"node"}}
ax-b01-correct	sha256:e4b0331b7d9caf004b695af957e6e2751bed2d666515634d7295e4f72847671a	{"expectation":"prove","kind":"field-origin","subject":{"direction":"output","interface":"net_orders","ir_document_digest":"sha256:90d876b9fdd533944e09f4274ba4aaa313d179454427e60eca81575707054f0b","kind":"field","name":"net_cents"}}
ax-b01-wrong-add	sha256:185132f9c947ff0d3853c24e969713337df0282232e16eb30200492726e7a7ac	{"expectation":"prove","kind":"totality","subject":{"id":"sha256:7c001aadcc6813bc042bf0baf46d39184ec49f05e67dec5255b81527290e1d01","ir_document_digest":"sha256:d79e3052c7c50c6fea9b17fc76d0a3ac56729bbd458f0c09e55668b7ad0dff3f","kind":"node"}}
ax-b01-wrong-add	sha256:2c450f6d3ad69780e06d504e16c2ed57824810ad8f35925d99c329926fd7b959	{"expectation":"prove","kind":"field-origin","subject":{"direction":"output","interface":"net_orders","ir_document_digest":"sha256:d79e3052c7c50c6fea9b17fc76d0a3ac56729bbd458f0c09e55668b7ad0dff3f","kind":"field","name":"order_id"}}
ax-b01-wrong-add	sha256:3836f159cfe90778c107c0d885f8178d2f09eb73fdb3d745adcff46bede852fb	{"expectation":"prove","kind":"key-cardinality","subject":{"id":"sha256:1a67481ef28d92e2411419301fb6569dfd188ec609863d74c1c5298143c76d37","ir_document_digest":"sha256:d79e3052c7c50c6fea9b17fc76d0a3ac56729bbd458f0c09e55668b7ad0dff3f","kind":"node"}}
ax-b01-wrong-add	sha256:41d19d4e978d7288edd877ef233a69cbeac82fd76fc0ca128d23fcfdca5ef55f	{"expectation":"prove","kind":"field-origin","subject":{"direction":"output","interface":"net_orders","ir_document_digest":"sha256:d79e3052c7c50c6fea9b17fc76d0a3ac56729bbd458f0c09e55668b7ad0dff3f","kind":"field","name":"net_cents"}}
ax-b01-wrong-add	sha256:476a70897cc31f830393c06e9c6eabb9e94e892bd3aca3b3b8b5421576a9a6ca	{"expectation":"prove","kind":"totality","subject":{"id":"sha256:1a67481ef28d92e2411419301fb6569dfd188ec609863d74c1c5298143c76d37","ir_document_digest":"sha256:d79e3052c7c50c6fea9b17fc76d0a3ac56729bbd458f0c09e55668b7ad0dff3f","kind":"node"}}
ax-b01-wrong-add	sha256:4916b2ef17b43cab21bff8ae87433922c60fbf86fb72fc52972e06964584476e	{"expectation":"prove","kind":"contract-guarantee","subject":{"id":"sha256:91ff1d1c06d594d86f83689e7b8184b0f0bb05a27431aa3c8f71f558f6264fc2","ir_document_digest":"sha256:d79e3052c7c50c6fea9b17fc76d0a3ac56729bbd458f0c09e55668b7ad0dff3f","kind":"contract"}}
ax-b01-wrong-add	sha256:5820644700738103e0396fc9c2d52cc27b33f5472194765cfea0c4000f14df59	{"expectation":"check","kind":"ir-structure","subject":{"ir_document_digest":"sha256:d79e3052c7c50c6fea9b17fc76d0a3ac56729bbd458f0c09e55668b7ad0dff3f","kind":"document"}}
ax-b01-wrong-add	sha256:64c36594d0f0a544cfefa101ed54db08818fcfcc658b72547fe8a1103186e4ef	{"expectation":"prove","kind":"numeric-range","subject":{"id":"sha256:91ff1d1c06d594d86f83689e7b8184b0f0bb05a27431aa3c8f71f558f6264fc2","ir_document_digest":"sha256:d79e3052c7c50c6fea9b17fc76d0a3ac56729bbd458f0c09e55668b7ad0dff3f","kind":"contract-path","path":["expression","body","then","some","right"]}}
ax-b01-wrong-add	sha256:86601492eaf8a3e5514334f08dcb93117020e9a90085ff58a738670fea3215fc	{"expectation":"prove","kind":"effect-empty","subject":{"ir_document_digest":"sha256:d79e3052c7c50c6fea9b17fc76d0a3ac56729bbd458f0c09e55668b7ad0dff3f","kind":"program"}}
ax-b01-wrong-add	sha256:ec715795bc52da1da50bd505a3e0df83e0ab5c97a473d4e7447dd56f67bd38e7	{"expectation":"prove","kind":"numeric-range","subject":{"id":"sha256:7c001aadcc6813bc042bf0baf46d39184ec49f05e67dec5255b81527290e1d01","ir_document_digest":"sha256:d79e3052c7c50c6fea9b17fc76d0a3ac56729bbd458f0c09e55668b7ad0dff3f","kind":"node-path","path":["fields","0","expression"]}}
ax-b01-wrong-add	sha256:f40e7e62ff1e8a91a36644cc85c2c1b7bd991d26959b18de3106986fbf0b25bc	{"expectation":"prove","kind":"key-cardinality","subject":{"id":"sha256:7c001aadcc6813bc042bf0baf46d39184ec49f05e67dec5255b81527290e1d01","ir_document_digest":"sha256:d79e3052c7c50c6fea9b17fc76d0a3ac56729bbd458f0c09e55668b7ad0dff3f","kind":"node"}}
ax-b01-wrong-add	sha256:f6f2ecbc24e2ee91f8bf16e44bea4cb0d8ca3ed7d465a923e39573a8bec13765	{"expectation":"prove","kind":"row-coverage","subject":{"id":"sha256:7c001aadcc6813bc042bf0baf46d39184ec49f05e67dec5255b81527290e1d01","ir_document_digest":"sha256:d79e3052c7c50c6fea9b17fc76d0a3ac56729bbd458f0c09e55668b7ad0dff3f","kind":"node"}}
ax-b01-wrong-add	sha256:fc62468f12482e2cb9a3646cd9487d9a5cecbfadf490efc4c88465310d9586a3	{"expectation":"prove","kind":"row-coverage","subject":{"id":"sha256:1a67481ef28d92e2411419301fb6569dfd188ec609863d74c1c5298143c76d37","ir_document_digest":"sha256:d79e3052c7c50c6fea9b17fc76d0a3ac56729bbd458f0c09e55668b7ad0dff3f","kind":"node"}}
ax-b01-wrong-drop-zero	sha256:2cde7cc5adf7eb3e1807479ac232a449103f9f2e6e2e4df69b4f1eba6c1f4c50	{"expectation":"prove","kind":"numeric-range","subject":{"id":"sha256:91ff1d1c06d594d86f83689e7b8184b0f0bb05a27431aa3c8f71f558f6264fc2","ir_document_digest":"sha256:dfe7423b861b6281c4707c0d0e9ef828b3f521ef9a07ab706f3a6b7e96731eb4","kind":"contract-path","path":["expression","body","then","some","right"]}}
ax-b01-wrong-drop-zero	sha256:45a2792543bcdc7c78a5d43dfc9dd54135bb7c264b2979d2aec1da21eb3b592a	{"expectation":"prove","kind":"contract-guarantee","subject":{"id":"sha256:91ff1d1c06d594d86f83689e7b8184b0f0bb05a27431aa3c8f71f558f6264fc2","ir_document_digest":"sha256:dfe7423b861b6281c4707c0d0e9ef828b3f521ef9a07ab706f3a6b7e96731eb4","kind":"contract"}}
ax-b01-wrong-drop-zero	sha256:58fdd9af617ecfbf6bf7b23764b7c27a8c6cbd7b7002077db8a522e0a1fcd3d3	{"expectation":"check","kind":"ir-structure","subject":{"ir_document_digest":"sha256:dfe7423b861b6281c4707c0d0e9ef828b3f521ef9a07ab706f3a6b7e96731eb4","kind":"document"}}
ax-b01-wrong-drop-zero	sha256:61e7b6a1c568583e92b5e9b5881ab4c47abcf991fb12f149e7f901a481aee1c6	{"expectation":"prove","kind":"totality","subject":{"id":"sha256:5d3c54c470c9443c09028abe5ebb80980a8c90f21972c25f133f8e5770c608b5","ir_document_digest":"sha256:dfe7423b861b6281c4707c0d0e9ef828b3f521ef9a07ab706f3a6b7e96731eb4","kind":"node"}}
ax-b01-wrong-drop-zero	sha256:6b3fe1f5acc38a0c94fa84316320cb8cb00527b14a7620849a635830345102e3	{"expectation":"prove","kind":"key-cardinality","subject":{"id":"sha256:5d3c54c470c9443c09028abe5ebb80980a8c90f21972c25f133f8e5770c608b5","ir_document_digest":"sha256:dfe7423b861b6281c4707c0d0e9ef828b3f521ef9a07ab706f3a6b7e96731eb4","kind":"node"}}
ax-b01-wrong-drop-zero	sha256:6d406f2b1b8f0bac26f0865b42a9688f17aff6f3e829f619b139a05f723821c8	{"expectation":"prove","kind":"field-origin","subject":{"direction":"output","interface":"net_orders","ir_document_digest":"sha256:dfe7423b861b6281c4707c0d0e9ef828b3f521ef9a07ab706f3a6b7e96731eb4","kind":"field","name":"order_id"}}
ax-b01-wrong-drop-zero	sha256:777d4dbee0f36ac66dbaf27c5bf3813819a53a7c14120c08414f2e4c3f5c81b6	{"expectation":"prove","kind":"effect-empty","subject":{"ir_document_digest":"sha256:dfe7423b861b6281c4707c0d0e9ef828b3f521ef9a07ab706f3a6b7e96731eb4","kind":"program"}}
ax-b01-wrong-drop-zero	sha256:8880f34c196a163dc5d4ade14191a11dd5101747b03154dbaa82e121459d4e0d	{"expectation":"prove","kind":"key-cardinality","subject":{"id":"sha256:e6d340a1b35b462cd3d51f2301a1674a00aa34efac9ef0761145a4e57ce97cdb","ir_document_digest":"sha256:dfe7423b861b6281c4707c0d0e9ef828b3f521ef9a07ab706f3a6b7e96731eb4","kind":"node"}}
ax-b01-wrong-drop-zero	sha256:a2b12cdc6776736026ed9f959d818464d0258c3b8b12aebf14a72a1f44478a65	{"expectation":"prove","kind":"totality","subject":{"id":"sha256:e6d340a1b35b462cd3d51f2301a1674a00aa34efac9ef0761145a4e57ce97cdb","ir_document_digest":"sha256:dfe7423b861b6281c4707c0d0e9ef828b3f521ef9a07ab706f3a6b7e96731eb4","kind":"node"}}
ax-b01-wrong-drop-zero	sha256:a355bbdec043563ff27fd7639d94cacf7981e6a5d53a20a558868b72529d2630	{"expectation":"prove","kind":"field-origin","subject":{"direction":"output","interface":"net_orders","ir_document_digest":"sha256:dfe7423b861b6281c4707c0d0e9ef828b3f521ef9a07ab706f3a6b7e96731eb4","kind":"field","name":"net_cents"}}
ax-b01-wrong-drop-zero	sha256:c47eba25d29b4b2c9711d19fb8164d27a7f6b02b3af7162a43fb91772dad5a7a	{"expectation":"prove","kind":"row-coverage","subject":{"id":"sha256:5d3c54c470c9443c09028abe5ebb80980a8c90f21972c25f133f8e5770c608b5","ir_document_digest":"sha256:dfe7423b861b6281c4707c0d0e9ef828b3f521ef9a07ab706f3a6b7e96731eb4","kind":"node"}}
ax-b01-wrong-drop-zero	sha256:cc4ad57947f66a2c58e98697e278e53aa645ccc541e49688552c7ba3accdec2e	{"expectation":"prove","kind":"numeric-range","subject":{"id":"sha256:5d3c54c470c9443c09028abe5ebb80980a8c90f21972c25f133f8e5770c608b5","ir_document_digest":"sha256:dfe7423b861b6281c4707c0d0e9ef828b3f521ef9a07ab706f3a6b7e96731eb4","kind":"node-path","path":["fields","0","expression"]}}
ax-b01-wrong-drop-zero	sha256:cf314bdef9d9f92943382f02ed62502d711dc4730117f186870f0763ca737bde	{"expectation":"prove","kind":"row-coverage","subject":{"id":"sha256:e6d340a1b35b462cd3d51f2301a1674a00aa34efac9ef0761145a4e57ce97cdb","ir_document_digest":"sha256:dfe7423b861b6281c4707c0d0e9ef828b3f521ef9a07ab706f3a6b7e96731eb4","kind":"node"}}
ax-b02-correct	sha256:5576fb8399283fa8ecbdbe3a97baba1e33da2d39db72c8216166fc8433533cef	{"expectation":"prove","kind":"field-origin","subject":{"direction":"output","interface":"order_tiers","ir_document_digest":"sha256:0c78750cde6e9b00938478494200208b9e269baebfeeff2081d4224f96b9554a","kind":"field","name":"tier"}}
ax-b02-correct	sha256:5970af13eae202eb39b86f79479f8159ac42f3dfd7b37f5add8166033bbe388b	{"expectation":"prove","kind":"totality","subject":{"id":"sha256:21ded7bac2e80156810796e4e15851262c4004ea1d8e421f9b373b6f1e7dd2e7","ir_document_digest":"sha256:0c78750cde6e9b00938478494200208b9e269baebfeeff2081d4224f96b9554a","kind":"node"}}
ax-b02-correct	sha256:8819396077d036f87b0563aed0aada1e6e95a08f5767fc49c9761dfafa0b071e	{"expectation":"prove","kind":"effect-empty","subject":{"ir_document_digest":"sha256:0c78750cde6e9b00938478494200208b9e269baebfeeff2081d4224f96b9554a","kind":"program"}}
ax-b02-correct	sha256:a26aa9f09917ed725423ddf18cdf7a813bab85ce8f1ca95528e7be7d6e284eda	{"expectation":"prove","kind":"row-coverage","subject":{"id":"sha256:21ded7bac2e80156810796e4e15851262c4004ea1d8e421f9b373b6f1e7dd2e7","ir_document_digest":"sha256:0c78750cde6e9b00938478494200208b9e269baebfeeff2081d4224f96b9554a","kind":"node"}}
ax-b02-correct	sha256:ad668830ce22f63b399e2618daeff7f61dd2ff8146eafb7f9665bf73a7c92926	{"expectation":"prove","kind":"contract-guarantee","subject":{"id":"sha256:9e901693bedf362128fffd96523c2366d7b0791e2692c5c213ddb7e0c36a397a","ir_document_digest":"sha256:0c78750cde6e9b00938478494200208b9e269baebfeeff2081d4224f96b9554a","kind":"contract"}}
ax-b02-correct	sha256:b0820761140e058ff3ce347c57f9c21ad653fed07eafd6bf503aad8bc28ca114	{"expectation":"prove","kind":"key-cardinality","subject":{"id":"sha256:21ded7bac2e80156810796e4e15851262c4004ea1d8e421f9b373b6f1e7dd2e7","ir_document_digest":"sha256:0c78750cde6e9b00938478494200208b9e269baebfeeff2081d4224f96b9554a","kind":"node"}}
ax-b02-correct	sha256:df40af8bf5ba8873df6584cbb1de11be15ba531a2a8e30a89de8d4a4b013f775	{"expectation":"prove","kind":"field-origin","subject":{"direction":"output","interface":"order_tiers","ir_document_digest":"sha256:0c78750cde6e9b00938478494200208b9e269baebfeeff2081d4224f96b9554a","kind":"field","name":"order_id"}}
ax-b02-correct	sha256:e27aadb4c3f76d15f3320a12622cb4088d2337a7423ee87792c7bbe8916b9e53	{"expectation":"check","kind":"ir-structure","subject":{"ir_document_digest":"sha256:0c78750cde6e9b00938478494200208b9e269baebfeeff2081d4224f96b9554a","kind":"document"}}
ax-b02-wrong-constant-tier	sha256:2d848aa980acfca441d4d2068efbc6826fc28dc3cdf18a2afa58a569528a482f	{"expectation":"prove","kind":"effect-empty","subject":{"ir_document_digest":"sha256:5c1bca4359bbd1a26df13ad70d1db9fe0179301c5333500a5a057c0e0178715e","kind":"program"}}
ax-b02-wrong-constant-tier	sha256:30c017753030de56f4dc7d660943ae45111fcafb701546ac4c92c02c5dd6780c	{"expectation":"prove","kind":"row-coverage","subject":{"id":"sha256:273276822de22a09d8314448a053010b88829f297fa43ce0ccfe07f8d809fadd","ir_document_digest":"sha256:5c1bca4359bbd1a26df13ad70d1db9fe0179301c5333500a5a057c0e0178715e","kind":"node"}}
ax-b02-wrong-constant-tier	sha256:3387a67ccaed2bb31ba91745709be4f20b1e8fc85b56541b5692586dce6e59a1	{"expectation":"prove","kind":"contract-guarantee","subject":{"id":"sha256:9e901693bedf362128fffd96523c2366d7b0791e2692c5c213ddb7e0c36a397a","ir_document_digest":"sha256:5c1bca4359bbd1a26df13ad70d1db9fe0179301c5333500a5a057c0e0178715e","kind":"contract"}}
ax-b02-wrong-constant-tier	sha256:6c06ac557267fbd629916e1723cde1ad8f122b67615a9e9ee35163e12ecd662e	{"expectation":"prove","kind":"field-origin","subject":{"direction":"output","interface":"order_tiers","ir_document_digest":"sha256:5c1bca4359bbd1a26df13ad70d1db9fe0179301c5333500a5a057c0e0178715e","kind":"field","name":"tier"}}
ax-b02-wrong-constant-tier	sha256:6f4c25f81c888bc7280b54ab704617d8873194b75f9cbd92a8b3de4497ee5a4b	{"expectation":"check","kind":"ir-structure","subject":{"ir_document_digest":"sha256:5c1bca4359bbd1a26df13ad70d1db9fe0179301c5333500a5a057c0e0178715e","kind":"document"}}
ax-b02-wrong-constant-tier	sha256:adf93a95db12970abb715151209a3d3c692aa355c4fc868133f570a31da48a4b	{"expectation":"prove","kind":"key-cardinality","subject":{"id":"sha256:273276822de22a09d8314448a053010b88829f297fa43ce0ccfe07f8d809fadd","ir_document_digest":"sha256:5c1bca4359bbd1a26df13ad70d1db9fe0179301c5333500a5a057c0e0178715e","kind":"node"}}
ax-b02-wrong-constant-tier	sha256:ca5487f7689aa38b0985c5d48f9697d4b15ac3f222934c34e1fb3f8737f3716e	{"expectation":"prove","kind":"field-origin","subject":{"direction":"output","interface":"order_tiers","ir_document_digest":"sha256:5c1bca4359bbd1a26df13ad70d1db9fe0179301c5333500a5a057c0e0178715e","kind":"field","name":"order_id"}}
ax-b02-wrong-constant-tier	sha256:fa856a22657d972ff43bbb70243adfa8519a0cc94aaee28ebe17a6005bc5ce85	{"expectation":"prove","kind":"totality","subject":{"id":"sha256:273276822de22a09d8314448a053010b88829f297fa43ce0ccfe07f8d809fadd","ir_document_digest":"sha256:5c1bca4359bbd1a26df13ad70d1db9fe0179301c5333500a5a057c0e0178715e","kind":"node"}}
ax-b02-wrong-region-join	sha256:329728e8d54ec839abefd98d411e4844932dcb4ae2fd0b2e79e9a399b83092ce	{"expectation":"prove","kind":"effect-empty","subject":{"ir_document_digest":"sha256:8bc01e63b1ecae534ef83e63f73c02c577b08d324a2ffb4b7064c05e340c67fe","kind":"program"}}
ax-b02-wrong-region-join	sha256:6f8efbda8bfe76779b7faedf6771d429a451744b9f000068e5be78d9cf335696	{"expectation":"prove","kind":"contract-guarantee","subject":{"id":"sha256:9e901693bedf362128fffd96523c2366d7b0791e2692c5c213ddb7e0c36a397a","ir_document_digest":"sha256:8bc01e63b1ecae534ef83e63f73c02c577b08d324a2ffb4b7064c05e340c67fe","kind":"contract"}}
ax-b02-wrong-region-join	sha256:80e6e33ec132ff8b8b9290d3df951c0f57f47c4e4ed1b68234accfc40f9955d7	{"expectation":"prove","kind":"row-coverage","subject":{"id":"sha256:976a02a9542c7cfbf8f9d3acd30b56bcee0b52d69d0e92903b39e2118f740b4a","ir_document_digest":"sha256:8bc01e63b1ecae534ef83e63f73c02c577b08d324a2ffb4b7064c05e340c67fe","kind":"node"}}
ax-b02-wrong-region-join	sha256:8b8df7868ef97a70410cbb3bafc7bb06dbb02df4972f67b453dbb2ee162c6110	{"expectation":"prove","kind":"field-origin","subject":{"direction":"output","interface":"order_tiers","ir_document_digest":"sha256:8bc01e63b1ecae534ef83e63f73c02c577b08d324a2ffb4b7064c05e340c67fe","kind":"field","name":"tier"}}
ax-b02-wrong-region-join	sha256:c8d2f8f542213b530e9bf1d02c71cb94aa6c51c4769a84da453137b59ebfb2e9	{"expectation":"prove","kind":"totality","subject":{"id":"sha256:976a02a9542c7cfbf8f9d3acd30b56bcee0b52d69d0e92903b39e2118f740b4a","ir_document_digest":"sha256:8bc01e63b1ecae534ef83e63f73c02c577b08d324a2ffb4b7064c05e340c67fe","kind":"node"}}
ax-b02-wrong-region-join	sha256:cbc60732182da1e46a8974a70925c8a04230bf2771c1a907a0d636b64b944533	{"expectation":"prove","kind":"key-cardinality","subject":{"id":"sha256:976a02a9542c7cfbf8f9d3acd30b56bcee0b52d69d0e92903b39e2118f740b4a","ir_document_digest":"sha256:8bc01e63b1ecae534ef83e63f73c02c577b08d324a2ffb4b7064c05e340c67fe","kind":"node"}}
ax-b02-wrong-region-join	sha256:cdc3cc70c2e0c21cf142fefcdee7e261e3fe7e954548e50a30888b0f1e3e2d80	{"expectation":"check","kind":"ir-structure","subject":{"ir_document_digest":"sha256:8bc01e63b1ecae534ef83e63f73c02c577b08d324a2ffb4b7064c05e340c67fe","kind":"document"}}
ax-b02-wrong-region-join	sha256:e3cec1c49c76d9dbb3328ff9d1d046a37d728235ec79d18f126ec7bc7b493ca5	{"expectation":"prove","kind":"field-origin","subject":{"direction":"output","interface":"order_tiers","ir_document_digest":"sha256:8bc01e63b1ecae534ef83e63f73c02c577b08d324a2ffb4b7064c05e340c67fe","kind":"field","name":"order_id"}}
ax-b03-correct	sha256:1843b3402e66f1e29db500edf12747e1b7b69a0902baf0baa3228dacc290d674	{"expectation":"prove","kind":"numeric-range","subject":{"id":"sha256:a32cb2ae5c4f3fd9d601981d1c9ca0575d94b31e89b15a96054a9d810c676cec","ir_document_digest":"sha256:1ef9446471f85b12c1ac70ff6e4ae6b7a0f26d7830988cdf1b2499a90b5823e3","kind":"contract-path","path":["expression","body","some","values","0","right"]}}
ax-b03-correct	sha256:3a5cf79d76c5d02fe981a0daae447db515e92fa0a7666b09e1417f973d35c52c	{"expectation":"prove","kind":"numeric-range","subject":{"id":"sha256:5d4d67e42e890504e45beefa9d9470c5f02676bb28bd6054ed1323056b9d0464","ir_document_digest":"sha256:1ef9446471f85b12c1ac70ff6e4ae6b7a0f26d7830988cdf1b2499a90b5823e3","kind":"node-path","path":["aggregates","1"]}}
ax-b03-correct	sha256:40958429fc7f2c2537c611d5b8f4281f0a5f433cd7129906c125c854a571b603	{"expectation":"prove","kind":"field-origin","subject":{"direction":"output","interface":"account_usage","ir_document_digest":"sha256:1ef9446471f85b12c1ac70ff6e4ae6b7a0f26d7830988cdf1b2499a90b5823e3","kind":"field","name":"account_id"}}
ax-b03-correct	sha256:42b663a02cdfb74210723f6c93a195677b8034b077d6e04cebf6b15dc2499127	{"expectation":"prove","kind":"group-conservation","subject":{"id":"sha256:5d4d67e42e890504e45beefa9d9470c5f02676bb28bd6054ed1323056b9d0464","ir_document_digest":"sha256:1ef9446471f85b12c1ac70ff6e4ae6b7a0f26d7830988cdf1b2499a90b5823e3","kind":"node"}}
ax-b03-correct	sha256:52a6a97c8d76a4ee4522244a7f485a01b059f78022e720ede5e73f18321daa04	{"expectation":"prove","kind":"key-cardinality","subject":{"id":"sha256:5d4d67e42e890504e45beefa9d9470c5f02676bb28bd6054ed1323056b9d0464","ir_document_digest":"sha256:1ef9446471f85b12c1ac70ff6e4ae6b7a0f26d7830988cdf1b2499a90b5823e3","kind":"node"}}
ax-b03-correct	sha256:5d3edd0e3b5aa54a6a8131b7eefc81a0e7180234a38495424ab2bda04a7f9c72	{"expectation":"prove","kind":"numeric-range","subject":{"id":"sha256:5d4d67e42e890504e45beefa9d9470c5f02676bb28bd6054ed1323056b9d0464","ir_document_digest":"sha256:1ef9446471f85b12c1ac70ff6e4ae6b7a0f26d7830988cdf1b2499a90b5823e3","kind":"node-path","path":["aggregates","0"]}}
ax-b03-correct	sha256:6c331b23e67823cd4619e9c5801b4cc0f27414b79b9496fa955ab9902e92bcd3	{"expectation":"prove","kind":"row-coverage","subject":{"id":"sha256:5d4d67e42e890504e45beefa9d9470c5f02676bb28bd6054ed1323056b9d0464","ir_document_digest":"sha256:1ef9446471f85b12c1ac70ff6e4ae6b7a0f26d7830988cdf1b2499a90b5823e3","kind":"node"}}
ax-b03-correct	sha256:98bb7c7fd27be234e35f199f835da43634837ddf5ff01c35eab70b1f3b9097ff	{"expectation":"prove","kind":"field-origin","subject":{"direction":"output","interface":"account_usage","ir_document_digest":"sha256:1ef9446471f85b12c1ac70ff6e4ae6b7a0f26d7830988cdf1b2499a90b5823e3","kind":"field","name":"event_count"}}
ax-b03-correct	sha256:b85925ee3af58fdb61559febd804137806a3bf11dd753700ebbe84bf7e03daee	{"expectation":"check","kind":"ir-structure","subject":{"ir_document_digest":"sha256:1ef9446471f85b12c1ac70ff6e4ae6b7a0f26d7830988cdf1b2499a90b5823e3","kind":"document"}}
ax-b03-correct	sha256:b9a11597304d7aed7c3b968a9fe9775e46fbff18ca6e457ab0c944ad74efe6ae	{"expectation":"prove","kind":"effect-empty","subject":{"ir_document_digest":"sha256:1ef9446471f85b12c1ac70ff6e4ae6b7a0f26d7830988cdf1b2499a90b5823e3","kind":"program"}}
ax-b03-correct	sha256:d40235001e87045ac0056b676b4ea379af384babffa8ed206fd0de91ed2ab144	{"expectation":"prove","kind":"totality","subject":{"id":"sha256:5d4d67e42e890504e45beefa9d9470c5f02676bb28bd6054ed1323056b9d0464","ir_document_digest":"sha256:1ef9446471f85b12c1ac70ff6e4ae6b7a0f26d7830988cdf1b2499a90b5823e3","kind":"node"}}
ax-b03-correct	sha256:db261a17fac23c54e7d85dba5167c19afc290b8d957233473bef7af9ed704834	{"expectation":"prove","kind":"field-origin","subject":{"direction":"output","interface":"account_usage","ir_document_digest":"sha256:1ef9446471f85b12c1ac70ff6e4ae6b7a0f26d7830988cdf1b2499a90b5823e3","kind":"field","name":"total_units"}}
ax-b03-correct	sha256:f3fa67fc11f22e5bb2c71ef830ebf77ee08828aad6bab7c7f3f338e8e695bb0b	{"expectation":"prove","kind":"numeric-range","subject":{"id":"sha256:a32cb2ae5c4f3fd9d601981d1c9ca0575d94b31e89b15a96054a9d810c676cec","ir_document_digest":"sha256:1ef9446471f85b12c1ac70ff6e4ae6b7a0f26d7830988cdf1b2499a90b5823e3","kind":"contract-path","path":["expression","body","some","values","1","right"]}}
ax-b03-correct	sha256:ff7a2353f94b01c39126a0816d0619283e809b16dc757e44d3a2f7f09780afb5	{"expectation":"prove","kind":"contract-guarantee","subject":{"id":"sha256:a32cb2ae5c4f3fd9d601981d1c9ca0575d94b31e89b15a96054a9d810c676cec","ir_document_digest":"sha256:1ef9446471f85b12c1ac70ff6e4ae6b7a0f26d7830988cdf1b2499a90b5823e3","kind":"contract"}}
ax-b03-wrong-single-group	sha256:0bb841b78affb9b0ef7cd7249d6ed58b70f52e61d3510029cedb7d0a27fb4427	{"expectation":"prove","kind":"numeric-range","subject":{"id":"sha256:a32cb2ae5c4f3fd9d601981d1c9ca0575d94b31e89b15a96054a9d810c676cec","ir_document_digest":"sha256:94454e142e954ddd330d7ac32d635dcfa6f92c260a1362c371823b40b1e48edb","kind":"contract-path","path":["expression","body","some","values","0","right"]}}
ax-b03-wrong-single-group	sha256:0def59e4a5189dc0a0c684035b1ad82adbe15cd9380025dc4dfb49a44b38aeda	{"expectation":"prove","kind":"contract-guarantee","subject":{"id":"sha256:a32cb2ae5c4f3fd9d601981d1c9ca0575d94b31e89b15a96054a9d810c676cec","ir_document_digest":"sha256:94454e142e954ddd330d7ac32d635dcfa6f92c260a1362c371823b40b1e48edb","kind":"contract"}}
ax-b03-wrong-single-group	sha256:21e66da0d40bdcb32318b7e1d1373a022215b65e6ce83dc555b726defd2121cc	{"expectation":"prove","kind":"key-cardinality","subject":{"id":"sha256:22a521bd77bb2f6a59ed03eaf2260464fe71e99ea0c055150d3fee3fe5ff59d3","ir_document_digest":"sha256:94454e142e954ddd330d7ac32d635dcfa6f92c260a1362c371823b40b1e48edb","kind":"node"}}
ax-b03-wrong-single-group	sha256:295c073ec19730db1352c2b8f625feb7a0afe72e26c2c46a485e1fdf3135a80f	{"expectation":"prove","kind":"numeric-range","subject":{"id":"sha256:22a521bd77bb2f6a59ed03eaf2260464fe71e99ea0c055150d3fee3fe5ff59d3","ir_document_digest":"sha256:94454e142e954ddd330d7ac32d635dcfa6f92c260a1362c371823b40b1e48edb","kind":"node-path","path":["aggregates","0"]}}
ax-b03-wrong-single-group	sha256:2ddec105e17dd72929a4cffd10e0e657d7644ed43fdf8a801091f6610e8bc034	{"expectation":"prove","kind":"totality","subject":{"id":"sha256:22a521bd77bb2f6a59ed03eaf2260464fe71e99ea0c055150d3fee3fe5ff59d3","ir_document_digest":"sha256:94454e142e954ddd330d7ac32d635dcfa6f92c260a1362c371823b40b1e48edb","kind":"node"}}
ax-b03-wrong-single-group	sha256:3f47d27b1a7474f1562b1f9966990e54097d9fc885315c555acd3f1479059e72	{"expectation":"prove","kind":"effect-empty","subject":{"ir_document_digest":"sha256:94454e142e954ddd330d7ac32d635dcfa6f92c260a1362c371823b40b1e48edb","kind":"program"}}
ax-b03-wrong-single-group	sha256:43497bd46609fd589cbb2e86d78290558a1cc98d132527cfe94a95d26d933ff9	{"expectation":"prove","kind":"row-coverage","subject":{"id":"sha256:e400e2a5af63d6e81abd8f82e83253170d1f2759a47648ea894bd07c669b5144","ir_document_digest":"sha256:94454e142e954ddd330d7ac32d635dcfa6f92c260a1362c371823b40b1e48edb","kind":"node"}}
ax-b03-wrong-single-group	sha256:5c816716b7f11b4a01153efc7c4d0551d7786480b8e7c58f6e56f1a4d8b5be8a	{"expectation":"prove","kind":"numeric-range","subject":{"id":"sha256:a32cb2ae5c4f3fd9d601981d1c9ca0575d94b31e89b15a96054a9d810c676cec","ir_document_digest":"sha256:94454e142e954ddd330d7ac32d635dcfa6f92c260a1362c371823b40b1e48edb","kind":"contract-path","path":["expression","body","some","values","1","right"]}}
ax-b03-wrong-single-group	sha256:78f14d4a260a682833a046d33b6daef70ca947dba33067760d532b6e9b59b38c	{"expectation":"prove","kind":"field-origin","subject":{"direction":"output","interface":"account_usage","ir_document_digest":"sha256:94454e142e954ddd330d7ac32d635dcfa6f92c260a1362c371823b40b1e48edb","kind":"field","name":"total_units"}}
ax-b03-wrong-single-group	sha256:93c1378647d8c25da4b43ddef90ed54d1cea0eb700377c15f7b3e3bab1e18a20	{"expectation":"prove","kind":"key-cardinality","subject":{"id":"sha256:e400e2a5af63d6e81abd8f82e83253170d1f2759a47648ea894bd07c669b5144","ir_document_digest":"sha256:94454e142e954ddd330d7ac32d635dcfa6f92c260a1362c371823b40b1e48edb","kind":"node"}}
ax-b03-wrong-single-group	sha256:9960c5832183a4d22188fa15e16db4eeeb77b5df5996ff933cb1fd0468f9a6b8	{"expectation":"check","kind":"ir-structure","subject":{"ir_document_digest":"sha256:94454e142e954ddd330d7ac32d635dcfa6f92c260a1362c371823b40b1e48edb","kind":"document"}}
ax-b03-wrong-single-group	sha256:ac6bfa3bbbb349d8f76cb8f5ff21c3ec55f3b5129848682377a3b8ca95051da6	{"expectation":"prove","kind":"field-origin","subject":{"direction":"output","interface":"account_usage","ir_document_digest":"sha256:94454e142e954ddd330d7ac32d635dcfa6f92c260a1362c371823b40b1e48edb","kind":"field","name":"account_id"}}
ax-b03-wrong-single-group	sha256:aefd634ccc260792244f774b570de5aa296b7fa4ea66cbab32609a4fd85bc3bb	{"expectation":"prove","kind":"field-origin","subject":{"direction":"output","interface":"account_usage","ir_document_digest":"sha256:94454e142e954ddd330d7ac32d635dcfa6f92c260a1362c371823b40b1e48edb","kind":"field","name":"event_count"}}
ax-b03-wrong-single-group	sha256:d40501d572ef724880da11920de7df30812d31ea031025df86f37554431b8b35	{"expectation":"prove","kind":"totality","subject":{"id":"sha256:e400e2a5af63d6e81abd8f82e83253170d1f2759a47648ea894bd07c669b5144","ir_document_digest":"sha256:94454e142e954ddd330d7ac32d635dcfa6f92c260a1362c371823b40b1e48edb","kind":"node"}}
ax-b03-wrong-single-group	sha256:ddce9c6a4d7f1fc2b73344b4c27d6307b2aa0968bb9741ea6c934a0c17b749b4	{"expectation":"prove","kind":"numeric-range","subject":{"id":"sha256:22a521bd77bb2f6a59ed03eaf2260464fe71e99ea0c055150d3fee3fe5ff59d3","ir_document_digest":"sha256:94454e142e954ddd330d7ac32d635dcfa6f92c260a1362c371823b40b1e48edb","kind":"node-path","path":["aggregates","1"]}}
ax-b03-wrong-single-group	sha256:eac612135cc9334098269aaf62b091b2e9d9ad43c8dc94a91047665319e52e81	{"expectation":"prove","kind":"row-coverage","subject":{"id":"sha256:22a521bd77bb2f6a59ed03eaf2260464fe71e99ea0c055150d3fee3fe5ff59d3","ir_document_digest":"sha256:94454e142e954ddd330d7ac32d635dcfa6f92c260a1362c371823b40b1e48edb","kind":"node"}}
ax-b03-wrong-single-group	sha256:fddc387ae23bdb59693267d8b3eef609f48ad82c74937cd5dc269030951e26a6	{"expectation":"prove","kind":"group-conservation","subject":{"id":"sha256:22a521bd77bb2f6a59ed03eaf2260464fe71e99ea0c055150d3fee3fe5ff59d3","ir_document_digest":"sha256:94454e142e954ddd330d7ac32d635dcfa6f92c260a1362c371823b40b1e48edb","kind":"node"}}
ax-b03-wrong-unit-sum	sha256:0093225a9b51caa07bf73bee42a0bf4aeec1b7c94dd23855b4549043e5be82c3	{"expectation":"prove","kind":"totality","subject":{"id":"sha256:c66dca77c22e87f01679d9dffcd4dedd666cf0c36c577771a3a8efe75ca0e1fd","ir_document_digest":"sha256:2551c248d172de2b3f35f91c041e7799c3d4d85a7a0ed432056e683859d57120","kind":"node"}}
ax-b03-wrong-unit-sum	sha256:11d92031d625deefab0ecc2b594fdc2d18fb095a5054b24e618fab3542957f0a	{"expectation":"prove","kind":"field-origin","subject":{"direction":"output","interface":"account_usage","ir_document_digest":"sha256:2551c248d172de2b3f35f91c041e7799c3d4d85a7a0ed432056e683859d57120","kind":"field","name":"account_id"}}
ax-b03-wrong-unit-sum	sha256:17acbe8043f023811b76124ba14a8b547e308de6c3cfdd2165b9e4ae55c58097	{"expectation":"prove","kind":"row-coverage","subject":{"id":"sha256:fb2efb149a4c61e9caeed1a7a757437d17c9ec989387d1be81ebb2415d8beb91","ir_document_digest":"sha256:2551c248d172de2b3f35f91c041e7799c3d4d85a7a0ed432056e683859d57120","kind":"node"}}
ax-b03-wrong-unit-sum	sha256:21b2384f3da6fd4a0ca9c48eab5d697ace8ea0399aac8d9705453219a6aa82c0	{"expectation":"prove","kind":"numeric-range","subject":{"id":"sha256:a32cb2ae5c4f3fd9d601981d1c9ca0575d94b31e89b15a96054a9d810c676cec","ir_document_digest":"sha256:2551c248d172de2b3f35f91c041e7799c3d4d85a7a0ed432056e683859d57120","kind":"contract-path","path":["expression","body","some","values","0","right"]}}
ax-b03-wrong-unit-sum	sha256:33e2ff19a058b8ea54eb539c7b104744d29bc3eba4a9c2a80ab9cb3c35e2be1f	{"expectation":"prove","kind":"numeric-range","subject":{"id":"sha256:c66dca77c22e87f01679d9dffcd4dedd666cf0c36c577771a3a8efe75ca0e1fd","ir_document_digest":"sha256:2551c248d172de2b3f35f91c041e7799c3d4d85a7a0ed432056e683859d57120","kind":"node-path","path":["aggregates","0"]}}
ax-b03-wrong-unit-sum	sha256:346cfc1492816c1b24e4dd21a3fadf4b772ff55ae10564c2848a9df1bf2479a3	{"expectation":"prove","kind":"field-origin","subject":{"direction":"output","interface":"account_usage","ir_document_digest":"sha256:2551c248d172de2b3f35f91c041e7799c3d4d85a7a0ed432056e683859d57120","kind":"field","name":"event_count"}}
ax-b03-wrong-unit-sum	sha256:4663982b29e5510b8b5867becc28284821a3b81fd1917c03b974d0312483146e	{"expectation":"prove","kind":"effect-empty","subject":{"ir_document_digest":"sha256:2551c248d172de2b3f35f91c041e7799c3d4d85a7a0ed432056e683859d57120","kind":"program"}}
ax-b03-wrong-unit-sum	sha256:63817ef5a0497dcbfb9c57e7dec7fef034a020d102e37d0bc58e975cbc89be21	{"expectation":"prove","kind":"row-coverage","subject":{"id":"sha256:c66dca77c22e87f01679d9dffcd4dedd666cf0c36c577771a3a8efe75ca0e1fd","ir_document_digest":"sha256:2551c248d172de2b3f35f91c041e7799c3d4d85a7a0ed432056e683859d57120","kind":"node"}}
ax-b03-wrong-unit-sum	sha256:68eaf44c6b424d13a7bb53d5c8597eb268602e96e6087e3acff22f3f35960e7c	{"expectation":"prove","kind":"contract-guarantee","subject":{"id":"sha256:a32cb2ae5c4f3fd9d601981d1c9ca0575d94b31e89b15a96054a9d810c676cec","ir_document_digest":"sha256:2551c248d172de2b3f35f91c041e7799c3d4d85a7a0ed432056e683859d57120","kind":"contract"}}
ax-b03-wrong-unit-sum	sha256:a2468d1d0849bb6550d6d38feba50fb0db74f3aa882dc53021dc3d8192efd97f	{"expectation":"prove","kind":"totality","subject":{"id":"sha256:fb2efb149a4c61e9caeed1a7a757437d17c9ec989387d1be81ebb2415d8beb91","ir_document_digest":"sha256:2551c248d172de2b3f35f91c041e7799c3d4d85a7a0ed432056e683859d57120","kind":"node"}}
ax-b03-wrong-unit-sum	sha256:adc2c14ca94b7a80e98eaec58d0fcc93f5d30962ae69e2ecb8b06684914f1dda	{"expectation":"prove","kind":"numeric-range","subject":{"id":"sha256:a32cb2ae5c4f3fd9d601981d1c9ca0575d94b31e89b15a96054a9d810c676cec","ir_document_digest":"sha256:2551c248d172de2b3f35f91c041e7799c3d4d85a7a0ed432056e683859d57120","kind":"contract-path","path":["expression","body","some","values","1","right"]}}
ax-b03-wrong-unit-sum	sha256:d3ec8caf6c0ea7f910b879c9203ad1da369537c13f116657f72289a22f13c895	{"expectation":"prove","kind":"key-cardinality","subject":{"id":"sha256:fb2efb149a4c61e9caeed1a7a757437d17c9ec989387d1be81ebb2415d8beb91","ir_document_digest":"sha256:2551c248d172de2b3f35f91c041e7799c3d4d85a7a0ed432056e683859d57120","kind":"node"}}
ax-b03-wrong-unit-sum	sha256:d6828dab0ebeb9103708e0308f3a416f73fe9927b0b5fc6c9634878a624520aa	{"expectation":"check","kind":"ir-structure","subject":{"ir_document_digest":"sha256:2551c248d172de2b3f35f91c041e7799c3d4d85a7a0ed432056e683859d57120","kind":"document"}}
ax-b03-wrong-unit-sum	sha256:d7ed61b49146925ead43076787ceb7ee8b098be724b4574e3d8c9f4e3088342c	{"expectation":"prove","kind":"numeric-range","subject":{"id":"sha256:c66dca77c22e87f01679d9dffcd4dedd666cf0c36c577771a3a8efe75ca0e1fd","ir_document_digest":"sha256:2551c248d172de2b3f35f91c041e7799c3d4d85a7a0ed432056e683859d57120","kind":"node-path","path":["aggregates","1"]}}
ax-b03-wrong-unit-sum	sha256:db6c286b9a8e460297b385cc111986d4554a3b79262692d63f4f7695cc392179	{"expectation":"prove","kind":"group-conservation","subject":{"id":"sha256:c66dca77c22e87f01679d9dffcd4dedd666cf0c36c577771a3a8efe75ca0e1fd","ir_document_digest":"sha256:2551c248d172de2b3f35f91c041e7799c3d4d85a7a0ed432056e683859d57120","kind":"node"}}
ax-b03-wrong-unit-sum	sha256:e54c170677b8aa6232c858e59b1b5c605c81ac24e90c86eb779158a4f02fa4d6	{"expectation":"prove","kind":"key-cardinality","subject":{"id":"sha256:c66dca77c22e87f01679d9dffcd4dedd666cf0c36c577771a3a8efe75ca0e1fd","ir_document_digest":"sha256:2551c248d172de2b3f35f91c041e7799c3d4d85a7a0ed432056e683859d57120","kind":"node"}}
ax-b03-wrong-unit-sum	sha256:e6c4dc387f2880b6df3d2126a076227f1a6cfcacdb4004daea48fd547d348730	{"expectation":"prove","kind":"field-origin","subject":{"direction":"output","interface":"account_usage","ir_document_digest":"sha256:2551c248d172de2b3f35f91c041e7799c3d4d85a7a0ed432056e683859d57120","kind":"field","name":"total_units"}}
ax-b04-correct	sha256:07ee6f952daaf52db4e354a022843c8386dfb8fb88ad988f81a590d96ad1f6d4	{"expectation":"prove","kind":"field-origin","subject":{"direction":"output","interface":"export","ir_document_digest":"sha256:2a534e86f7db392dcb0a936365515cd73601d7f73c38268f34913aba49471e51","kind":"field","name":"ticket_id"}}
ax-b04-correct	sha256:1e9c67cc0f3f9ded5936d0af3be3324d6f93e4158875bf3a405d3e805f06166c	{"expectation":"prove","kind":"row-coverage","subject":{"id":"sha256:d7b5670b28dde12c20a5915ac5972b06f151480fe13b0cecf1ae245bd01cfa5e","ir_document_digest":"sha256:2a534e86f7db392dcb0a936365515cd73601d7f73c38268f34913aba49471e51","kind":"node"}}
ax-b04-correct	sha256:4b6427ff1622d7185907998cea09a9585354a245172b1cd242c479f34b7af3f2	{"expectation":"prove","kind":"noninterference","subject":{"id":"sha256:47b4dbffed1e557ece4fdfff7a8e260e74fb1a084e31ed095c5ff04364697d37","ir_document_digest":"sha256:2a534e86f7db392dcb0a936365515cd73601d7f73c38268f34913aba49471e51","kind":"contract"}}
ax-b04-correct	sha256:5e195b46d5dfc3cadf38e77be44e53022230f6eed6cc5e723692499e476b78c9	{"expectation":"prove","kind":"field-origin","subject":{"direction":"output","interface":"export","ir_document_digest":"sha256:2a534e86f7db392dcb0a936365515cd73601d7f73c38268f34913aba49471e51","kind":"field","name":"priority"}}
ax-b04-correct	sha256:6375731d3a97f84e4a3d2973ea37d600f7fe14734c3b9ed7be9af97e11a1856d	{"expectation":"prove","kind":"contract-guarantee","subject":{"id":"sha256:c06ff66a9f001bc1e176b1b63b5b207e93a3e2fd5bd51495e249903f7fc4c388","ir_document_digest":"sha256:2a534e86f7db392dcb0a936365515cd73601d7f73c38268f34913aba49471e51","kind":"contract"}}
ax-b04-correct	sha256:7c2ae47ad52d5c13535f2ae09a791d04b22bac1a2b71093e1de08992e5666f89	{"expectation":"prove","kind":"key-cardinality","subject":{"id":"sha256:d7b5670b28dde12c20a5915ac5972b06f151480fe13b0cecf1ae245bd01cfa5e","ir_document_digest":"sha256:2a534e86f7db392dcb0a936365515cd73601d7f73c38268f34913aba49471e51","kind":"node"}}
ax-b04-correct	sha256:957b0dd8dd681e993285e286420e9d167ff378d996f5f9f1cc183b4c7505cbdb	{"expectation":"prove","kind":"field-origin","subject":{"direction":"output","interface":"export","ir_document_digest":"sha256:2a534e86f7db392dcb0a936365515cd73601d7f73c38268f34913aba49471e51","kind":"field","name":"category"}}
ax-b04-correct	sha256:c894f6fd957249b570a25d32a75cd6dc6c49d42ff145efe3ad870c70b7fbe435	{"expectation":"check","kind":"ir-structure","subject":{"ir_document_digest":"sha256:2a534e86f7db392dcb0a936365515cd73601d7f73c38268f34913aba49471e51","kind":"document"}}
ax-b04-correct	sha256:da78bfae8398269fd340032ecc342166d29c82a61705828eca2b3fe38d1afe06	{"expectation":"prove","kind":"effect-empty","subject":{"ir_document_digest":"sha256:2a534e86f7db392dcb0a936365515cd73601d7f73c38268f34913aba49471e51","kind":"program"}}
ax-b04-correct	sha256:f0afbdcd880bce2bb18e8146c2f46da10a362360f39e2c0243759ad2dfde8d7f	{"expectation":"prove","kind":"totality","subject":{"id":"sha256:d7b5670b28dde12c20a5915ac5972b06f151480fe13b0cecf1ae245bd01cfa5e","ir_document_digest":"sha256:2a534e86f7db392dcb0a936365515cd73601d7f73c38268f34913aba49471e51","kind":"node"}}
ax-b04-wrong-sensitive-filter	sha256:0ebfe9c852cea90c3290f3fd09680cc456fe129cbc1e56bdec73c43edc1561ff	{"expectation":"prove","kind":"row-coverage","subject":{"id":"sha256:d232f2d424a21ed87a14b086d7c03a579f4fd9d605a966ae06468eb057c33404","ir_document_digest":"sha256:e63c1e06fd42feab80401528dd8c8dc2272757c5e800cb1603c4227f198ef38b","kind":"node"}}
ax-b04-wrong-sensitive-filter	sha256:3380b97e723c6979bb93fa61fe9495a1d5f9a5e3b7cacdcb3059fa87984b278f	{"expectation":"prove","kind":"row-coverage","subject":{"id":"sha256:dedafd433b7c479c18ddbab7c06d4c16a631394969b5fa60d4b2ee2283d19fb3","ir_document_digest":"sha256:e63c1e06fd42feab80401528dd8c8dc2272757c5e800cb1603c4227f198ef38b","kind":"node"}}
ax-b04-wrong-sensitive-filter	sha256:5962ab75c48e0b02eec40db6acf60fbc959aedf60f54c464cf5692f8f549d434	{"expectation":"prove","kind":"noninterference","subject":{"id":"sha256:47b4dbffed1e557ece4fdfff7a8e260e74fb1a084e31ed095c5ff04364697d37","ir_document_digest":"sha256:e63c1e06fd42feab80401528dd8c8dc2272757c5e800cb1603c4227f198ef38b","kind":"contract"}}
ax-b04-wrong-sensitive-filter	sha256:59761080395d8d6dc06b9aac6fd01e82df61c7ccb932ddfb7d4fff50580a4b92	{"expectation":"prove","kind":"field-origin","subject":{"direction":"output","interface":"export","ir_document_digest":"sha256:e63c1e06fd42feab80401528dd8c8dc2272757c5e800cb1603c4227f198ef38b","kind":"field","name":"category"}}
ax-b04-wrong-sensitive-filter	sha256:5cd8bfea9185e39f3e639b757f694d8f8dd3a2551c7b01c75f215d6f69e6a108	{"expectation":"prove","kind":"field-origin","subject":{"direction":"output","interface":"export","ir_document_digest":"sha256:e63c1e06fd42feab80401528dd8c8dc2272757c5e800cb1603c4227f198ef38b","kind":"field","name":"ticket_id"}}
ax-b04-wrong-sensitive-filter	sha256:70b503421ccf534caab6f1d18f64d8a64f4dd098bb96cf3ee40a736f0e8eb935	{"expectation":"prove","kind":"effect-empty","subject":{"ir_document_digest":"sha256:e63c1e06fd42feab80401528dd8c8dc2272757c5e800cb1603c4227f198ef38b","kind":"program"}}
ax-b04-wrong-sensitive-filter	sha256:9431ac475a2337a68c96d9a076f36f72b1d4372aad76db1a76ec87b8ae6507e9	{"expectation":"prove","kind":"totality","subject":{"id":"sha256:d232f2d424a21ed87a14b086d7c03a579f4fd9d605a966ae06468eb057c33404","ir_document_digest":"sha256:e63c1e06fd42feab80401528dd8c8dc2272757c5e800cb1603c4227f198ef38b","kind":"node"}}
ax-b04-wrong-sensitive-filter	sha256:94ddccc9a95f7ba9b67aa1622918c93f10f68b6876fa6b41364837c6e1565720	{"expectation":"prove","kind":"contract-guarantee","subject":{"id":"sha256:c06ff66a9f001bc1e176b1b63b5b207e93a3e2fd5bd51495e249903f7fc4c388","ir_document_digest":"sha256:e63c1e06fd42feab80401528dd8c8dc2272757c5e800cb1603c4227f198ef38b","kind":"contract"}}
ax-b04-wrong-sensitive-filter	sha256:a40aa1bef070872bdd85c80b9f65877e99bb227421dc14526b1466b33a9b4693	{"expectation":"prove","kind":"key-cardinality","subject":{"id":"sha256:d232f2d424a21ed87a14b086d7c03a579f4fd9d605a966ae06468eb057c33404","ir_document_digest":"sha256:e63c1e06fd42feab80401528dd8c8dc2272757c5e800cb1603c4227f198ef38b","kind":"node"}}
ax-b04-wrong-sensitive-filter	sha256:c2f87bdcaf2e2f1f2826a7cdc8ddcadc89782d59e0a734eadc7fffd5be68b082	{"expectation":"prove","kind":"key-cardinality","subject":{"id":"sha256:dedafd433b7c479c18ddbab7c06d4c16a631394969b5fa60d4b2ee2283d19fb3","ir_document_digest":"sha256:e63c1e06fd42feab80401528dd8c8dc2272757c5e800cb1603c4227f198ef38b","kind":"node"}}
ax-b04-wrong-sensitive-filter	sha256:cffa94d14bf6fa446c317fa3022da83ba5ed2d24b238c9669ef9c031458fe8ab	{"expectation":"prove","kind":"totality","subject":{"id":"sha256:dedafd433b7c479c18ddbab7c06d4c16a631394969b5fa60d4b2ee2283d19fb3","ir_document_digest":"sha256:e63c1e06fd42feab80401528dd8c8dc2272757c5e800cb1603c4227f198ef38b","kind":"node"}}
ax-b04-wrong-sensitive-filter	sha256:df58c1739fed004ffdb4e0622cf24b1487f2273c61d52fd54fc9a8bea9268260	{"expectation":"prove","kind":"field-origin","subject":{"direction":"output","interface":"export","ir_document_digest":"sha256:e63c1e06fd42feab80401528dd8c8dc2272757c5e800cb1603c4227f198ef38b","kind":"field","name":"priority"}}
ax-b04-wrong-sensitive-filter	sha256:f5899d6a637604f4b83a8a71daec8707b45bd7cf949ac55bb9e2c6971ad946df	{"expectation":"check","kind":"ir-structure","subject":{"ir_document_digest":"sha256:e63c1e06fd42feab80401528dd8c8dc2272757c5e800cb1603c4227f198ef38b","kind":"document"}}
ax-b04-wrong-sensitive-priority	sha256:15ddebe826b602332cab840298a4460f76bb75637404a746b2a1f418515a5621	{"expectation":"prove","kind":"field-origin","subject":{"direction":"output","interface":"export","ir_document_digest":"sha256:010175a4ffb4c7f0e84a17512f943710ffd1a47f362098e8b3c48442ccd8a4ea","kind":"field","name":"category"}}
ax-b04-wrong-sensitive-priority	sha256:1df2da9a8a8b1d4d0f18093115ef5c4f743f2bfd052fbc514faaa7477a7e245e	{"expectation":"prove","kind":"field-origin","subject":{"direction":"output","interface":"export","ir_document_digest":"sha256:010175a4ffb4c7f0e84a17512f943710ffd1a47f362098e8b3c48442ccd8a4ea","kind":"field","name":"priority"}}
ax-b04-wrong-sensitive-priority	sha256:2453a8e625dc84e59f81a2bdc2d59b6e1a2107d98a99c9a74d4da28c610dc7ab	{"expectation":"prove","kind":"effect-empty","subject":{"ir_document_digest":"sha256:010175a4ffb4c7f0e84a17512f943710ffd1a47f362098e8b3c48442ccd8a4ea","kind":"program"}}
ax-b04-wrong-sensitive-priority	sha256:44d6c377c7af474400831ae604b364257c7dae63890989424d5745fc588444fd	{"expectation":"prove","kind":"field-origin","subject":{"direction":"output","interface":"export","ir_document_digest":"sha256:010175a4ffb4c7f0e84a17512f943710ffd1a47f362098e8b3c48442ccd8a4ea","kind":"field","name":"ticket_id"}}
ax-b04-wrong-sensitive-priority	sha256:c394cfd1a6057da043bcb2eca3585602d279ed3f5a44c209e6ce0b4ff4b37386	{"expectation":"prove","kind":"noninterference","subject":{"id":"sha256:47b4dbffed1e557ece4fdfff7a8e260e74fb1a084e31ed095c5ff04364697d37","ir_document_digest":"sha256:010175a4ffb4c7f0e84a17512f943710ffd1a47f362098e8b3c48442ccd8a4ea","kind":"contract"}}
ax-b04-wrong-sensitive-priority	sha256:c4e468297b52b00c6fbfae132ed3d59a52cee898879591696bb45eb139add704	{"expectation":"prove","kind":"contract-guarantee","subject":{"id":"sha256:c06ff66a9f001bc1e176b1b63b5b207e93a3e2fd5bd51495e249903f7fc4c388","ir_document_digest":"sha256:010175a4ffb4c7f0e84a17512f943710ffd1a47f362098e8b3c48442ccd8a4ea","kind":"contract"}}
ax-b04-wrong-sensitive-priority	sha256:cafc3cd35f0eac6c93e10fb1890eca338e260ac8f4f19d7bb5a27abaf0823b5b	{"expectation":"prove","kind":"key-cardinality","subject":{"id":"sha256:4e903b9c8fe16c1a94a69fb78612a7dca0315292e61b052ff62be747c264d854","ir_document_digest":"sha256:010175a4ffb4c7f0e84a17512f943710ffd1a47f362098e8b3c48442ccd8a4ea","kind":"node"}}
ax-b04-wrong-sensitive-priority	sha256:d22879581deef5e6f287bcf178380c26803e1d4b707d6c128fd966d557f8059f	{"expectation":"prove","kind":"totality","subject":{"id":"sha256:4e903b9c8fe16c1a94a69fb78612a7dca0315292e61b052ff62be747c264d854","ir_document_digest":"sha256:010175a4ffb4c7f0e84a17512f943710ffd1a47f362098e8b3c48442ccd8a4ea","kind":"node"}}
ax-b04-wrong-sensitive-priority	sha256:e958898f2bd34007943c3119b2f21ab754f00814a0dc35be781415b9b8f333b3	{"expectation":"prove","kind":"row-coverage","subject":{"id":"sha256:4e903b9c8fe16c1a94a69fb78612a7dca0315292e61b052ff62be747c264d854","ir_document_digest":"sha256:010175a4ffb4c7f0e84a17512f943710ffd1a47f362098e8b3c48442ccd8a4ea","kind":"node"}}
ax-b04-wrong-sensitive-priority	sha256:f3bab762baa1730b296dfcf336b22dbf0447663da5b2bd78c0088ce225a9fe0d	{"expectation":"check","kind":"ir-structure","subject":{"ir_document_digest":"sha256:010175a4ffb4c7f0e84a17512f943710ffd1a47f362098e8b3c48442ccd8a4ea","kind":"document"}}
node	sha256:004c83a04bfda00e038327baa42c12054d8fe7f002fc437f985685ad1de82c06	{"expectation":"check","kind":"ir-structure","subject":{"ir_document_digest":"sha256:aa5ded3cc1035b20a9a5595658ddfe389be078326e24de6d40bd5215bc0bb2f2","kind":"document"}}
node	sha256:05efb28b8371f79470d351683952c1c672530bc1577bbd6c14ae491c00d16333	{"expectation":"prove","kind":"row-coverage","subject":{"id":"sha256:16c2219df931f89a3a51938bfa7964dd5663d961801c7683e693ce6b1021fa23","ir_document_digest":"sha256:aa5ded3cc1035b20a9a5595658ddfe389be078326e24de6d40bd5215bc0bb2f2","kind":"node"}}
node	sha256:0a71afaf903afb0a08de71d1967333c78521a61635ea799854f4d8dfe1399f6e	{"expectation":"prove","kind":"key-cardinality","subject":{"id":"sha256:16c2219df931f89a3a51938bfa7964dd5663d961801c7683e693ce6b1021fa23","ir_document_digest":"sha256:aa5ded3cc1035b20a9a5595658ddfe389be078326e24de6d40bd5215bc0bb2f2","kind":"node"}}
node	sha256:0dfe2af48e1dc4ce8f0dad49e5692cc4c59a017902c2bd251ad7ce54f508b136	{"expectation":"prove","kind":"numeric-range","subject":{"id":"sha256:1be453cd20477f6e25aa503f072e921c235890712e90f9f2e53fbe3ecd4a22bc","ir_document_digest":"sha256:aa5ded3cc1035b20a9a5595658ddfe389be078326e24de6d40bd5215bc0bb2f2","kind":"node-path","path":["aggregates","1"]}}
node	sha256:196d5233ffe0140e369b421c62f09800bb195648383ebd4a531d0a59213b0868	{"expectation":"prove","kind":"numeric-range","subject":{"id":"sha256:1be453cd20477f6e25aa503f072e921c235890712e90f9f2e53fbe3ecd4a22bc","ir_document_digest":"sha256:aa5ded3cc1035b20a9a5595658ddfe389be078326e24de6d40bd5215bc0bb2f2","kind":"node-path","path":["aggregates","0"]}}
node	sha256:32bac35bb06a5b27155a6f7d6272bff739242423a28e9bd72ac4056d7e943074	{"expectation":"prove","kind":"row-coverage","subject":{"id":"sha256:301d9c7e404c3f4907ec3ae8559920bd34a1f3f50cf13c16750d0d6b8bd72082","ir_document_digest":"sha256:aa5ded3cc1035b20a9a5595658ddfe389be078326e24de6d40bd5215bc0bb2f2","kind":"node"}}
node	sha256:459a36dba36f09291d9d02769dae471959abb00b15abf9485bc1d96b55e19949	{"expectation":"prove","kind":"key-cardinality","subject":{"id":"sha256:1be453cd20477f6e25aa503f072e921c235890712e90f9f2e53fbe3ecd4a22bc","ir_document_digest":"sha256:aa5ded3cc1035b20a9a5595658ddfe389be078326e24de6d40bd5215bc0bb2f2","kind":"node"}}
node	sha256:48f1599bc05f07fc844dec2a1dd11d0f3ddc52172b98d7153ecfb074440d062b	{"expectation":"prove","kind":"effect-empty","subject":{"ir_document_digest":"sha256:aa5ded3cc1035b20a9a5595658ddfe389be078326e24de6d40bd5215bc0bb2f2","kind":"program"}}
node	sha256:5e4beb31d6c7c5c9f72021caea0f13a27176cde1d22bd3d7bc0baa460254eab6	{"expectation":"prove","kind":"totality","subject":{"id":"sha256:090b2f6e330b07e216976b9aa6d6f99e65a8299704958e2f080ea962a1d5bbfb","ir_document_digest":"sha256:aa5ded3cc1035b20a9a5595658ddfe389be078326e24de6d40bd5215bc0bb2f2","kind":"node"}}
node	sha256:7a1c99ce1b92a33c15ec46d466e3678b1032b42519c8a1973f02321e2b6276a8	{"expectation":"prove","kind":"field-origin","subject":{"direction":"output","interface":"result","ir_document_digest":"sha256:aa5ded3cc1035b20a9a5595658ddfe389be078326e24de6d40bd5215bc0bb2f2","kind":"field","name":"sum"}}
node	sha256:7dcb0f2266830cf26affbb97d8fecc33b915c8c6be794a2a75c02419144c2fee	{"expectation":"prove","kind":"field-origin","subject":{"direction":"output","interface":"result","ir_document_digest":"sha256:aa5ded3cc1035b20a9a5595658ddfe389be078326e24de6d40bd5215bc0bb2f2","kind":"field","name":""}}
node	sha256:87bc7d7babafb008cc8d853ae07fcc15807d631e594f4e71746bd1d9c88abc2d	{"expectation":"prove","kind":"row-coverage","subject":{"id":"sha256:090b2f6e330b07e216976b9aa6d6f99e65a8299704958e2f080ea962a1d5bbfb","ir_document_digest":"sha256:aa5ded3cc1035b20a9a5595658ddfe389be078326e24de6d40bd5215bc0bb2f2","kind":"node"}}
node	sha256:8b78a478eb09c07be3f319d71b4756700957560ab2dd09e8f2e75c21b48a2a3d	{"expectation":"prove","kind":"key-cardinality","subject":{"id":"sha256:090b2f6e330b07e216976b9aa6d6f99e65a8299704958e2f080ea962a1d5bbfb","ir_document_digest":"sha256:aa5ded3cc1035b20a9a5595658ddfe389be078326e24de6d40bd5215bc0bb2f2","kind":"node"}}
node	sha256:9536074da9c6a0a51866a8831df17f4703516cff7d1435cfcfe88943692e940d	{"expectation":"prove","kind":"row-coverage","subject":{"id":"sha256:1be453cd20477f6e25aa503f072e921c235890712e90f9f2e53fbe3ecd4a22bc","ir_document_digest":"sha256:aa5ded3cc1035b20a9a5595658ddfe389be078326e24de6d40bd5215bc0bb2f2","kind":"node"}}
node	sha256:a0615b77b9d7fd3765e45aad1c8e24cb3961d54605d6357b4351bff802da52d7	{"expectation":"prove","kind":"totality","subject":{"id":"sha256:1be453cd20477f6e25aa503f072e921c235890712e90f9f2e53fbe3ecd4a22bc","ir_document_digest":"sha256:aa5ded3cc1035b20a9a5595658ddfe389be078326e24de6d40bd5215bc0bb2f2","kind":"node"}}
node	sha256:a1c49908c01b397de62cb5bb0f10fe4e858e0851ab3cee4028445da48ce78d5b	{"expectation":"prove","kind":"group-conservation","subject":{"id":"sha256:1be453cd20477f6e25aa503f072e921c235890712e90f9f2e53fbe3ecd4a22bc","ir_document_digest":"sha256:aa5ded3cc1035b20a9a5595658ddfe389be078326e24de6d40bd5215bc0bb2f2","kind":"node"}}
node	sha256:b54d523233f8f0e0550b859ad6234a049f70c1189df8a5492d432b8aa4f62bc2	{"expectation":"prove","kind":"totality","subject":{"id":"sha256:301d9c7e404c3f4907ec3ae8559920bd34a1f3f50cf13c16750d0d6b8bd72082","ir_document_digest":"sha256:aa5ded3cc1035b20a9a5595658ddfe389be078326e24de6d40bd5215bc0bb2f2","kind":"node"}}
node	sha256:d2d798b241d37ce1604b3eb6ada6bdb4ecf40d862f6e8937868c055a02da8f6d	{"expectation":"prove","kind":"field-origin","subject":{"direction":"output","interface":"result","ir_document_digest":"sha256:aa5ded3cc1035b20a9a5595658ddfe389be078326e24de6d40bd5215bc0bb2f2","kind":"field","name":"𐀀"}}
node	sha256:d67cd53094447463957616e972d8f06c249b306eab1fe5e11a6b36105deb5dca	{"expectation":"prove","kind":"totality","subject":{"id":"sha256:16c2219df931f89a3a51938bfa7964dd5663d961801c7683e693ce6b1021fa23","ir_document_digest":"sha256:aa5ded3cc1035b20a9a5595658ddfe389be078326e24de6d40bd5215bc0bb2f2","kind":"node"}}
node	sha256:e3da323706d8d11471b8ec228eba629e8b1edbd193684ea710c5c02dd7b8946e	{"expectation":"prove","kind":"field-origin","subject":{"direction":"output","interface":"result","ir_document_digest":"sha256:aa5ded3cc1035b20a9a5595658ddfe389be078326e24de6d40bd5215bc0bb2f2","kind":"field","name":"count"}}
node	sha256:e678f854a4d4e5e0b20308cb1af68028e5495c1c0c65e0c06f1fd9cbe4e012e5	{"expectation":"prove","kind":"key-cardinality","subject":{"id":"sha256:301d9c7e404c3f4907ec3ae8559920bd34a1f3f50cf13c16750d0d6b8bd72082","ir_document_digest":"sha256:aa5ded3cc1035b20a9a5595658ddfe389be078326e24de6d40bd5215bc0bb2f2","kind":"node"}}
contract	sha256:0ee20623517336ff845a2d95000fc79cf3e28ebb3bb910ef5762cfa35f262082	{"expectation":"prove","kind":"field-origin","subject":{"direction":"output","interface":"result","ir_document_digest":"sha256:94fa4434bd9960a82fe9fdfc3bbc7df9201437aa7a7901eb1a4b0698106a7454","kind":"field","name":"price"}}
contract	sha256:1081860180450e011fbaca3be378695df7a3cdc8669935d3d8aaa8bbefbb7f1d	{"expectation":"prove","kind":"numeric-range","subject":{"id":"sha256:a6ff6c9461dcd087e796ffe7c1a81c1c9e75ae5c6b4c6d2af849bb63dd61ac54","ir_document_digest":"sha256:94fa4434bd9960a82fe9fdfc3bbc7df9201437aa7a7901eb1a4b0698106a7454","kind":"contract-path","path":["expression","right","value"]}}
contract	sha256:1429bec529918e00fc0912e4732a568521c9c8ff28feff1af6d576ddd73aa679	{"expectation":"prove","kind":"field-origin","subject":{"direction":"output","interface":"","ir_document_digest":"sha256:94fa4434bd9960a82fe9fdfc3bbc7df9201437aa7a7901eb1a4b0698106a7454","kind":"field","name":"price"}}
contract	sha256:1c44d9767215d5f958e7a3e4161cb8f42827669fbfecf6dd0e2801bae0ad2116	{"expectation":"prove","kind":"field-origin","subject":{"direction":"output","interface":"","ir_document_digest":"sha256:94fa4434bd9960a82fe9fdfc3bbc7df9201437aa7a7901eb1a4b0698106a7454","kind":"field","name":"flag"}}
contract	sha256:212c37e7e974b086cfb05e2afa1fb1a8f46665a36f8add273bdfcc11c695845a	{"expectation":"prove","kind":"contract-guarantee","subject":{"id":"sha256:15a7f8481dda60d17105cef3065396780f07cd71ba342f7418a75c3ddbac561d","ir_document_digest":"sha256:94fa4434bd9960a82fe9fdfc3bbc7df9201437aa7a7901eb1a4b0698106a7454","kind":"contract"}}
contract	sha256:28006250a1495da7874b8fe25c750cbfae2f82682ceae10f3a5440e8328790ec	{"expectation":"prove","kind":"field-origin","subject":{"direction":"output","interface":"𐀀","ir_document_digest":"sha256:94fa4434bd9960a82fe9fdfc3bbc7df9201437aa7a7901eb1a4b0698106a7454","kind":"field","name":"price"}}
contract	sha256:291f66d3c660104d83e4724c778a1f29e9cfaae9f7f0d5a5772e8014002f8df4	{"expectation":"prove","kind":"field-origin","subject":{"direction":"output","interface":"𐀀","ir_document_digest":"sha256:94fa4434bd9960a82fe9fdfc3bbc7df9201437aa7a7901eb1a4b0698106a7454","kind":"field","name":"𐀀"}}
contract	sha256:2eb53136945e660eeb6a768ce8a486866cd48e67e3f8df7d95f38ecb4ce6a970	{"expectation":"prove","kind":"numeric-range","subject":{"id":"sha256:06bc897c4f4374c23d70c71aa1d785e48fe8a8651c9cc86c230299b38fcd6089","ir_document_digest":"sha256:94fa4434bd9960a82fe9fdfc3bbc7df9201437aa7a7901eb1a4b0698106a7454","kind":"contract-path","path":["expression","left"]}}
contract	sha256:2f799df7a370654142bc579083635d2fbb10d9c6c830d070cd674f5a442c5516	{"expectation":"prove","kind":"field-origin","subject":{"direction":"output","interface":"é","ir_document_digest":"sha256:94fa4434bd9960a82fe9fdfc3bbc7df9201437aa7a7901eb1a4b0698106a7454","kind":"field","name":"price"}}
contract	sha256:3130fed4e5b1596480ae1d45cfeb94da7ee05d0250ca64d6e1d699e77f5c174c	{"expectation":"prove","kind":"contract-guarantee","subject":{"id":"sha256:2d983461308cdd044c62585ba1d1583918c68914522b4ee8d1cf535d81d47419","ir_document_digest":"sha256:94fa4434bd9960a82fe9fdfc3bbc7df9201437aa7a7901eb1a4b0698106a7454","kind":"contract"}}
contract	sha256:314685c6f87bb59ff95f3888d583e672cb783bb1d38ef1e27b2ef2ad78329bfe	{"expectation":"prove","kind":"field-origin","subject":{"direction":"output","interface":"","ir_document_digest":"sha256:94fa4434bd9960a82fe9fdfc3bbc7df9201437aa7a7901eb1a4b0698106a7454","kind":"field","name":"units"}}
contract	sha256:3a676c88e6a8f5b76870f52603463413ab10528cb8ffb41adc237422f92d8513	{"expectation":"prove","kind":"field-origin","subject":{"direction":"output","interface":"é","ir_document_digest":"sha256:94fa4434bd9960a82fe9fdfc3bbc7df9201437aa7a7901eb1a4b0698106a7454","kind":"field","name":"units"}}
contract	sha256:3b56e84f505edbf2a5110f0972ebaf79c2435f6339b81f5663e77eb11e14c347	{"expectation":"prove","kind":"field-origin","subject":{"direction":"output","interface":"é","ir_document_digest":"sha256:94fa4434bd9960a82fe9fdfc3bbc7df9201437aa7a7901eb1a4b0698106a7454","kind":"field","name":"flag"}}
contract	sha256:4a43335a616917f998f8c9eb2a2472ae3822552d8c1b7bab5481a92779643705	{"expectation":"prove","kind":"contract-guarantee","subject":{"id":"sha256:790a1a3b9f15a8e0c7ca671e0484f266534de2a396402d3360827cb79d8f38f6","ir_document_digest":"sha256:94fa4434bd9960a82fe9fdfc3bbc7df9201437aa7a7901eb1a4b0698106a7454","kind":"contract"}}
contract	sha256:4b9587d042d72f3b0582d0c4474c7dfc61c03333a4f3380258dcc8a7bc69a103	{"expectation":"prove","kind":"noninterference","subject":{"id":"sha256:87566adbe129478fcbb365ecaaa98e54306fc2f617b9053702185f0d51b9f026","ir_document_digest":"sha256:94fa4434bd9960a82fe9fdfc3bbc7df9201437aa7a7901eb1a4b0698106a7454","kind":"contract"}}
contract	sha256:55b5dc5bdde9109c4d70116b5ead89528942cb697e09628f7412e8e844281375	{"expectation":"prove","kind":"field-origin","subject":{"direction":"output","interface":"","ir_document_digest":"sha256:94fa4434bd9960a82fe9fdfc3bbc7df9201437aa7a7901eb1a4b0698106a7454","kind":"field","name":""}}
contract	sha256:574aa61f2ee1ab10958b3c8229e3da3745697d09acd1269465ba94b89b38d3fb	{"expectation":"prove","kind":"field-origin","subject":{"direction":"output","interface":"result","ir_document_digest":"sha256:94fa4434bd9960a82fe9fdfc3bbc7df9201437aa7a7901eb1a4b0698106a7454","kind":"field","name":"flag"}}
contract	sha256:5c53006b6a3344f82629f49d110c185fd5d972f7e8abe5ff952be529a9ee1cf1	{"expectation":"prove","kind":"field-origin","subject":{"direction":"output","interface":"é","ir_document_digest":"sha256:94fa4434bd9960a82fe9fdfc3bbc7df9201437aa7a7901eb1a4b0698106a7454","kind":"field","name":"𐀀"}}
contract	sha256:64652a074023e3a0288b1669a0e2605cc1d9c0802ac06aa1f75d89cd36a2c3a1	{"expectation":"prove","kind":"numeric-range","subject":{"id":"sha256:a6ff6c9461dcd087e796ffe7c1a81c1c9e75ae5c6b4c6d2af849bb63dd61ac54","ir_document_digest":"sha256:94fa4434bd9960a82fe9fdfc3bbc7df9201437aa7a7901eb1a4b0698106a7454","kind":"contract-path","path":["expression","right"]}}
contract	sha256:692038d523563ec75f2c13646f31ef6b3edeb3d086e5a8b2555301932e2d5fd3	{"expectation":"prove","kind":"field-origin","subject":{"direction":"output","interface":"é","ir_document_digest":"sha256:94fa4434bd9960a82fe9fdfc3bbc7df9201437aa7a7901eb1a4b0698106a7454","kind":"field","name":"price"}}
contract	sha256:86af03512cd8c2f661556bd51a002083400c209bbcc5bf582f5e9a931f4b776b	{"expectation":"prove","kind":"field-origin","subject":{"direction":"output","interface":"é","ir_document_digest":"sha256:94fa4434bd9960a82fe9fdfc3bbc7df9201437aa7a7901eb1a4b0698106a7454","kind":"field","name":"units"}}
contract	sha256:910a08cdcd6994018813f0e75f765686a9755b7a9ac2c3566e775700d705911c	{"expectation":"prove","kind":"field-origin","subject":{"direction":"output","interface":"result","ir_document_digest":"sha256:94fa4434bd9960a82fe9fdfc3bbc7df9201437aa7a7901eb1a4b0698106a7454","kind":"field","name":"units"}}
contract	sha256:94921b972824defe4ea51c60b1e369858dedacfaef1b7546c9a2f73e4181dff3	{"expectation":"prove","kind":"contract-guarantee","subject":{"id":"sha256:26ba44d98d4daa4283af0caf6e4bdb81d120cf22e41690ca21085a51af1b8079","ir_document_digest":"sha256:94fa4434bd9960a82fe9fdfc3bbc7df9201437aa7a7901eb1a4b0698106a7454","kind":"contract"}}
contract	sha256:9ddfbda4ee974b0bb731a35b97f1c05e611d408e9d159400f82de73d324e6bda	{"expectation":"prove","kind":"field-origin","subject":{"direction":"output","interface":"result","ir_document_digest":"sha256:94fa4434bd9960a82fe9fdfc3bbc7df9201437aa7a7901eb1a4b0698106a7454","kind":"field","name":"𐀀"}}
contract	sha256:a04eb48e6dbf592f2079039d3e2236f751b2ae3ed11b725175e648712df04142	{"expectation":"prove","kind":"effect-empty","subject":{"ir_document_digest":"sha256:94fa4434bd9960a82fe9fdfc3bbc7df9201437aa7a7901eb1a4b0698106a7454","kind":"program"}}
contract	sha256:a608b0d189533dba11812ece485908db8fea505d8b2549cc2b552e765561880f	{"expectation":"prove","kind":"numeric-range","subject":{"id":"sha256:670c290d60bfd4c36e0a59e9d114ff890e80165d378e67300d3f750123fce347","ir_document_digest":"sha256:94fa4434bd9960a82fe9fdfc3bbc7df9201437aa7a7901eb1a4b0698106a7454","kind":"contract-path","path":["expression","right","value"]}}
contract	sha256:aba216b0dd85df16aabbc60d61a3e545b94b64a556ef77f9d4756112bb905006	{"expectation":"prove","kind":"key-cardinality","subject":{"id":"sha256:e4637f34952294793f768965d0ff9917f550f318f66ff76e974dbcc7c6c9a5e7","ir_document_digest":"sha256:94fa4434bd9960a82fe9fdfc3bbc7df9201437aa7a7901eb1a4b0698106a7454","kind":"node"}}
contract	sha256:ac81367a36f6225db10f54f7ff477ccce259e1b79311e9fc1ee0ea0847a5740b	{"expectation":"prove","kind":"field-origin","subject":{"direction":"output","interface":"𐀀","ir_document_digest":"sha256:94fa4434bd9960a82fe9fdfc3bbc7df9201437aa7a7901eb1a4b0698106a7454","kind":"field","name":""}}
contract	sha256:b3960d0bbb63595aaa80b65b08c9c83f3d4ea41381c9b1206361861ac255f293	{"expectation":"prove","kind":"field-origin","subject":{"direction":"output","interface":"𐀀","ir_document_digest":"sha256:94fa4434bd9960a82fe9fdfc3bbc7df9201437aa7a7901eb1a4b0698106a7454","kind":"field","name":"units"}}
contract	sha256:b76d7c966c9ac8823c547241c697c5be00d940264566896ba164d9f1059e4a03	{"expectation":"prove","kind":"contract-guarantee","subject":{"id":"sha256:a6ff6c9461dcd087e796ffe7c1a81c1c9e75ae5c6b4c6d2af849bb63dd61ac54","ir_document_digest":"sha256:94fa4434bd9960a82fe9fdfc3bbc7df9201437aa7a7901eb1a4b0698106a7454","kind":"contract"}}
contract	sha256:ba81da247c90d79648f8378fbbfbcebecca661ddfaea7e8f80dddce78507030f	{"expectation":"prove","kind":"field-origin","subject":{"direction":"output","interface":"result","ir_document_digest":"sha256:94fa4434bd9960a82fe9fdfc3bbc7df9201437aa7a7901eb1a4b0698106a7454","kind":"field","name":""}}
contract	sha256:ba93c242c7e65b7a719bba1c2b35427c905512368f9195552779190ba6d4a845	{"expectation":"prove","kind":"field-origin","subject":{"direction":"output","interface":"é","ir_document_digest":"sha256:94fa4434bd9960a82fe9fdfc3bbc7df9201437aa7a7901eb1a4b0698106a7454","kind":"field","name":"flag"}}
contract	sha256:bb235f0777b90a7efcef485f840d30e8c40c8ebad014f1c5f4ffc6452f9c1f79	{"expectation":"prove","kind":"numeric-range","subject":{"id":"sha256:790a1a3b9f15a8e0c7ca671e0484f266534de2a396402d3360827cb79d8f38f6","ir_document_digest":"sha256:94fa4434bd9960a82fe9fdfc3bbc7df9201437aa7a7901eb1a4b0698106a7454","kind":"contract-path","path":["expression","left"]}}
contract	sha256:bcb9ba68fe346f15d3f5ec40bb5bf651e47a4fafedb7a88fe27829f3e62ab6c4	{"expectation":"prove","kind":"field-origin","subject":{"direction":"output","interface":"","ir_document_digest":"sha256:94fa4434bd9960a82fe9fdfc3bbc7df9201437aa7a7901eb1a4b0698106a7454","kind":"field","name":"𐀀"}}
contract	sha256:bfbc474bfe3da48ab290dad03a4af47dc57f189a383e732d760c61ebeb7fe5c1	{"expectation":"check","kind":"ir-structure","subject":{"ir_document_digest":"sha256:94fa4434bd9960a82fe9fdfc3bbc7df9201437aa7a7901eb1a4b0698106a7454","kind":"document"}}
contract	sha256:c18487104ad0cd2e7bf00b8a7f37ecb8a974632c062c569a291cdfe093846acb	{"expectation":"prove","kind":"field-origin","subject":{"direction":"output","interface":"𐀀","ir_document_digest":"sha256:94fa4434bd9960a82fe9fdfc3bbc7df9201437aa7a7901eb1a4b0698106a7454","kind":"field","name":"flag"}}
contract	sha256:c6dd7fdfa044a6341688d09f46cae6d1d0e6fca21595c07715a0bd1f32174491	{"expectation":"prove","kind":"field-origin","subject":{"direction":"output","interface":"é","ir_document_digest":"sha256:94fa4434bd9960a82fe9fdfc3bbc7df9201437aa7a7901eb1a4b0698106a7454","kind":"field","name":""}}
contract	sha256:cd215f575e1d9267559631b3008b242da8513dc112ef4f8bdb8364389224c65d	{"expectation":"prove","kind":"contract-guarantee","subject":{"id":"sha256:06bc897c4f4374c23d70c71aa1d785e48fe8a8651c9cc86c230299b38fcd6089","ir_document_digest":"sha256:94fa4434bd9960a82fe9fdfc3bbc7df9201437aa7a7901eb1a4b0698106a7454","kind":"contract"}}
contract	sha256:ce4c990bd34522f118070cb899ec8652851c0a8401c95a76c6edfc5cfedca241	{"expectation":"prove","kind":"field-origin","subject":{"direction":"output","interface":"é","ir_document_digest":"sha256:94fa4434bd9960a82fe9fdfc3bbc7df9201437aa7a7901eb1a4b0698106a7454","kind":"field","name":""}}
contract	sha256:d22be8384221a50576ccdad453a1b9a2fea5a6e862f6328b557f9097a5b0e8b4	{"expectation":"prove","kind":"contract-guarantee","subject":{"id":"sha256:670c290d60bfd4c36e0a59e9d114ff890e80165d378e67300d3f750123fce347","ir_document_digest":"sha256:94fa4434bd9960a82fe9fdfc3bbc7df9201437aa7a7901eb1a4b0698106a7454","kind":"contract"}}
contract	sha256:da8809250310cdac25125067f12953cfbbf45cb92356a0d904ebf22251de82ec	{"expectation":"prove","kind":"row-coverage","subject":{"id":"sha256:e4637f34952294793f768965d0ff9917f550f318f66ff76e974dbcc7c6c9a5e7","ir_document_digest":"sha256:94fa4434bd9960a82fe9fdfc3bbc7df9201437aa7a7901eb1a4b0698106a7454","kind":"node"}}
contract	sha256:ddeb16f9cc9f601757974c71e152f9aaf29d8cf3501f027f0ba798e3d4dfc1cc	{"expectation":"prove","kind":"numeric-range","subject":{"id":"sha256:670c290d60bfd4c36e0a59e9d114ff890e80165d378e67300d3f750123fce347","ir_document_digest":"sha256:94fa4434bd9960a82fe9fdfc3bbc7df9201437aa7a7901eb1a4b0698106a7454","kind":"contract-path","path":["expression","right"]}}
contract	sha256:de2e9e5598d1d903add6a0419dfc7d8c5aa5cf0bdf5c5ba8e855091f7cd326ba	{"expectation":"prove","kind":"field-origin","subject":{"direction":"output","interface":"é","ir_document_digest":"sha256:94fa4434bd9960a82fe9fdfc3bbc7df9201437aa7a7901eb1a4b0698106a7454","kind":"field","name":"𐀀"}}
contract	sha256:f367ad1bccff9430785b76672aad457684a8690f66b0bd0a68e8352cc40b2e04	{"expectation":"prove","kind":"contract-guarantee","subject":{"id":"sha256:2a7a3b6b18a5aa09b04720e6cb9b4901b6b12ac31e29b64153a54f074c13a282","ir_document_digest":"sha256:94fa4434bd9960a82fe9fdfc3bbc7df9201437aa7a7901eb1a4b0698106a7454","kind":"contract"}}
contract	sha256:fd2b1f17705f569c9490b0b745ff44694af25abb73d93de91a4e4a3c441df780	{"expectation":"prove","kind":"totality","subject":{"id":"sha256:e4637f34952294793f768965d0ff9917f550f318f66ff76e974dbcc7c6c9a5e7","ir_document_digest":"sha256:94fa4434bd9960a82fe9fdfc3bbc7df9201437aa7a7901eb1a4b0698106a7454","kind":"node"}}
type	sha256:14a63b72a7af2fe4cccd6c9cfc468bbce0316026e775d7bf716582f8b3578f9f	{"expectation":"prove","kind":"field-origin","subject":{"direction":"output","interface":"引号\"\\/ ","ir_document_digest":"sha256:bee886b6093b46d939559a99d5fbcf70ef8537b24a6fb06c31994ccd592868a2","kind":"field","name":"key"}}
type	sha256:1ba5ccc061f01aa19e54ffcb987f473e2c4bd3e2269a2cbbae0d797a85f7cbfa	{"expectation":"prove","kind":"field-origin","subject":{"direction":"output","interface":"引号\"\\/ ","ir_document_digest":"sha256:bee886b6093b46d939559a99d5fbcf70ef8537b24a6fb06c31994ccd592868a2","kind":"field","name":"nested"}}
type	sha256:215bbfa195146f7f4d58350324a6e381e7cfba65a4c99541f0958b2e9c8069d0	{"expectation":"prove","kind":"field-origin","subject":{"direction":"output","interface":"","ir_document_digest":"sha256:bee886b6093b46d939559a99d5fbcf70ef8537b24a6fb06c31994ccd592868a2","kind":"field","name":"é"}}
type	sha256:244fe557ed6ee003c0e8342f9f9a43488114a2abb39b961065ac4ceb8d29c139	{"expectation":"prove","kind":"field-origin","subject":{"direction":"output","interface":"𐀀","ir_document_digest":"sha256:bee886b6093b46d939559a99d5fbcf70ef8537b24a6fb06c31994ccd592868a2","kind":"field","name":"𐀀"}}
type	sha256:29e40bf23cfb76fc23b774c8562ae33ddaf8ae7bdae65ee6da242b240e2cd933	{"expectation":"prove","kind":"field-origin","subject":{"direction":"output","interface":"引号\"\\/ ","ir_document_digest":"sha256:bee886b6093b46d939559a99d5fbcf70ef8537b24a6fb06c31994ccd592868a2","kind":"field","name":"amount"}}
type	sha256:3bf93dda7ac62b8da6c1e214f0539a0bb8dbbbdb8ba2e65c96684b2b7ab50adb	{"expectation":"check","kind":"ir-structure","subject":{"ir_document_digest":"sha256:bee886b6093b46d939559a99d5fbcf70ef8537b24a6fb06c31994ccd592868a2","kind":"document"}}
type	sha256:4cf2736a02503d407d8ccc623c2347d1db3d4ad980d086c76bc5da3e10d268f0	{"expectation":"prove","kind":"field-origin","subject":{"direction":"output","interface":"","ir_document_digest":"sha256:bee886b6093b46d939559a99d5fbcf70ef8537b24a6fb06c31994ccd592868a2","kind":"field","name":"é"}}
type	sha256:6ae2bfc2e137d96ea29dd1b213e02fdab3ca762fb4e0294f43c5d9a25841fa82	{"expectation":"prove","kind":"field-origin","subject":{"direction":"output","interface":"𐀀","ir_document_digest":"sha256:bee886b6093b46d939559a99d5fbcf70ef8537b24a6fb06c31994ccd592868a2","kind":"field","name":"é"}}
type	sha256:764d650b761b5e2747011d873e1b6e093c7d1e7e72c14cb7e749b35324efa551	{"expectation":"prove","kind":"field-origin","subject":{"direction":"output","interface":"","ir_document_digest":"sha256:bee886b6093b46d939559a99d5fbcf70ef8537b24a6fb06c31994ccd592868a2","kind":"field","name":"𐀀"}}
type	sha256:7ca2fe6ea5a1646b2d1d4e13d453c1f267ceddccf2a8408913d700ec7a704a7f	{"expectation":"prove","kind":"field-origin","subject":{"direction":"output","interface":"𐀀","ir_document_digest":"sha256:bee886b6093b46d939559a99d5fbcf70ef8537b24a6fb06c31994ccd592868a2","kind":"field","name":"é"}}
type	sha256:82e315c83e514a7791e34ad3fdb24e60d0ae46872acac8a25bfe7fc6b5708ec6	{"expectation":"prove","kind":"field-origin","subject":{"direction":"output","interface":"引号\"\\/ ","ir_document_digest":"sha256:bee886b6093b46d939559a99d5fbcf70ef8537b24a6fb06c31994ccd592868a2","kind":"field","name":"optional"}}
type	sha256:8e77e12e5217af1777d5a37d5073a219505a99583e6f0e5c1302802bb373f96a	{"expectation":"prove","kind":"field-origin","subject":{"direction":"output","interface":"引号\"\\/ ","ir_document_digest":"sha256:bee886b6093b46d939559a99d5fbcf70ef8537b24a6fb06c31994ccd592868a2","kind":"field","name":"flag"}}
type	sha256:957f73f002b26835542c3bc5575fb3fb97e7df216a9b61f8d514125f7dc6ee76	{"expectation":"prove","kind":"field-origin","subject":{"direction":"output","interface":"引号\"\\/ ","ir_document_digest":"sha256:bee886b6093b46d939559a99d5fbcf70ef8537b24a6fb06c31994ccd592868a2","kind":"field","name":"fixed"}}
type	sha256:a718c850d4a9d942547e2edfd344fa93eb485449ad8c6228761992cde64bd06d	{"expectation":"prove","kind":"effect-empty","subject":{"ir_document_digest":"sha256:bee886b6093b46d939559a99d5fbcf70ef8537b24a6fb06c31994ccd592868a2","kind":"program"}}
type	sha256:c2bf725a6895fdaa36005c1b5c66da6e2d09937264c648aa3bcba0c8e1f388f8	{"expectation":"prove","kind":"field-origin","subject":{"direction":"output","interface":"","ir_document_digest":"sha256:bee886b6093b46d939559a99d5fbcf70ef8537b24a6fb06c31994ccd592868a2","kind":"field","name":""}}
type	sha256:eefeb65da233a2581e2e65e9b9d3a6968ecc5f4becfc91c9d8622e21931060cc	{"expectation":"prove","kind":"field-origin","subject":{"direction":"output","interface":"𐀀","ir_document_digest":"sha256:bee886b6093b46d939559a99d5fbcf70ef8537b24a6fb06c31994ccd592868a2","kind":"field","name":""}}
type	sha256:fc0280a2516b1c86e30d845c78cb46165b3c4af8a7d4369fcf179e8319df7894	{"expectation":"prove","kind":"field-origin","subject":{"direction":"output","interface":"引号\"\\/ ","ir_document_digest":"sha256:bee886b6093b46d939559a99d5fbcf70ef8537b24a6fb06c31994ccd592868a2","kind":"field","name":"state"}}
deep-binders	sha256:0d8cc264442c0672249c122e9970c7746ddb8ef36ec81babcfae89e66f1bdab8	{"expectation":"prove","kind":"field-origin","subject":{"direction":"output","interface":"引号\"\\/ ","ir_document_digest":"sha256:e7f3c0486072dd8b5a50ea4da0b261f3722cba1115f74f89ebc0aad5699a069c","kind":"field","name":"state"}}
deep-binders	sha256:205f028579d6116805f7a17757fbfb36a43d64c0fd30a50fe1f70d562d70fe97	{"expectation":"prove","kind":"field-origin","subject":{"direction":"output","interface":"𐀀","ir_document_digest":"sha256:e7f3c0486072dd8b5a50ea4da0b261f3722cba1115f74f89ebc0aad5699a069c","kind":"field","name":"é"}}
deep-binders	sha256:260c95644548cbd6f2bb336cd271a240ab26ae23b267f22c327aa18165e02b84	{"expectation":"prove","kind":"field-origin","subject":{"direction":"output","interface":"","ir_document_digest":"sha256:e7f3c0486072dd8b5a50ea4da0b261f3722cba1115f74f89ebc0aad5699a069c","kind":"field","name":"é"}}
deep-binders	sha256:2dfc2392aa158952481301034d87f1d605c60d2bbcadc8085ed22e2b7c1c8287	{"expectation":"prove","kind":"field-origin","subject":{"direction":"output","interface":"𐀀","ir_document_digest":"sha256:e7f3c0486072dd8b5a50ea4da0b261f3722cba1115f74f89ebc0aad5699a069c","kind":"field","name":"𐀀"}}
deep-binders	sha256:2f5740083062958ea5ef9473bbc9558401b309b68d650ca4ba3ff937bab9ea16	{"expectation":"prove","kind":"field-origin","subject":{"direction":"output","interface":"引号\"\\/ ","ir_document_digest":"sha256:e7f3c0486072dd8b5a50ea4da0b261f3722cba1115f74f89ebc0aad5699a069c","kind":"field","name":"key"}}
deep-binders	sha256:367470c7e80940a430c66e47d0f31b2bb838a6520a062e2e8d2fd903e4e99c77	{"expectation":"prove","kind":"field-origin","subject":{"direction":"output","interface":"𐀀","ir_document_digest":"sha256:e7f3c0486072dd8b5a50ea4da0b261f3722cba1115f74f89ebc0aad5699a069c","kind":"field","name":""}}
deep-binders	sha256:4e8ebf1614eee5fccd37670d7a54fefc2c9c242dd39cbdeb6c806f6e3afd9a0c	{"expectation":"prove","kind":"field-origin","subject":{"direction":"output","interface":"引号\"\\/ ","ir_document_digest":"sha256:e7f3c0486072dd8b5a50ea4da0b261f3722cba1115f74f89ebc0aad5699a069c","kind":"field","name":"optional"}}
deep-binders	sha256:653e9e05f77e666a79477859d2c4747db91ed19010a5297fc64c6bc42e78b1bf	{"expectation":"prove","kind":"field-origin","subject":{"direction":"output","interface":"𐀀","ir_document_digest":"sha256:e7f3c0486072dd8b5a50ea4da0b261f3722cba1115f74f89ebc0aad5699a069c","kind":"field","name":"é"}}
deep-binders	sha256:71c92093e72c6d02b7259a7af0a134754e18e2c9b8166ad1767c0eb7bbc187bd	{"expectation":"prove","kind":"field-origin","subject":{"direction":"output","interface":"引号\"\\/ ","ir_document_digest":"sha256:e7f3c0486072dd8b5a50ea4da0b261f3722cba1115f74f89ebc0aad5699a069c","kind":"field","name":"nested"}}
deep-binders	sha256:921595bcefb458c85ae913e197dc9494c2aa1ae6014b480d2a16ac7857185691	{"expectation":"prove","kind":"field-origin","subject":{"direction":"output","interface":"引号\"\\/ ","ir_document_digest":"sha256:e7f3c0486072dd8b5a50ea4da0b261f3722cba1115f74f89ebc0aad5699a069c","kind":"field","name":"fixed"}}
deep-binders	sha256:a3d12c737039fb361f9c5b2413532c0c50161f733f9532b6c79e2b871319cce1	{"expectation":"prove","kind":"field-origin","subject":{"direction":"output","interface":"","ir_document_digest":"sha256:e7f3c0486072dd8b5a50ea4da0b261f3722cba1115f74f89ebc0aad5699a069c","kind":"field","name":""}}
deep-binders	sha256:af7ff85eb90dcf2670031d0ecb93a03f14d9b956eb3af82ef186878d438ae51f	{"expectation":"prove","kind":"field-origin","subject":{"direction":"output","interface":"","ir_document_digest":"sha256:e7f3c0486072dd8b5a50ea4da0b261f3722cba1115f74f89ebc0aad5699a069c","kind":"field","name":"é"}}
deep-binders	sha256:b8388b875a9d5851fbae0f87631e3ada4305f2f18c76826ae503beed8353e17e	{"expectation":"check","kind":"ir-structure","subject":{"ir_document_digest":"sha256:e7f3c0486072dd8b5a50ea4da0b261f3722cba1115f74f89ebc0aad5699a069c","kind":"document"}}
deep-binders	sha256:bd0cf044bb82d5b006b0701e629ca0e346b62717f05518384010f7f919732798	{"expectation":"prove","kind":"field-origin","subject":{"direction":"output","interface":"","ir_document_digest":"sha256:e7f3c0486072dd8b5a50ea4da0b261f3722cba1115f74f89ebc0aad5699a069c","kind":"field","name":"𐀀"}}
deep-binders	sha256:c9360b17af67d6d97a76b897be1d2316172adb912cd2e1498fc621567702d406	{"expectation":"prove","kind":"field-origin","subject":{"direction":"output","interface":"引号\"\\/ ","ir_document_digest":"sha256:e7f3c0486072dd8b5a50ea4da0b261f3722cba1115f74f89ebc0aad5699a069c","kind":"field","name":"flag"}}
deep-binders	sha256:f38a83edf26227d3d4f660e99317728475fa39ff50513bcfe2c6e20ef62a594f	{"expectation":"prove","kind":"field-origin","subject":{"direction":"output","interface":"引号\"\\/ ","ir_document_digest":"sha256:e7f3c0486072dd8b5a50ea4da0b261f3722cba1115f74f89ebc0aad5699a069c","kind":"field","name":"amount"}}
deep-binders	sha256:fdd398fd2401e5d8b820c37cb27ddb82629015059b71b5e8ee61419a1ca7b74c	{"expectation":"prove","kind":"effect-empty","subject":{"ir_document_digest":"sha256:e7f3c0486072dd8b5a50ea4da0b261f3722cba1115f74f89ebc0aad5699a069c","kind":"program"}}
mixed-int-ranges	sha256:00391d97aadec639c26f2d5903a2d6d5603aa64f975bd1f597e9b69525712a8b	{"expectation":"prove","kind":"field-origin","subject":{"direction":"output","interface":"result","ir_document_digest":"sha256:1012e5625a10e873ad7f3b877b1e27530b7f974928651b2a98049699189e6b0f","kind":"field","name":"low"}}
mixed-int-ranges	sha256:36080fec83b63d67a03d21d1463551f895ad58aae33113961979f5f3ce7cc395	{"expectation":"prove","kind":"field-origin","subject":{"direction":"output","interface":"result","ir_document_digest":"sha256:1012e5625a10e873ad7f3b877b1e27530b7f974928651b2a98049699189e6b0f","kind":"field","name":"key"}}
mixed-int-ranges	sha256:46a275e3852cd7b9486a4636be567d18c792a8865fa91eb553c0c1a8730b6a50	{"expectation":"prove","kind":"row-coverage","subject":{"id":"sha256:ffc7045645b884c8b339383887e490244541917a750eef2e411d165873f690df","ir_document_digest":"sha256:1012e5625a10e873ad7f3b877b1e27530b7f974928651b2a98049699189e6b0f","kind":"node"}}
mixed-int-ranges	sha256:46c0f9091c7e8e70fe1f552b8e66b1e3fb0d60996ffd966c8cec5d609b3808fe	{"expectation":"prove","kind":"effect-empty","subject":{"ir_document_digest":"sha256:1012e5625a10e873ad7f3b877b1e27530b7f974928651b2a98049699189e6b0f","kind":"program"}}
mixed-int-ranges	sha256:4f09d066568b86ad6fbe26acae06c88b9136631ab1c00082b1c315459552818e	{"expectation":"prove","kind":"field-origin","subject":{"direction":"output","interface":"result","ir_document_digest":"sha256:1012e5625a10e873ad7f3b877b1e27530b7f974928651b2a98049699189e6b0f","kind":"field","name":"high"}}
mixed-int-ranges	sha256:a3e7c22503f70cd6e4c2a523fbb35164a81ad5d85b8376506a9254968f6fc66f	{"expectation":"prove","kind":"contract-guarantee","subject":{"id":"sha256:6fbfdfd312acda2e503897bdacab09e402a48f31489e6f49b4c3f24e64cc637c","ir_document_digest":"sha256:1012e5625a10e873ad7f3b877b1e27530b7f974928651b2a98049699189e6b0f","kind":"contract"}}
mixed-int-ranges	sha256:bcd722d0360f8d7a8630cd83c95ce11c325e9ab6f972e081a862cfe83a1ed922	{"expectation":"check","kind":"ir-structure","subject":{"ir_document_digest":"sha256:1012e5625a10e873ad7f3b877b1e27530b7f974928651b2a98049699189e6b0f","kind":"document"}}
mixed-int-ranges	sha256:c58279c32e5d26f1e3eb534d0be9bd938f1070e636062aba1349af34600f49c5	{"expectation":"prove","kind":"totality","subject":{"id":"sha256:ffc7045645b884c8b339383887e490244541917a750eef2e411d165873f690df","ir_document_digest":"sha256:1012e5625a10e873ad7f3b877b1e27530b7f974928651b2a98049699189e6b0f","kind":"node"}}
mixed-int-ranges	sha256:d8d3293b8be792545f005e963ab95a2cfc3b2961a438f92ac4fb8e5e1618bde6	{"expectation":"prove","kind":"key-cardinality","subject":{"id":"sha256:ffc7045645b884c8b339383887e490244541917a750eef2e411d165873f690df","ir_document_digest":"sha256:1012e5625a10e873ad7f3b877b1e27530b7f974928651b2a98049699189e6b0f","kind":"node"}}
unicode-nfc	sha256:09a95fd54000cabd546c80352d65eaa9fcfd56014868ab4884a67cc1f2e5fa86	{"expectation":"prove","kind":"field-origin","subject":{"direction":"output","interface":"","ir_document_digest":"sha256:67386b2b07293e6eb954a8ec0419c38a554840c9a74abd09caa9290c76d1c2c5","kind":"field","name":"é"}}
unicode-nfc	sha256:3b4e45cd39174c4415eaf503ec091e5a74831b78ad7bc7bb5c26e1ff2eb63054	{"expectation":"prove","kind":"field-origin","subject":{"direction":"output","interface":"引号\"\\/ ","ir_document_digest":"sha256:67386b2b07293e6eb954a8ec0419c38a554840c9a74abd09caa9290c76d1c2c5","kind":"field","name":"nested"}}
unicode-nfc	sha256:7bd01dd693d9c4a60ac6463b8f57d357096c6ca05ae229be0970d32a762b7022	{"expectation":"prove","kind":"field-origin","subject":{"direction":"output","interface":"é","ir_document_digest":"sha256:67386b2b07293e6eb954a8ec0419c38a554840c9a74abd09caa9290c76d1c2c5","kind":"field","name":"é"}}
unicode-nfc	sha256:9201d095a8b5ffbd884449c55afe9401f38397298055e52bb18516c17456052e	{"expectation":"prove","kind":"field-origin","subject":{"direction":"output","interface":"引号\"\\/ ","ir_document_digest":"sha256:67386b2b07293e6eb954a8ec0419c38a554840c9a74abd09caa9290c76d1c2c5","kind":"field","name":"optional"}}
unicode-nfc	sha256:95d0f43401a40c6e7cc7103243a6bc9c5a7cbfd8bbc079b75d7f42e0353cbe72	{"expectation":"prove","kind":"field-origin","subject":{"direction":"output","interface":"引号\"\\/ ","ir_document_digest":"sha256:67386b2b07293e6eb954a8ec0419c38a554840c9a74abd09caa9290c76d1c2c5","kind":"field","name":"key"}}
unicode-nfc	sha256:98ff3e855877d8d765d7bd8c46589e112870a537e9ded5a0a8e1ce53dedfed0e	{"expectation":"prove","kind":"effect-empty","subject":{"ir_document_digest":"sha256:67386b2b07293e6eb954a8ec0419c38a554840c9a74abd09caa9290c76d1c2c5","kind":"program"}}
unicode-nfc	sha256:af3a0e26fc73d84edf51e59cb7b472ca089f00a054b7ad7840e38b54be0f9b03	{"expectation":"prove","kind":"field-origin","subject":{"direction":"output","interface":"","ir_document_digest":"sha256:67386b2b07293e6eb954a8ec0419c38a554840c9a74abd09caa9290c76d1c2c5","kind":"field","name":""}}
unicode-nfc	sha256:b3743527867f6b60306f64ca1967c85f4794ee168d348b2aa5afd5ffe362564f	{"expectation":"prove","kind":"field-origin","subject":{"direction":"output","interface":"引号\"\\/ ","ir_document_digest":"sha256:67386b2b07293e6eb954a8ec0419c38a554840c9a74abd09caa9290c76d1c2c5","kind":"field","name":"fixed"}}
unicode-nfc	sha256:be9f6ebde91cfddba07c4ba8b5646e1b99d01415ffa0eedabdc61f1554df114d	{"expectation":"prove","kind":"field-origin","subject":{"direction":"output","interface":"引号\"\\/ ","ir_document_digest":"sha256:67386b2b07293e6eb954a8ec0419c38a554840c9a74abd09caa9290c76d1c2c5","kind":"field","name":"amount"}}
unicode-nfc	sha256:d1660c88a59f8fe18dd2ca696b142cd2a4f140801dd388d7cb2bd612c6567f0c	{"expectation":"check","kind":"ir-structure","subject":{"ir_document_digest":"sha256:67386b2b07293e6eb954a8ec0419c38a554840c9a74abd09caa9290c76d1c2c5","kind":"document"}}
unicode-nfc	sha256:d47b3d705106f61b30ce87e1c255b77875d0166b42e84b1ff8f6342f9b3ac2fb	{"expectation":"prove","kind":"field-origin","subject":{"direction":"output","interface":"é","ir_document_digest":"sha256:67386b2b07293e6eb954a8ec0419c38a554840c9a74abd09caa9290c76d1c2c5","kind":"field","name":"é"}}
unicode-nfc	sha256:d4e435209cacd51d23527aa3fa595138c8c2b6eb5d2b594e94c5d8c75a3b8a52	{"expectation":"prove","kind":"field-origin","subject":{"direction":"output","interface":"é","ir_document_digest":"sha256:67386b2b07293e6eb954a8ec0419c38a554840c9a74abd09caa9290c76d1c2c5","kind":"field","name":"𐀀"}}
unicode-nfc	sha256:d6b8fa6ab5df18434b66b40f77b15e4ccbae4d7d7d3554ba2332bdc7144c3b38	{"expectation":"prove","kind":"field-origin","subject":{"direction":"output","interface":"","ir_document_digest":"sha256:67386b2b07293e6eb954a8ec0419c38a554840c9a74abd09caa9290c76d1c2c5","kind":"field","name":"é"}}
unicode-nfc	sha256:ed208f11ac5a43b70062d8ab7059ee925824493df515a2b29c55b2a3e89e62ae	{"expectation":"prove","kind":"field-origin","subject":{"direction":"output","interface":"引号\"\\/ ","ir_document_digest":"sha256:67386b2b07293e6eb954a8ec0419c38a554840c9a74abd09caa9290c76d1c2c5","kind":"field","name":"flag"}}
unicode-nfc	sha256:f27343a3c7ce2a877c49b6d51314e63a6368f4eeacea97111c459a80e35b68c9	{"expectation":"prove","kind":"field-origin","subject":{"direction":"output","interface":"","ir_document_digest":"sha256:67386b2b07293e6eb954a8ec0419c38a554840c9a74abd09caa9290c76d1c2c5","kind":"field","name":"𐀀"}}
unicode-nfc	sha256:fb6446ea314871dc9f5b1de50cb283ee32dfa8ba4c1977b02a97fdc663bc922d	{"expectation":"prove","kind":"field-origin","subject":{"direction":"output","interface":"é","ir_document_digest":"sha256:67386b2b07293e6eb954a8ec0419c38a554840c9a74abd09caa9290c76d1c2c5","kind":"field","name":""}}
unicode-nfc	sha256:ff647bf1aedf8f083d9d9811d5bfa634928b048397ed7113cbcdccf2deea4da5	{"expectation":"prove","kind":"field-origin","subject":{"direction":"output","interface":"引号\"\\/ ","ir_document_digest":"sha256:67386b2b07293e6eb954a8ec0419c38a554840c9a74abd09caa9290c76d1c2c5","kind":"field","name":"state"}}
unicode-nfd	sha256:0cd7761445dea5cf0cd57f0d57734f0e0cf1a49304c9e0df1b7682efff97c075	{"expectation":"prove","kind":"field-origin","subject":{"direction":"output","interface":"引号\"\\/ ","ir_document_digest":"sha256:4de71cac5c228258331939bb395067499c3f62b01ccff4eba96933ff6b9c4ab9","kind":"field","name":"key"}}
unicode-nfd	sha256:293c7483aaf02fc17defec0cd0897517d90c6a9b2a6da3d84167a840fcebb3d0	{"expectation":"prove","kind":"field-origin","subject":{"direction":"output","interface":"é","ir_document_digest":"sha256:4de71cac5c228258331939bb395067499c3f62b01ccff4eba96933ff6b9c4ab9","kind":"field","name":"é"}}
unicode-nfd	sha256:2d1fd0fb936c432aaaa055a7b4d51012a7859fbdb7d7f30da23a5c426baf2dda	{"expectation":"prove","kind":"field-origin","subject":{"direction":"output","interface":"引号\"\\/ ","ir_document_digest":"sha256:4de71cac5c228258331939bb395067499c3f62b01ccff4eba96933ff6b9c4ab9","kind":"field","name":"flag"}}
unicode-nfd	sha256:30e404ea89fe9a755389bbcef60f38a4a3f666ab313946b7fd87c3d69287fb0f	{"expectation":"prove","kind":"field-origin","subject":{"direction":"output","interface":"引号\"\\/ ","ir_document_digest":"sha256:4de71cac5c228258331939bb395067499c3f62b01ccff4eba96933ff6b9c4ab9","kind":"field","name":"fixed"}}
unicode-nfd	sha256:3f855e4186c3962e605768f8667c134752282d29bad7ae33b4569e0b6560b539	{"expectation":"prove","kind":"effect-empty","subject":{"ir_document_digest":"sha256:4de71cac5c228258331939bb395067499c3f62b01ccff4eba96933ff6b9c4ab9","kind":"program"}}
unicode-nfd	sha256:5eaaf1f9b41da0c265561554c85ca618425bd34e65768d4211966a573aca003b	{"expectation":"prove","kind":"field-origin","subject":{"direction":"output","interface":"é","ir_document_digest":"sha256:4de71cac5c228258331939bb395067499c3f62b01ccff4eba96933ff6b9c4ab9","kind":"field","name":"é"}}
unicode-nfd	sha256:64c9e5b4298e9fa78615e05c2f2b7833c9082cde7094fb67333dd6e36ec8d943	{"expectation":"prove","kind":"field-origin","subject":{"direction":"output","interface":"引号\"\\/ ","ir_document_digest":"sha256:4de71cac5c228258331939bb395067499c3f62b01ccff4eba96933ff6b9c4ab9","kind":"field","name":"amount"}}
unicode-nfd	sha256:7254a0e13ac966db7e3f6067c6e1426e268ed67db85f4be104f0a6242ab08105	{"expectation":"prove","kind":"field-origin","subject":{"direction":"output","interface":"","ir_document_digest":"sha256:4de71cac5c228258331939bb395067499c3f62b01ccff4eba96933ff6b9c4ab9","kind":"field","name":""}}
unicode-nfd	sha256:77e02af7a44f09e65534cb780e905a7f43eaae7f88e5e4d20598eee45799ee3f	{"expectation":"prove","kind":"field-origin","subject":{"direction":"output","interface":"é","ir_document_digest":"sha256:4de71cac5c228258331939bb395067499c3f62b01ccff4eba96933ff6b9c4ab9","kind":"field","name":""}}
unicode-nfd	sha256:8fc4477022a6a02facd5230729ed9c8646d63a2d9a15b020813886e86b992c55	{"expectation":"prove","kind":"field-origin","subject":{"direction":"output","interface":"引号\"\\/ ","ir_document_digest":"sha256:4de71cac5c228258331939bb395067499c3f62b01ccff4eba96933ff6b9c4ab9","kind":"field","name":"nested"}}
unicode-nfd	sha256:9f1c8023aa3eaee7266899aae5529491cd699f644ce0d515c8b9ce092109d3bb	{"expectation":"prove","kind":"field-origin","subject":{"direction":"output","interface":"引号\"\\/ ","ir_document_digest":"sha256:4de71cac5c228258331939bb395067499c3f62b01ccff4eba96933ff6b9c4ab9","kind":"field","name":"state"}}
unicode-nfd	sha256:a0bacb2139a35221b1f1058ebf6f6449d7bb1fdd3f25c80c42b7ac5f6836daa5	{"expectation":"prove","kind":"field-origin","subject":{"direction":"output","interface":"","ir_document_digest":"sha256:4de71cac5c228258331939bb395067499c3f62b01ccff4eba96933ff6b9c4ab9","kind":"field","name":"é"}}
unicode-nfd	sha256:b1f50face4d3fa8c8f0211e3274c243d744240a50a945740a82df006c4f87e0d	{"expectation":"prove","kind":"field-origin","subject":{"direction":"output","interface":"é","ir_document_digest":"sha256:4de71cac5c228258331939bb395067499c3f62b01ccff4eba96933ff6b9c4ab9","kind":"field","name":"𐀀"}}
unicode-nfd	sha256:cb23c3a58a6887b5a445cad8a7ece3075d82529c80151faaf39b4bd2af71c910	{"expectation":"check","kind":"ir-structure","subject":{"ir_document_digest":"sha256:4de71cac5c228258331939bb395067499c3f62b01ccff4eba96933ff6b9c4ab9","kind":"document"}}
unicode-nfd	sha256:cbcdb1431c77818e40a67d046319e842d2093453155130c0fc1c6685c60c963e	{"expectation":"prove","kind":"field-origin","subject":{"direction":"output","interface":"引号\"\\/ ","ir_document_digest":"sha256:4de71cac5c228258331939bb395067499c3f62b01ccff4eba96933ff6b9c4ab9","kind":"field","name":"optional"}}
unicode-nfd	sha256:f3f4ba158db1a7b1aaf014e78055a6faa6ddb4b4b109fd585a540d94fcdb8a25	{"expectation":"prove","kind":"field-origin","subject":{"direction":"output","interface":"","ir_document_digest":"sha256:4de71cac5c228258331939bb395067499c3f62b01ccff4eba96933ff6b9c4ab9","kind":"field","name":"é"}}
unicode-nfd	sha256:f577a2064c8b01fc1f0d5190d97a1ab74d28a06e9ebe4fb51e16f122792b4de4	{"expectation":"prove","kind":"field-origin","subject":{"direction":"output","interface":"","ir_document_digest":"sha256:4de71cac5c228258331939bb395067499c3f62b01ccff4eba96933ff6b9c4ab9","kind":"field","name":"𐀀"}}
references	sha256:0f37f3427a168b6ece6862fae16f9f3fc769701389204e9a3fa562425197aed8	{"expectation":"prove","kind":"effect-empty","subject":{"ir_document_digest":"sha256:3d931a283cebf3442fd91a72ce93eb74f1ec642aec72f06cc76554672c81bbe8","kind":"program"}}
references	sha256:3ab9f0c1c41a1676887db85c4ff2592cd1c0fa90467c84e9e610f1b913f4a0c2	{"expectation":"prove","kind":"field-origin","subject":{"direction":"output","interface":"𐀀","ir_document_digest":"sha256:3d931a283cebf3442fd91a72ce93eb74f1ec642aec72f06cc76554672c81bbe8","kind":"field","name":"é"}}
references	sha256:4f840d2f781aa9ba3da44064cd9d0733dbb972e04c54bc8517c4e04559ceac0d	{"expectation":"prove","kind":"field-origin","subject":{"direction":"output","interface":"引号\"\\/ ","ir_document_digest":"sha256:3d931a283cebf3442fd91a72ce93eb74f1ec642aec72f06cc76554672c81bbe8","kind":"field","name":"flag"}}
references	sha256:55ec43a011d4e22dbb66014864bf803ed048100ecacb6a6fb0f2ab1516c4c373	{"expectation":"prove","kind":"field-origin","subject":{"direction":"output","interface":"𐀀","ir_document_digest":"sha256:3d931a283cebf3442fd91a72ce93eb74f1ec642aec72f06cc76554672c81bbe8","kind":"field","name":"𐀀"}}
references	sha256:572f936b6d1747660b5599f4f41b33d060ecd94172b56ea76b200e15852b59de	{"expectation":"prove","kind":"field-origin","subject":{"direction":"output","interface":"sha256:be090ac7d51dbdd91a4c2e1de1c8a9650c6abe9a38577edbff889a4ca5ec5a0c","ir_document_digest":"sha256:3d931a283cebf3442fd91a72ce93eb74f1ec642aec72f06cc76554672c81bbe8","kind":"field","name":""}}
references	sha256:5d04e498ae9b48184e0b7c39ba59bc31e55e67622b7f8eb217abc778b245f20d	{"expectation":"prove","kind":"field-origin","subject":{"direction":"output","interface":"sha256:be090ac7d51dbdd91a4c2e1de1c8a9650c6abe9a38577edbff889a4ca5ec5a0c","ir_document_digest":"sha256:3d931a283cebf3442fd91a72ce93eb74f1ec642aec72f06cc76554672c81bbe8","kind":"field","name":"é"}}
references	sha256:72a559e7c15aaa11afb585f2553dee5b13ad9b73bb7ea665a9609e870c6a41f4	{"expectation":"prove","kind":"field-origin","subject":{"direction":"output","interface":"引号\"\\/ ","ir_document_digest":"sha256:3d931a283cebf3442fd91a72ce93eb74f1ec642aec72f06cc76554672c81bbe8","kind":"field","name":"key"}}
references	sha256:76ba5541d44d13d241a8e8342dd49998b12e19d6b92e0cbc1dca735c94a248f6	{"expectation":"prove","kind":"field-origin","subject":{"direction":"output","interface":"sha256:be090ac7d51dbdd91a4c2e1de1c8a9650c6abe9a38577edbff889a4ca5ec5a0c","ir_document_digest":"sha256:3d931a283cebf3442fd91a72ce93eb74f1ec642aec72f06cc76554672c81bbe8","kind":"field","name":"é"}}
references	sha256:97c3b47adafdadff6abf1b044651137180485e81a38464b4b129ea1bdfe15b2c	{"expectation":"prove","kind":"field-origin","subject":{"direction":"output","interface":"𐀀","ir_document_digest":"sha256:3d931a283cebf3442fd91a72ce93eb74f1ec642aec72f06cc76554672c81bbe8","kind":"field","name":""}}
references	sha256:a7043539e2a5de41398183bbcddfcfd4013f16d63ba688eba45fb7d68ecedf72	{"expectation":"prove","kind":"field-origin","subject":{"direction":"output","interface":"引号\"\\/ ","ir_document_digest":"sha256:3d931a283cebf3442fd91a72ce93eb74f1ec642aec72f06cc76554672c81bbe8","kind":"field","name":"amount"}}
references	sha256:ae1adc7ba302610402db2bdbdfc0b3e6812eab94d8ea5490c581d0a43b426371	{"expectation":"prove","kind":"field-origin","subject":{"direction":"output","interface":"引号\"\\/ ","ir_document_digest":"sha256:3d931a283cebf3442fd91a72ce93eb74f1ec642aec72f06cc76554672c81bbe8","kind":"field","name":"state"}}
references	sha256:c50b61836b70a67d3b97bbb031456fe4488e0624ece2c07c547e509efd064608	{"expectation":"prove","kind":"contract-guarantee","subject":{"id":"sha256:a03e050d727ea2d03332ec6042674c163b2e0cb47d4216b20453604bbcf2e929","ir_document_digest":"sha256:3d931a283cebf3442fd91a72ce93eb74f1ec642aec72f06cc76554672c81bbe8","kind":"contract"}}
references	sha256:d298b6c1f40ea29c5d020d53e2634a7a8c274d4ecad17292637252486e5dbed5	{"expectation":"prove","kind":"field-origin","subject":{"direction":"output","interface":"引号\"\\/ ","ir_document_digest":"sha256:3d931a283cebf3442fd91a72ce93eb74f1ec642aec72f06cc76554672c81bbe8","kind":"field","name":"optional"}}
references	sha256:d580c8ba3677688c19452386f8c4d21db1890e3c03928d76546eb4326f8ef0af	{"expectation":"check","kind":"ir-structure","subject":{"ir_document_digest":"sha256:3d931a283cebf3442fd91a72ce93eb74f1ec642aec72f06cc76554672c81bbe8","kind":"document"}}
references	sha256:dd0791a9ada48ffae7fcec7e83d03c72e92a6f4ffafeb8417bc90c916c70bb0a	{"expectation":"prove","kind":"field-origin","subject":{"direction":"output","interface":"引号\"\\/ ","ir_document_digest":"sha256:3d931a283cebf3442fd91a72ce93eb74f1ec642aec72f06cc76554672c81bbe8","kind":"field","name":"fixed"}}
references	sha256:f10a733df306746437e2027f0d93559b8f830825bbfcd6ab03411a1e6e5ebbc5	{"expectation":"prove","kind":"field-origin","subject":{"direction":"output","interface":"sha256:be090ac7d51dbdd91a4c2e1de1c8a9650c6abe9a38577edbff889a4ca5ec5a0c","ir_document_digest":"sha256:3d931a283cebf3442fd91a72ce93eb74f1ec642aec72f06cc76554672c81bbe8","kind":"field","name":"𐀀"}}
references	sha256:f1d79b739535dbce06d565a9592dbb6a629e2efab6d1f7612567c55114082355	{"expectation":"prove","kind":"field-origin","subject":{"direction":"output","interface":"𐀀","ir_document_digest":"sha256:3d931a283cebf3442fd91a72ce93eb74f1ec642aec72f06cc76554672c81bbe8","kind":"field","name":"é"}}
references	sha256:f7d0a9f282ec9de44d9aacd079f05ff93023c2855671778b90117f33a7b67080	{"expectation":"prove","kind":"field-origin","subject":{"direction":"output","interface":"引号\"\\/ ","ir_document_digest":"sha256:3d931a283cebf3442fd91a72ce93eb74f1ec642aec72f06cc76554672c81bbe8","kind":"field","name":"nested"}}
records	sha256:1034340c7fef40da7a1490569632e897ec36092b72c5e79938160fec9e8046bc	{"expectation":"prove","kind":"key-cardinality","subject":{"id":"sha256:a47617ed5c85d4bcaf586711ed5d390c5a4d6f3b255ffe115d4153dc47954efb","ir_document_digest":"sha256:35698da212785dcaac4691334c549c6062a5659eec1d9c0a32da6c8aed32468a","kind":"node"}}
records	sha256:2f6519e4fa64fc3b936a182dac0271f7376d0c8513a21c44ff224214f11356fe	{"expectation":"prove","kind":"field-origin","subject":{"direction":"output","interface":"result","ir_document_digest":"sha256:35698da212785dcaac4691334c549c6062a5659eec1d9c0a32da6c8aed32468a","kind":"field","name":"built"}}
records	sha256:3a9904934a0f0d7344cd29505d3513415d5180bdfcda4450f6473adb0103c8bf	{"expectation":"prove","kind":"field-origin","subject":{"direction":"output","interface":"result","ir_document_digest":"sha256:35698da212785dcaac4691334c549c6062a5659eec1d9c0a32da6c8aed32468a","kind":"field","name":"maybe"}}
records	sha256:5c3d4ff0253d61a45fa9716c6067719ec6fda4cd519787534f2ae1fe39f435ef	{"expectation":"prove","kind":"totality","subject":{"id":"sha256:a47617ed5c85d4bcaf586711ed5d390c5a4d6f3b255ffe115d4153dc47954efb","ir_document_digest":"sha256:35698da212785dcaac4691334c549c6062a5659eec1d9c0a32da6c8aed32468a","kind":"node"}}
records	sha256:7a2f525b820909133b54b1e0adac8b14609f47b34e65f5fb03bbc54e0d44bf8a	{"expectation":"prove","kind":"contract-guarantee","subject":{"id":"sha256:8ccc484ef2bea5b36b7f8ec7cbed168bce08a9cfbdac69b467f6152c4a2ca231","ir_document_digest":"sha256:35698da212785dcaac4691334c549c6062a5659eec1d9c0a32da6c8aed32468a","kind":"contract"}}
records	sha256:9bb66d3fec6aeb8a360cebbfba70dcc088c7d2aeb8e7c4e628bd334c1c055ccc	{"expectation":"prove","kind":"field-origin","subject":{"direction":"output","interface":"result","ir_document_digest":"sha256:35698da212785dcaac4691334c549c6062a5659eec1d9c0a32da6c8aed32468a","kind":"field","name":"key"}}
records	sha256:ca1a8f7de394ea83df4e389c82c1109a6242665e90fd7f033c3331c8080ebe1a	{"expectation":"prove","kind":"row-coverage","subject":{"id":"sha256:a47617ed5c85d4bcaf586711ed5d390c5a4d6f3b255ffe115d4153dc47954efb","ir_document_digest":"sha256:35698da212785dcaac4691334c549c6062a5659eec1d9c0a32da6c8aed32468a","kind":"node"}}
records	sha256:d49e715f8faf12170f5e40ac0940020c932ae60d20131920a3a95d4f668b3f06	{"expectation":"prove","kind":"field-origin","subject":{"direction":"output","interface":"result","ir_document_digest":"sha256:35698da212785dcaac4691334c549c6062a5659eec1d9c0a32da6c8aed32468a","kind":"field","name":"public"}}
records	sha256:e264d03ad068145c6e9dde93e75f5d578a04a295d6facb62e3ada22fbfa9bbec	{"expectation":"check","kind":"ir-structure","subject":{"ir_document_digest":"sha256:35698da212785dcaac4691334c549c6062a5659eec1d9c0a32da6c8aed32468a","kind":"document"}}
records	sha256:e73b50038505683f54cf29383dca5b6a1850c3d9147b5469a6caba70fa6cfa44	{"expectation":"prove","kind":"effect-empty","subject":{"ir_document_digest":"sha256:35698da212785dcaac4691334c549c6062a5659eec1d9c0a32da6c8aed32468a","kind":"program"}}
